datetime,date,hour,week,site,pm10,pm25
2024-11-01 01:00:00,2024-11-01,1,2024-10-29/2024-11-04,Keighley,6.2,5.2
2024-11-01 02:00:00,2024-11-01,2,2024-10-29/2024-11-04,Keighley,1.0,
2024-11-01 03:00:00,2024-11-01,3,2024-10-29/2024-11-04,Keighley,6.1,4.6
2024-11-01 04:00:00,2024-11-01,4,2024-10-29/2024-11-04,Keighley,5.8,4.2
2024-11-01 05:00:00,2024-11-01,5,2024-10-29/2024-11-04,Keighley,2.8,1.0
2024-11-01 06:00:00,2024-11-01,6,2024-10-29/2024-11-04,Keighley,9.6,8.3
2024-11-01 07:00:00,2024-11-01,7,2024-10-29/2024-11-04,Keighley,6.9,4.5
2024-11-01 08:00:00,2024-11-01,8,2024-10-29/2024-11-04,Keighley,11.6,10.5
2024-11-01 09:00:00,2024-11-01,9,2024-10-29/2024-11-04,Keighley,11.3,8.7
2024-11-01 10:00:00,2024-11-01,10,2024-10-29/2024-11-04,Keighley,11.3,6.0
2024-11-01 11:00:00,2024-11-01,11,2024-10-29/2024-11-04,Keighley,10.4,6.2
2024-11-01 12:00:00,2024-11-01,12,2024-10-29/2024-11-04,Keighley,9.3,4.4
2024-11-01 13:00:00,2024-11-01,13,2024-10-29/2024-11-04,Keighley,8.1,5.1
2024-11-01 14:00:00,2024-11-01,14,2024-10-29/2024-11-04,Keighley,8.9,5.5
2024-11-01 15:00:00,2024-11-01,15,2024-10-29/2024-11-04,Keighley,8.8,6.3
2024-11-01 16:00:00,2024-11-01,16,2024-10-29/2024-11-04,Keighley,4.7,1.1
2024-11-01 17:00:00,2024-11-01,17,2024-10-29/2024-11-04,Keighley,5.0,2.7
2024-11-01 18:00:00,2024-11-01,18,2024-10-29/2024-11-04,Keighley,9.4,5.9
2024-11-01 19:00:00,2024-11-01,19,2024-10-29/2024-11-04,Keighley,13.9,8.3
2024-11-01 20:00:00,2024-11-01,20,2024-10-29/2024-11-04,Keighley,23.5,17.1
2024-11-01 21:00:00,2024-11-01,21,2024-10-29/2024-11-04,Keighley,37.9,31.0
2024-11-01 22:00:00,2024-11-01,22,2024-10-29/2024-11-04,Keighley,22.9,19.3
2024-11-01 23:00:00,2024-11-01,23,2024-10-29/2024-11-04,Keighley,24.4,22.2
2024-11-02 00:00:00,2024-11-02,0,2024-10-29/2024-11-04,Keighley,21.4,19.4
2024-11-02 01:00:00,2024-11-02,1,2024-10-29/2024-11-04,Keighley,17.4,16.1
2024-11-02 02:00:00,2024-11-02,2,2024-10-29/2024-11-04,Keighley,14.2,12.1
2024-11-02 03:00:00,2024-11-02,3,2024-10-29/2024-11-04,Keighley,19.2,18.0
2024-11-02 04:00:00,2024-11-02,4,2024-10-29/2024-11-04,Keighley,18.3,16.9
2024-11-02 05:00:00,2024-11-02,5,2024-10-29/2024-11-04,Keighley,19.3,17.9
2024-11-02 06:00:00,2024-11-02,6,2024-10-29/2024-11-04,Keighley,16.9,15.2
2024-11-02 07:00:00,2024-11-02,7,2024-10-29/2024-11-04,Keighley,18.9,17.9
2024-11-02 08:00:00,2024-11-02,8,2024-10-29/2024-11-04,Keighley,15.9,15.2
2024-11-02 09:00:00,2024-11-02,9,2024-10-29/2024-11-04,Keighley,13.1,12.4
2024-11-02 10:00:00,2024-11-02,10,2024-10-29/2024-11-04,Keighley,17.5,16.6
2024-11-02 11:00:00,2024-11-02,11,2024-10-29/2024-11-04,Keighley,4.8,4.1
2024-11-02 12:00:00,2024-11-02,12,2024-10-29/2024-11-04,Keighley,9.9,5.1
2024-11-02 13:00:00,2024-11-02,13,2024-10-29/2024-11-04,Keighley,6.0,2.9
2024-11-02 14:00:00,2024-11-02,14,2024-10-29/2024-11-04,Keighley,12.4,5.6
2024-11-02 15:00:00,2024-11-02,15,2024-10-29/2024-11-04,Keighley,5.8,0.8
2024-11-02 16:00:00,2024-11-02,16,2024-10-29/2024-11-04,Keighley,14.2,10.3
2024-11-02 17:00:00,2024-11-02,17,2024-10-29/2024-11-04,Keighley,10.5,6.8
2024-11-02 18:00:00,2024-11-02,18,2024-10-29/2024-11-04,Keighley,17.9,15.7
2024-11-02 19:00:00,2024-11-02,19,2024-10-29/2024-11-04,Keighley,23.0,20.6
2024-11-02 20:00:00,2024-11-02,20,2024-10-29/2024-11-04,Keighley,14.5,13.9
2024-11-02 21:00:00,2024-11-02,21,2024-10-29/2024-11-04,Keighley,15.0,14.4
2024-11-02 22:00:00,2024-11-02,22,2024-10-29/2024-11-04,Keighley,11.5,10.3
2024-11-02 23:00:00,2024-11-02,23,2024-10-29/2024-11-04,Keighley,16.9,17.0
2024-11-03 00:00:00,2024-11-03,0,2024-10-29/2024-11-04,Keighley,13.8,13.3
2024-11-03 01:00:00,2024-11-03,1,2024-10-29/2024-11-04,Keighley,13.4,14.1
2024-11-03 02:00:00,2024-11-03,2,2024-10-29/2024-11-04,Keighley,9.5,8.9
2024-11-03 03:00:00,2024-11-03,3,2024-10-29/2024-11-04,Keighley,15.8,15.7
2024-11-03 04:00:00,2024-11-03,4,2024-10-29/2024-11-04,Keighley,12.1,10.8
2024-11-03 05:00:00,2024-11-03,5,2024-10-29/2024-11-04,Keighley,17.3,15.9
2024-11-03 06:00:00,2024-11-03,6,2024-10-29/2024-11-04,Keighley,16.3,15.5
2024-11-03 07:00:00,2024-11-03,7,2024-10-29/2024-11-04,Keighley,25.5,25.0
2024-11-03 08:00:00,2024-11-03,8,2024-10-29/2024-11-04,Keighley,36.0,35.3
2024-11-03 09:00:00,2024-11-03,9,2024-10-29/2024-11-04,Keighley,34.3,34.0
2024-11-03 10:00:00,2024-11-03,10,2024-10-29/2024-11-04,Keighley,19.9,18.6
2024-11-03 11:00:00,2024-11-03,11,2024-10-29/2024-11-04,Keighley,16.0,12.1
2024-11-03 12:00:00,2024-11-03,12,2024-10-29/2024-11-04,Keighley,7.5,4.7
2024-11-03 13:00:00,2024-11-03,13,2024-10-29/2024-11-04,Keighley,12.8,10.6
2024-11-03 14:00:00,2024-11-03,14,2024-10-29/2024-11-04,Keighley,11.3,9.6
2024-11-03 15:00:00,2024-11-03,15,2024-10-29/2024-11-04,Keighley,13.6,11.1
2024-11-03 16:00:00,2024-11-03,16,2024-10-29/2024-11-04,Keighley,9.5,8.1
2024-11-03 17:00:00,2024-11-03,17,2024-10-29/2024-11-04,Keighley,14.8,11.5
2024-11-03 18:00:00,2024-11-03,18,2024-10-29/2024-11-04,Keighley,17.2,15.3
2024-11-03 19:00:00,2024-11-03,19,2024-10-29/2024-11-04,Keighley,22.1,17.2
2024-11-03 20:00:00,2024-11-03,20,2024-10-29/2024-11-04,Keighley,24.3,17.5
2024-11-03 21:00:00,2024-11-03,21,2024-10-29/2024-11-04,Keighley,19.7,11.7
2024-11-03 22:00:00,2024-11-03,22,2024-10-29/2024-11-04,Keighley,27.8,18.9
2024-11-03 23:00:00,2024-11-03,23,2024-10-29/2024-11-04,Keighley,20.8,12.1
2024-11-04 00:00:00,2024-11-04,0,2024-10-29/2024-11-04,Keighley,18.7,10.6
2024-11-04 01:00:00,2024-11-04,1,2024-10-29/2024-11-04,Keighley,22.1,15.1
2024-11-04 02:00:00,2024-11-04,2,2024-10-29/2024-11-04,Keighley,15.9,8.2
2024-11-04 03:00:00,2024-11-04,3,2024-10-29/2024-11-04,Keighley,25.6,19.5
2024-11-04 04:00:00,2024-11-04,4,2024-10-29/2024-11-04,Keighley,19.1,12.8
2024-11-04 05:00:00,2024-11-04,5,2024-10-29/2024-11-04,Keighley,17.8,11.4
2024-11-04 06:00:00,2024-11-04,6,2024-10-29/2024-11-04,Keighley,15.0,8.4
2024-11-04 07:00:00,2024-11-04,7,2024-10-29/2024-11-04,Keighley,18.0,10.5
2024-11-04 08:00:00,2024-11-04,8,2024-10-29/2024-11-04,Keighley,18.0,10.2
2024-11-04 09:00:00,2024-11-04,9,2024-10-29/2024-11-04,Keighley,21.8,12.9
2024-11-04 10:00:00,2024-11-04,10,2024-10-29/2024-11-04,Keighley,20.1,12.1
2024-11-04 11:00:00,2024-11-04,11,2024-10-29/2024-11-04,Keighley,21.8,15.3
2024-11-04 12:00:00,2024-11-04,12,2024-10-29/2024-11-04,Keighley,27.3,18.8
2024-11-04 13:00:00,2024-11-04,13,2024-10-29/2024-11-04,Keighley,28.1,19.2
2024-11-04 14:00:00,2024-11-04,14,2024-10-29/2024-11-04,Keighley,24.8,19.0
2024-11-04 15:00:00,2024-11-04,15,2024-10-29/2024-11-04,Keighley,20.9,15.1
2024-11-04 16:00:00,2024-11-04,16,2024-10-29/2024-11-04,Keighley,33.4,24.3
2024-11-04 17:00:00,2024-11-04,17,2024-10-29/2024-11-04,Keighley,33.4,26.1
2024-11-04 18:00:00,2024-11-04,18,2024-10-29/2024-11-04,Keighley,25.8,19.0
2024-11-04 19:00:00,2024-11-04,19,2024-10-29/2024-11-04,Keighley,28.8,22.3
2024-11-04 20:00:00,2024-11-04,20,2024-10-29/2024-11-04,Keighley,34.4,28.9
2024-11-04 21:00:00,2024-11-04,21,2024-10-29/2024-11-04,Keighley,32.4,28.0
2024-11-04 22:00:00,2024-11-04,22,2024-10-29/2024-11-04,Keighley,32.3,29.4
2024-11-04 23:00:00,2024-11-04,23,2024-10-29/2024-11-04,Keighley,27.8,26.1
2024-11-05 00:00:00,2024-11-05,0,2024-11-05/2024-11-11,Keighley,30.6,29.3
2024-11-05 01:00:00,2024-11-05,1,2024-11-05/2024-11-11,Keighley,32.6,31.6
2024-11-05 02:00:00,2024-11-05,2,2024-11-05/2024-11-11,Keighley,33.5,32.4
2024-11-05 03:00:00,2024-11-05,3,2024-11-05/2024-11-11,Keighley,34.7,32.1
2024-11-05 04:00:00,2024-11-05,4,2024-11-05/2024-11-11,Keighley,40.1,37.8
2024-11-05 05:00:00,2024-11-05,5,2024-11-05/2024-11-11,Keighley,30.0,26.4
2024-11-05 06:00:00,2024-11-05,6,2024-11-05/2024-11-11,Keighley,28.8,25.0
2024-11-05 07:00:00,2024-11-05,7,2024-11-05/2024-11-11,Keighley,31.9,27.0
2024-11-05 08:00:00,2024-11-05,8,2024-11-05/2024-11-11,Keighley,28.4,22.3
2024-11-05 09:00:00,2024-11-05,9,2024-11-05/2024-11-11,Keighley,28.6,22.8
2024-11-05 10:00:00,2024-11-05,10,2024-11-05/2024-11-11,Keighley,22.7,17.4
2024-11-05 11:00:00,2024-11-05,11,2024-11-05/2024-11-11,Keighley,17.7,14.5
2024-11-05 12:00:00,2024-11-05,12,2024-11-05/2024-11-11,Keighley,14.0,10.0
2024-11-05 13:00:00,2024-11-05,13,2024-11-05/2024-11-11,Keighley,19.6,16.4
2024-11-05 14:00:00,2024-11-05,14,2024-11-05/2024-11-11,Keighley,19.2,14.7
2024-11-05 15:00:00,2024-11-05,15,2024-11-05/2024-11-11,Keighley,16.8,11.9
2024-11-05 16:00:00,2024-11-05,16,2024-11-05/2024-11-11,Keighley,21.5,15.7
2024-11-05 17:00:00,2024-11-05,17,2024-11-05/2024-11-11,Keighley,29.0,21.8
2024-11-05 18:00:00,2024-11-05,18,2024-11-05/2024-11-11,Keighley,41.1,33.8
2024-11-05 19:00:00,2024-11-05,19,2024-11-05/2024-11-11,Keighley,57.4,52.5
2024-11-05 20:00:00,2024-11-05,20,2024-11-05/2024-11-11,Keighley,63.3,61.5
2024-11-05 21:00:00,2024-11-05,21,2024-11-05/2024-11-11,Keighley,63.6,61.4
2024-11-05 22:00:00,2024-11-05,22,2024-11-05/2024-11-11,Keighley,58.3,57.3
2024-11-05 23:00:00,2024-11-05,23,2024-11-05/2024-11-11,Keighley,67.4,66.6
2024-11-06 00:00:00,2024-11-06,0,2024-11-05/2024-11-11,Keighley,95.6,97.5
2024-11-06 01:00:00,2024-11-06,1,2024-11-05/2024-11-11,Keighley,40.1,41.3
2024-11-06 02:00:00,2024-11-06,2,2024-11-05/2024-11-11,Keighley,38.9,40.6
2024-11-06 03:00:00,2024-11-06,3,2024-11-05/2024-11-11,Keighley,38.5,39.2
2024-11-06 04:00:00,2024-11-06,4,2024-11-05/2024-11-11,Keighley,35.3,37.1
2024-11-06 05:00:00,2024-11-06,5,2024-11-05/2024-11-11,Keighley,39.7,40.3
2024-11-06 06:00:00,2024-11-06,6,2024-11-05/2024-11-11,Keighley,43.1,42.9
2024-11-06 07:00:00,2024-11-06,7,2024-11-05/2024-11-11,Keighley,36.9,33.1
2024-11-06 08:00:00,2024-11-06,8,2024-11-05/2024-11-11,Keighley,54.1,44.2
2024-11-06 09:00:00,2024-11-06,9,2024-11-05/2024-11-11,Keighley,51.1,45.4
2024-11-06 10:00:00,2024-11-06,10,2024-11-05/2024-11-11,Keighley,40.4,32.0
2024-11-06 11:00:00,2024-11-06,11,2024-11-05/2024-11-11,Keighley,26.5,19.0
2024-11-06 12:00:00,2024-11-06,12,2024-11-05/2024-11-11,Keighley,15.7,11.6
2024-11-06 13:00:00,2024-11-06,13,2024-11-05/2024-11-11,Keighley,20.2,12.5
2024-11-06 14:00:00,2024-11-06,14,2024-11-05/2024-11-11,Keighley,17.0,9.5
2024-11-06 15:00:00,2024-11-06,15,2024-11-05/2024-11-11,Keighley,15.5,7.0
2024-11-06 16:00:00,2024-11-06,16,2024-11-05/2024-11-11,Keighley,14.8,8.0
2024-11-06 17:00:00,2024-11-06,17,2024-11-05/2024-11-11,Keighley,16.6,11.1
2024-11-06 18:00:00,2024-11-06,18,2024-11-05/2024-11-11,Keighley,16.1,10.7
2024-11-06 19:00:00,2024-11-06,19,2024-11-05/2024-11-11,Keighley,23.0,17.1
2024-11-06 20:00:00,2024-11-06,20,2024-11-05/2024-11-11,Keighley,18.8,15.9
2024-11-06 21:00:00,2024-11-06,21,2024-11-05/2024-11-11,Keighley,20.2,17.2
2024-11-06 22:00:00,2024-11-06,22,2024-11-05/2024-11-11,Keighley,23.6,22.9
2024-11-06 23:00:00,2024-11-06,23,2024-11-05/2024-11-11,Keighley,22.6,21.8
2024-11-07 00:00:00,2024-11-07,0,2024-11-05/2024-11-11,Keighley,18.1,17.0
2024-11-07 01:00:00,2024-11-07,1,2024-11-05/2024-11-11,Keighley,17.2,17.0
2024-11-07 02:00:00,2024-11-07,2,2024-11-05/2024-11-11,Keighley,17.3,16.2
2024-11-07 03:00:00,2024-11-07,3,2024-11-05/2024-11-11,Keighley,13.2,13.5
2024-11-07 04:00:00,2024-11-07,4,2024-11-05/2024-11-11,Keighley,14.8,13.5
2024-11-07 05:00:00,2024-11-07,5,2024-11-05/2024-11-11,Keighley,13.0,12.0
2024-11-07 06:00:00,2024-11-07,6,2024-11-05/2024-11-11,Keighley,10.7,10.3
2024-11-07 07:00:00,2024-11-07,7,2024-11-05/2024-11-11,Keighley,7.0,6.6
2024-11-07 08:00:00,2024-11-07,8,2024-11-05/2024-11-11,Keighley,5.9,3.3
2024-11-07 09:00:00,2024-11-07,9,2024-11-05/2024-11-11,Keighley,9.5,6.8
2024-11-07 10:00:00,2024-11-07,10,2024-11-05/2024-11-11,Keighley,8.8,3.3
2024-11-07 11:00:00,2024-11-07,11,2024-11-05/2024-11-11,Keighley,13.5,6.6
2024-11-07 12:00:00,2024-11-07,12,2024-11-05/2024-11-11,Keighley,15.3,9.1
2024-11-07 13:00:00,2024-11-07,13,2024-11-05/2024-11-11,Keighley,15.6,5.7
2024-11-07 14:00:00,2024-11-07,14,2024-11-05/2024-11-11,Keighley,15.1,7.7
2024-11-07 15:00:00,2024-11-07,15,2024-11-05/2024-11-11,Keighley,12.5,7.1
2024-11-07 16:00:00,2024-11-07,16,2024-11-05/2024-11-11,Keighley,10.0,5.1
2024-11-07 17:00:00,2024-11-07,17,2024-11-05/2024-11-11,Keighley,14.5,10.1
2024-11-07 18:00:00,2024-11-07,18,2024-11-05/2024-11-11,Keighley,22.6,16.3
2024-11-07 19:00:00,2024-11-07,19,2024-11-05/2024-11-11,Keighley,21.9,16.4
2024-11-07 20:00:00,2024-11-07,20,2024-11-05/2024-11-11,Keighley,16.7,13.3
2024-11-07 21:00:00,2024-11-07,21,2024-11-05/2024-11-11,Keighley,22.6,16.6
2024-11-07 22:00:00,2024-11-07,22,2024-11-05/2024-11-11,Keighley,31.2,25.0
2024-11-07 23:00:00,2024-11-07,23,2024-11-05/2024-11-11,Keighley,27.8,22.2
2024-11-08 00:00:00,2024-11-08,0,2024-11-05/2024-11-11,Keighley,26.5,21.6
2024-11-08 01:00:00,2024-11-08,1,2024-11-05/2024-11-11,Keighley,35.3,30.3
2024-11-08 02:00:00,2024-11-08,2,2024-11-05/2024-11-11,Keighley,32.1,26.8
2024-11-08 03:00:00,2024-11-08,3,2024-11-05/2024-11-11,Keighley,34.6,29.9
2024-11-08 04:00:00,2024-11-08,4,2024-11-05/2024-11-11,Keighley,40.8,34.2
2024-11-08 05:00:00,2024-11-08,5,2024-11-05/2024-11-11,Keighley,37.5,32.5
2024-11-08 06:00:00,2024-11-08,6,2024-11-05/2024-11-11,Keighley,35.6,30.8
2024-11-08 07:00:00,2024-11-08,7,2024-11-05/2024-11-11,Keighley,38.4,33.9
2024-11-08 08:00:00,2024-11-08,8,2024-11-05/2024-11-11,Keighley,42.5,34.6
2024-11-08 09:00:00,2024-11-08,9,2024-11-05/2024-11-11,Keighley,38.2,31.8
2024-11-08 10:00:00,2024-11-08,10,2024-11-05/2024-11-11,Keighley,37.8,32.9
2024-11-08 11:00:00,2024-11-08,11,2024-11-05/2024-11-11,Keighley,36.1,30.8
2024-11-08 12:00:00,2024-11-08,12,2024-11-05/2024-11-11,Keighley,31.5,26.3
2024-11-08 13:00:00,2024-11-08,13,2024-11-05/2024-11-11,Keighley,29.2,23.1
2024-11-08 14:00:00,2024-11-08,14,2024-11-05/2024-11-11,Keighley,31.4,27.4
2024-11-08 15:00:00,2024-11-08,15,2024-11-05/2024-11-11,Keighley,26.9,22.4
2024-11-08 16:00:00,2024-11-08,16,2024-11-05/2024-11-11,Keighley,26.8,22.2
2024-11-08 17:00:00,2024-11-08,17,2024-11-05/2024-11-11,Keighley,24.8,18.8
2024-11-08 18:00:00,2024-11-08,18,2024-11-05/2024-11-11,Keighley,23.4,18.1
2024-11-08 19:00:00,2024-11-08,19,2024-11-05/2024-11-11,Keighley,30.2,23.9
2024-11-08 20:00:00,2024-11-08,20,2024-11-05/2024-11-11,Keighley,27.3,23.4
2024-11-08 21:00:00,2024-11-08,21,2024-11-05/2024-11-11,Keighley,25.0,21.5
2024-11-08 22:00:00,2024-11-08,22,2024-11-05/2024-11-11,Keighley,23.0,19.0
2024-11-08 23:00:00,2024-11-08,23,2024-11-05/2024-11-11,Keighley,19.6,15.1
2024-11-09 00:00:00,2024-11-09,0,2024-11-05/2024-11-11,Keighley,22.8,19.8
2024-11-09 01:00:00,2024-11-09,1,2024-11-05/2024-11-11,Keighley,14.0,11.8
2024-11-09 02:00:00,2024-11-09,2,2024-11-05/2024-11-11,Keighley,20.9,19.4
2024-11-09 03:00:00,2024-11-09,3,2024-11-05/2024-11-11,Keighley,20.4,18.7
2024-11-09 04:00:00,2024-11-09,4,2024-11-05/2024-11-11,Keighley,17.0,15.4
2024-11-09 05:00:00,2024-11-09,5,2024-11-05/2024-11-11,Keighley,18.0,16.5
2024-11-09 06:00:00,2024-11-09,6,2024-11-05/2024-11-11,Keighley,18.4,16.7
2024-11-09 07:00:00,2024-11-09,7,2024-11-05/2024-11-11,Keighley,20.6,18.5
2024-11-09 08:00:00,2024-11-09,8,2024-11-05/2024-11-11,Keighley,25.7,22.9
2024-11-09 09:00:00,2024-11-09,9,2024-11-05/2024-11-11,Keighley,29.3,25.3
2024-11-09 10:00:00,2024-11-09,10,2024-11-05/2024-11-11,Keighley,32.4,25.3
2024-11-09 11:00:00,2024-11-09,11,2024-11-05/2024-11-11,Keighley,26.6,21.8
2024-11-09 12:00:00,2024-11-09,12,2024-11-05/2024-11-11,Keighley,27.2,23.8
2024-11-09 13:00:00,2024-11-09,13,2024-11-05/2024-11-11,Keighley,28.7,24.2
2024-11-09 14:00:00,2024-11-09,14,2024-11-05/2024-11-11,Keighley,22.9,20.6
2024-11-09 15:00:00,2024-11-09,15,2024-11-05/2024-11-11,Keighley,21.1,17.4
2024-11-09 16:00:00,2024-11-09,16,2024-11-05/2024-11-11,Keighley,16.6,13.0
2024-11-09 17:00:00,2024-11-09,17,2024-11-05/2024-11-11,Keighley,19.4,13.3
2024-11-09 18:00:00,2024-11-09,18,2024-11-05/2024-11-11,Keighley,33.4,26.4
2024-11-09 19:00:00,2024-11-09,19,2024-11-05/2024-11-11,Keighley,47.2,41.2
2024-11-09 20:00:00,2024-11-09,20,2024-11-05/2024-11-11,Keighley,61.6,56.2
2024-11-09 21:00:00,2024-11-09,21,2024-11-05/2024-11-11,Keighley,55.7,51.5
2024-11-09 22:00:00,2024-11-09,22,2024-11-05/2024-11-11,Keighley,66.7,62.0
2024-11-09 23:00:00,2024-11-09,23,2024-11-05/2024-11-11,Keighley,47.3,42.1
2024-11-10 00:00:00,2024-11-10,0,2024-11-05/2024-11-11,Keighley,25.9,23.0
2024-11-10 01:00:00,2024-11-10,1,2024-11-05/2024-11-11,Keighley,22.3,20.8
2024-11-10 02:00:00,2024-11-10,2,2024-11-05/2024-11-11,Keighley,29.0,28.5
2024-11-10 03:00:00,2024-11-10,3,2024-11-05/2024-11-11,Keighley,23.6,22.7
2024-11-10 04:00:00,2024-11-10,4,2024-11-05/2024-11-11,Keighley,21.7,20.5
2024-11-10 05:00:00,2024-11-10,5,2024-11-05/2024-11-11,Keighley,24.4,23.5
2024-11-10 06:00:00,2024-11-10,6,2024-11-05/2024-11-11,Keighley,22.6,22.1
2024-11-10 07:00:00,2024-11-10,7,2024-11-05/2024-11-11,Keighley,23.4,20.5
2024-11-10 08:00:00,2024-11-10,8,2024-11-05/2024-11-11,Keighley,23.5,20.4
2024-11-10 09:00:00,2024-11-10,9,2024-11-05/2024-11-11,Keighley,25.5,22.4
2024-11-10 10:00:00,2024-11-10,10,2024-11-05/2024-11-11,Keighley,27.6,24.3
2024-11-10 11:00:00,2024-11-10,11,2024-11-05/2024-11-11,Keighley,31.9,27.9
2024-11-10 12:00:00,2024-11-10,12,2024-11-05/2024-11-11,Keighley,32.5,26.8
2024-11-10 13:00:00,2024-11-10,13,2024-11-05/2024-11-11,Keighley,34.8,29.2
2024-11-10 14:00:00,2024-11-10,14,2024-11-05/2024-11-11,Keighley,29.0,21.9
2024-11-10 15:00:00,2024-11-10,15,2024-11-05/2024-11-11,Keighley,9.1,6.1
2024-11-10 16:00:00,2024-11-10,16,2024-11-05/2024-11-11,Keighley,5.2,4.4
2024-11-10 17:00:00,2024-11-10,17,2024-11-05/2024-11-11,Keighley,4.6,4.1
2024-11-10 18:00:00,2024-11-10,18,2024-11-05/2024-11-11,Keighley,5.6,5.4
2024-11-10 19:00:00,2024-11-10,19,2024-11-05/2024-11-11,Keighley,6.2,3.7
2024-11-10 20:00:00,2024-11-10,20,2024-11-05/2024-11-11,Keighley,15.7,9.7
2024-11-10 21:00:00,2024-11-10,21,2024-11-05/2024-11-11,Keighley,17.4,10.2
2024-11-10 22:00:00,2024-11-10,22,2024-11-05/2024-11-11,Keighley,12.9,5.8
2024-11-10 23:00:00,2024-11-10,23,2024-11-05/2024-11-11,Keighley,11.4,
2024-11-11 00:00:00,2024-11-11,0,2024-11-05/2024-11-11,Keighley,18.7,11.2
2024-11-11 01:00:00,2024-11-11,1,2024-11-05/2024-11-11,Keighley,12.0,5.5
2024-11-11 02:00:00,2024-11-11,2,2024-11-05/2024-11-11,Keighley,12.9,6.5
2024-11-11 03:00:00,2024-11-11,3,2024-11-05/2024-11-11,Keighley,11.8,6.4
2024-11-11 04:00:00,2024-11-11,4,2024-11-05/2024-11-11,Keighley,13.6,7.6
2024-11-11 05:00:00,2024-11-11,5,2024-11-05/2024-11-11,Keighley,9.4,2.2
2024-11-11 06:00:00,2024-11-11,6,2024-11-05/2024-11-11,Keighley,13.7,6.3
2024-11-11 07:00:00,2024-11-11,7,2024-11-05/2024-11-11,Keighley,16.4,5.5
2024-11-11 08:00:00,2024-11-11,8,2024-11-05/2024-11-11,Keighley,22.4,7.4
2024-11-11 09:00:00,2024-11-11,9,2024-11-05/2024-11-11,Keighley,26.6,9.6
2024-11-11 10:00:00,2024-11-11,10,2024-11-05/2024-11-11,Keighley,23.9,10.3
2024-11-11 11:00:00,2024-11-11,11,2024-11-05/2024-11-11,Keighley,20.0,8.8
2024-11-11 12:00:00,2024-11-11,12,2024-11-05/2024-11-11,Keighley,16.6,4.4
2024-11-11 13:00:00,2024-11-11,13,2024-11-05/2024-11-11,Keighley,16.7,4.9
2024-11-11 14:00:00,2024-11-11,14,2024-11-05/2024-11-11,Keighley,17.2,6.6
2024-11-11 15:00:00,2024-11-11,15,2024-11-05/2024-11-11,Keighley,14.6,3.4
2024-11-11 16:00:00,2024-11-11,16,2024-11-05/2024-11-11,Keighley,17.3,5.7
2024-11-11 17:00:00,2024-11-11,17,2024-11-05/2024-11-11,Keighley,24.6,12.5
2024-11-11 18:00:00,2024-11-11,18,2024-11-05/2024-11-11,Keighley,29.3,13.0
2024-11-11 19:00:00,2024-11-11,19,2024-11-05/2024-11-11,Keighley,23.3,12.8
2024-11-11 20:00:00,2024-11-11,20,2024-11-05/2024-11-11,Keighley,28.9,15.2
2024-11-11 21:00:00,2024-11-11,21,2024-11-05/2024-11-11,Keighley,33.7,21.5
2024-11-11 22:00:00,2024-11-11,22,2024-11-05/2024-11-11,Keighley,27.4,17.0
2024-11-11 23:00:00,2024-11-11,23,2024-11-05/2024-11-11,Keighley,21.6,15.3
2024-11-12 00:00:00,2024-11-12,0,2024-11-12/2024-11-18,Keighley,21.0,17.0
2024-11-12 01:00:00,2024-11-12,1,2024-11-12/2024-11-18,Keighley,14.4,10.7
2024-11-12 02:00:00,2024-11-12,2,2024-11-12/2024-11-18,Keighley,10.3,7.6
2024-11-12 03:00:00,2024-11-12,3,2024-11-12/2024-11-18,Keighley,10.6,7.7
2024-11-12 04:00:00,2024-11-12,4,2024-11-12/2024-11-18,Keighley,9.7,7.5
2024-11-12 05:00:00,2024-11-12,5,2024-11-12/2024-11-18,Keighley,8.1,5.7
2024-11-12 06:00:00,2024-11-12,6,2024-11-12/2024-11-18,Keighley,8.0,4.8
2024-11-12 07:00:00,2024-11-12,7,2024-11-12/2024-11-18,Keighley,11.0,6.9
2024-11-12 08:00:00,2024-11-12,8,2024-11-12/2024-11-18,Keighley,15.7,9.8
2024-11-12 09:00:00,2024-11-12,9,2024-11-12/2024-11-18,Keighley,20.9,9.8
2024-11-12 10:00:00,2024-11-12,10,2024-11-12/2024-11-18,Keighley,26.3,11.1
2024-11-12 11:00:00,2024-11-12,11,2024-11-12/2024-11-18,Keighley,48.1,12.8
2024-11-12 12:00:00,2024-11-12,12,2024-11-12/2024-11-18,Keighley,27.0,10.3
2024-11-12 13:00:00,2024-11-12,13,2024-11-12/2024-11-18,Keighley,27.8,10.9
2024-11-12 14:00:00,2024-11-12,14,2024-11-12/2024-11-18,Keighley,15.9,3.7
2024-11-12 15:00:00,2024-11-12,15,2024-11-12/2024-11-18,Keighley,28.3,18.8
2024-11-12 16:00:00,2024-11-12,16,2024-11-12/2024-11-18,Keighley,23.2,14.0
2024-11-12 17:00:00,2024-11-12,17,2024-11-12/2024-11-18,Keighley,36.1,25.9
2024-11-12 18:00:00,2024-11-12,18,2024-11-12/2024-11-18,Keighley,33.1,24.8
2024-11-12 19:00:00,2024-11-12,19,2024-11-12/2024-11-18,Keighley,47.5,39.3
2024-11-12 20:00:00,2024-11-12,20,2024-11-12/2024-11-18,Keighley,37.9,33.8
2024-11-12 21:00:00,2024-11-12,21,2024-11-12/2024-11-18,Keighley,37.0,33.6
2024-11-12 22:00:00,2024-11-12,22,2024-11-12/2024-11-18,Keighley,30.2,26.8
2024-11-12 23:00:00,2024-11-12,23,2024-11-12/2024-11-18,Keighley,27.1,24.3
2024-11-13 00:00:00,2024-11-13,0,2024-11-12/2024-11-18,Keighley,14.8,11.5
2024-11-13 01:00:00,2024-11-13,1,2024-11-12/2024-11-18,Keighley,13.6,10.9
2024-11-13 02:00:00,2024-11-13,2,2024-11-12/2024-11-18,Keighley,11.6,8.1
2024-11-13 03:00:00,2024-11-13,3,2024-11-12/2024-11-18,Keighley,12.6,10.1
2024-11-13 04:00:00,2024-11-13,4,2024-11-12/2024-11-18,Keighley,8.1,5.3
2024-11-13 05:00:00,2024-11-13,5,2024-11-12/2024-11-18,Keighley,16.5,14.8
2024-11-13 06:00:00,2024-11-13,6,2024-11-12/2024-11-18,Keighley,15.5,12.7
2024-11-13 07:00:00,2024-11-13,7,2024-11-12/2024-11-18,Keighley,19.8,14.7
2024-11-13 08:00:00,2024-11-13,8,2024-11-12/2024-11-18,Keighley,32.8,27.5
2024-11-13 09:00:00,2024-11-13,9,2024-11-12/2024-11-18,Keighley,28.8,18.6
2024-11-13 10:00:00,2024-11-13,10,2024-11-12/2024-11-18,Keighley,20.2,17.2
2024-11-13 11:00:00,2024-11-13,11,2024-11-12/2024-11-18,Keighley,22.1,19.5
2024-11-13 12:00:00,2024-11-13,12,2024-11-12/2024-11-18,Keighley,21.9,19.5
2024-11-13 13:00:00,2024-11-13,13,2024-11-12/2024-11-18,Keighley,20.1,15.0
2024-11-13 14:00:00,2024-11-13,14,2024-11-12/2024-11-18,Keighley,26.3,16.2
2024-11-13 15:00:00,2024-11-13,15,2024-11-12/2024-11-18,Keighley,15.7,12.4
2024-11-13 16:00:00,2024-11-13,16,2024-11-12/2024-11-18,Keighley,10.5,8.0
2024-11-13 17:00:00,2024-11-13,17,2024-11-12/2024-11-18,Keighley,13.1,10.4
2024-11-13 18:00:00,2024-11-13,18,2024-11-12/2024-11-18,Keighley,14.0,12.2
2024-11-13 19:00:00,2024-11-13,19,2024-11-12/2024-11-18,Keighley,15.8,14.6
2024-11-13 20:00:00,2024-11-13,20,2024-11-12/2024-11-18,Keighley,12.9,12.7
2024-11-13 21:00:00,2024-11-13,21,2024-11-12/2024-11-18,Keighley,9.3,7.8
2024-11-13 22:00:00,2024-11-13,22,2024-11-12/2024-11-18,Keighley,13.7,13.4
2024-11-13 23:00:00,2024-11-13,23,2024-11-12/2024-11-18,Keighley,9.6,9.9
2024-11-14 00:00:00,2024-11-14,0,2024-11-12/2024-11-18,Keighley,12.3,13.0
2024-11-14 01:00:00,2024-11-14,1,2024-11-12/2024-11-18,Keighley,9.2,9.8
2024-11-14 02:00:00,2024-11-14,2,2024-11-12/2024-11-18,Keighley,6.8,6.5
2024-11-14 03:00:00,2024-11-14,3,2024-11-12/2024-11-18,Keighley,7.0,7.0
2024-11-14 04:00:00,2024-11-14,4,2024-11-12/2024-11-18,Keighley,6.0,5.6
2024-11-14 05:00:00,2024-11-14,5,2024-11-12/2024-11-18,Keighley,10.0,10.6
2024-11-14 06:00:00,2024-11-14,6,2024-11-12/2024-11-18,Keighley,9.8,10.2
2024-11-14 07:00:00,2024-11-14,7,2024-11-12/2024-11-18,Keighley,13.5,11.9
2024-11-14 08:00:00,2024-11-14,8,2024-11-12/2024-11-18,Keighley,21.2,13.7
2024-11-14 09:00:00,2024-11-14,9,2024-11-12/2024-11-18,Keighley,20.3,11.0
2024-11-14 10:00:00,2024-11-14,10,2024-11-12/2024-11-18,Keighley,23.4,14.5
2024-11-14 11:00:00,2024-11-14,11,2024-11-12/2024-11-18,Keighley,26.9,21.5
2024-11-14 12:00:00,2024-11-14,12,2024-11-12/2024-11-18,Keighley,14.6,10.1
2024-11-14 13:00:00,2024-11-14,13,2024-11-12/2024-11-18,Keighley,23.1,5.5
2024-11-14 14:00:00,2024-11-14,14,2024-11-12/2024-11-18,Keighley,35.9,2.5
2024-11-14 15:00:00,2024-11-14,15,2024-11-12/2024-11-18,Keighley,16.1,3.0
2024-11-14 16:00:00,2024-11-14,16,2024-11-12/2024-11-18,Keighley,22.3,7.5
2024-11-14 17:00:00,2024-11-14,17,2024-11-12/2024-11-18,Keighley,17.1,10.5
2024-11-14 18:00:00,2024-11-14,18,2024-11-12/2024-11-18,Keighley,26.8,24.2
2024-11-14 19:00:00,2024-11-14,19,2024-11-12/2024-11-18,Keighley,15.8,11.8
2024-11-14 20:00:00,2024-11-14,20,2024-11-12/2024-11-18,Keighley,17.9,16.1
2024-11-14 21:00:00,2024-11-14,21,2024-11-12/2024-11-18,Keighley,19.6,17.5
2024-11-14 22:00:00,2024-11-14,22,2024-11-12/2024-11-18,Keighley,14.0,11.7
2024-11-14 23:00:00,2024-11-14,23,2024-11-12/2024-11-18,Keighley,20.9,19.3
2024-11-15 00:00:00,2024-11-15,0,2024-11-12/2024-11-18,Keighley,18.4,17.6
2024-11-15 01:00:00,2024-11-15,1,2024-11-12/2024-11-18,Keighley,15.6,15.2
2024-11-15 02:00:00,2024-11-15,2,2024-11-12/2024-11-18,Keighley,18.9,19.4
2024-11-15 03:00:00,2024-11-15,3,2024-11-12/2024-11-18,Keighley,15.5,15.8
2024-11-15 04:00:00,2024-11-15,4,2024-11-12/2024-11-18,Keighley,10.9,10.6
2024-11-15 05:00:00,2024-11-15,5,2024-11-12/2024-11-18,Keighley,14.2,14.8
2024-11-15 06:00:00,2024-11-15,6,2024-11-12/2024-11-18,Keighley,12.2,12.7
2024-11-15 07:00:00,2024-11-15,7,2024-11-12/2024-11-18,Keighley,6.2,5.4
2024-11-15 08:00:00,2024-11-15,8,2024-11-12/2024-11-18,Keighley,9.3,8.7
2024-11-15 09:00:00,2024-11-15,9,2024-11-12/2024-11-18,Keighley,4.0,2.7
2024-11-15 10:00:00,2024-11-15,10,2024-11-12/2024-11-18,Keighley,9.4,4.8
2024-11-15 11:00:00,2024-11-15,11,2024-11-12/2024-11-18,Keighley,8.6,7.2
2024-11-15 12:00:00,2024-11-15,12,2024-11-12/2024-11-18,Keighley,12.6,5.2
2024-11-15 13:00:00,2024-11-15,13,2024-11-12/2024-11-18,Keighley,5.2,4.3
2024-11-15 14:00:00,2024-11-15,14,2024-11-12/2024-11-18,Keighley,8.2,5.3
2024-11-15 15:00:00,2024-11-15,15,2024-11-12/2024-11-18,Keighley,6.7,5.5
2024-11-15 16:00:00,2024-11-15,16,2024-11-12/2024-11-18,Keighley,0.5,
2024-11-15 17:00:00,2024-11-15,17,2024-11-12/2024-11-18,Keighley,8.1,7.4
2024-11-15 18:00:00,2024-11-15,18,2024-11-12/2024-11-18,Keighley,3.2,2.4
2024-11-15 19:00:00,2024-11-15,19,2024-11-12/2024-11-18,Keighley,4.2,3.0
2024-11-15 20:00:00,2024-11-15,20,2024-11-12/2024-11-18,Keighley,5.4,3.9
2024-11-15 21:00:00,2024-11-15,21,2024-11-12/2024-11-18,Keighley,5.1,3.9
2024-11-15 22:00:00,2024-11-15,22,2024-11-12/2024-11-18,Keighley,1.2,0.2
2024-11-15 23:00:00,2024-11-15,23,2024-11-12/2024-11-18,Keighley,1.8,0.7
2024-11-16 00:00:00,2024-11-16,0,2024-11-12/2024-11-18,Keighley,2.1,1.2
2024-11-16 01:00:00,2024-11-16,1,2024-11-12/2024-11-18,Keighley,3.7,3.9
2024-11-16 02:00:00,2024-11-16,2,2024-11-12/2024-11-18,Keighley,1.1,0.5
2024-11-16 03:00:00,2024-11-16,3,2024-11-12/2024-11-18,Keighley,1.5,0.2
2024-11-16 04:00:00,2024-11-16,4,2024-11-12/2024-11-18,Keighley,1.6,
2024-11-16 05:00:00,2024-11-16,5,2024-11-12/2024-11-18,Keighley,2.5,0.4
2024-11-16 06:00:00,2024-11-16,6,2024-11-12/2024-11-18,Keighley,5.5,3.3
2024-11-16 07:00:00,2024-11-16,7,2024-11-12/2024-11-18,Keighley,2.6,1.1
2024-11-16 08:00:00,2024-11-16,8,2024-11-12/2024-11-18,Keighley,0.4,
2024-11-16 09:00:00,2024-11-16,9,2024-11-12/2024-11-18,Keighley,3.7,2.7
2024-11-16 10:00:00,2024-11-16,10,2024-11-12/2024-11-18,Keighley,1.1,
2024-11-16 11:00:00,2024-11-16,11,2024-11-12/2024-11-18,Keighley,9.1,5.9
2024-11-16 12:00:00,2024-11-16,12,2024-11-12/2024-11-18,Keighley,24.9,6.6
2024-11-16 13:00:00,2024-11-16,13,2024-11-12/2024-11-18,Keighley,26.0,6.6
2024-11-16 14:00:00,2024-11-16,14,2024-11-12/2024-11-18,Keighley,18.5,2.2
2024-11-16 15:00:00,2024-11-16,15,2024-11-12/2024-11-18,Keighley,20.8,8.9
2024-11-16 16:00:00,2024-11-16,16,2024-11-12/2024-11-18,Keighley,12.3,2.2
2024-11-16 17:00:00,2024-11-16,17,2024-11-12/2024-11-18,Keighley,18.4,11.8
2024-11-16 18:00:00,2024-11-16,18,2024-11-12/2024-11-18,Keighley,10.0,4.2
2024-11-16 19:00:00,2024-11-16,19,2024-11-12/2024-11-18,Keighley,6.5,3.8
2024-11-16 20:00:00,2024-11-16,20,2024-11-12/2024-11-18,Keighley,6.2,4.4
2024-11-16 21:00:00,2024-11-16,21,2024-11-12/2024-11-18,Keighley,3.9,2.3
2024-11-16 22:00:00,2024-11-16,22,2024-11-12/2024-11-18,Keighley,4.3,1.7
2024-11-16 23:00:00,2024-11-16,23,2024-11-12/2024-11-18,Keighley,4.1,1.1
2024-11-17 00:00:00,2024-11-17,0,2024-11-12/2024-11-18,Keighley,10.5,8.3
2024-11-17 01:00:00,2024-11-17,1,2024-11-12/2024-11-18,Keighley,3.7,0.5
2024-11-17 02:00:00,2024-11-17,2,2024-11-12/2024-11-18,Keighley,5.4,2.3
2024-11-17 03:00:00,2024-11-17,3,2024-11-12/2024-11-18,Keighley,2.3,
2024-11-17 04:00:00,2024-11-17,4,2024-11-12/2024-11-18,Keighley,6.6,4.6
2024-11-17 05:00:00,2024-11-17,5,2024-11-12/2024-11-18,Keighley,0.9,
2024-11-17 06:00:00,2024-11-17,6,2024-11-12/2024-11-18,Keighley,4.6,1.2
2024-11-17 07:00:00,2024-11-17,7,2024-11-12/2024-11-18,Keighley,7.3,2.2
2024-11-17 08:00:00,2024-11-17,8,2024-11-12/2024-11-18,Keighley,9.0,4.2
2024-11-17 09:00:00,2024-11-17,9,2024-11-12/2024-11-18,Keighley,7.9,1.5
2024-11-17 10:00:00,2024-11-17,10,2024-11-12/2024-11-18,Keighley,14.4,6.2
2024-11-17 11:00:00,2024-11-17,11,2024-11-12/2024-11-18,Keighley,12.8,3.7
2024-11-17 12:00:00,2024-11-17,12,2024-11-12/2024-11-18,Keighley,8.0,3.1
2024-11-17 13:00:00,2024-11-17,13,2024-11-12/2024-11-18,Keighley,5.2,3.5
2024-11-17 14:00:00,2024-11-17,14,2024-11-12/2024-11-18,Keighley,1.4,
2024-11-17 15:00:00,2024-11-17,15,2024-11-12/2024-11-18,Keighley,2.1,1.6
2024-11-17 16:00:00,2024-11-17,16,2024-11-12/2024-11-18,Keighley,11.0,9.0
2024-11-17 17:00:00,2024-11-17,17,2024-11-12/2024-11-18,Keighley,3.7,2.1
2024-11-17 18:00:00,2024-11-17,18,2024-11-12/2024-11-18,Keighley,0.3,
2024-11-17 19:00:00,2024-11-17,19,2024-11-12/2024-11-18,Keighley,7.0,6.4
2024-11-17 20:00:00,2024-11-17,20,2024-11-12/2024-11-18,Keighley,7.7,7.5
2024-11-17 21:00:00,2024-11-17,21,2024-11-12/2024-11-18,Keighley,10.1,9.8
2024-11-17 22:00:00,2024-11-17,22,2024-11-12/2024-11-18,Keighley,8.2,7.2
2024-11-17 23:00:00,2024-11-17,23,2024-11-12/2024-11-18,Keighley,8.4,7.6
2024-11-18 00:00:00,2024-11-18,0,2024-11-12/2024-11-18,Keighley,9.6,8.8
2024-11-18 01:00:00,2024-11-18,1,2024-11-12/2024-11-18,Keighley,11.1,9.7
2024-11-18 02:00:00,2024-11-18,2,2024-11-12/2024-11-18,Keighley,15.6,15.9
2024-11-18 03:00:00,2024-11-18,3,2024-11-12/2024-11-18,Keighley,15.8,16.3
2024-11-18 04:00:00,2024-11-18,4,2024-11-12/2024-11-18,Keighley,11.8,12.4
2024-11-18 05:00:00,2024-11-18,5,2024-11-12/2024-11-18,Keighley,10.2,11.1
2024-11-18 06:00:00,2024-11-18,6,2024-11-12/2024-11-18,Keighley,6.1,6.8
2024-11-18 07:00:00,2024-11-18,7,2024-11-12/2024-11-18,Keighley,3.8,3.6
2024-11-18 08:00:00,2024-11-18,8,2024-11-12/2024-11-18,Keighley,7.3,6.5
2024-11-18 09:00:00,2024-11-18,9,2024-11-12/2024-11-18,Keighley,9.8,9.2
2024-11-18 10:00:00,2024-11-18,10,2024-11-12/2024-11-18,Keighley,11.1,10.1
2024-11-18 11:00:00,2024-11-18,11,2024-11-12/2024-11-18,Keighley,16.9,15.6
2024-11-18 12:00:00,2024-11-18,12,2024-11-12/2024-11-18,Keighley,15.1,13.7
2024-11-18 13:00:00,2024-11-18,13,2024-11-12/2024-11-18,Keighley,,
2024-11-18 14:00:00,2024-11-18,14,2024-11-12/2024-11-18,Keighley,,
2024-11-18 15:00:00,2024-11-18,15,2024-11-12/2024-11-18,Keighley,15.4,10.7
2024-11-18 16:00:00,2024-11-18,16,2024-11-12/2024-11-18,Keighley,18.1,10.7
2024-11-18 17:00:00,2024-11-18,17,2024-11-12/2024-11-18,Keighley,24.5,10.1
2024-11-18 18:00:00,2024-11-18,18,2024-11-12/2024-11-18,Keighley,34.7,13.9
2024-11-18 19:00:00,2024-11-18,19,2024-11-12/2024-11-18,Keighley,23.0,11.5
2024-11-18 20:00:00,2024-11-18,20,2024-11-12/2024-11-18,Keighley,23.9,12.1
2024-11-18 21:00:00,2024-11-18,21,2024-11-12/2024-11-18,Keighley,18.6,14.4
2024-11-18 22:00:00,2024-11-18,22,2024-11-12/2024-11-18,Keighley,12.0,10.3
2024-11-18 23:00:00,2024-11-18,23,2024-11-12/2024-11-18,Keighley,5.0,4.2
2024-11-19 00:00:00,2024-11-19,0,2024-11-19/2024-11-25,Keighley,8.2,8.3
2024-11-19 01:00:00,2024-11-19,1,2024-11-19/2024-11-25,Keighley,8.0,7.7
2024-11-19 02:00:00,2024-11-19,2,2024-11-19/2024-11-25,Keighley,4.3,4.2
2024-11-19 03:00:00,2024-11-19,3,2024-11-19/2024-11-25,Keighley,0.4,
2024-11-19 04:00:00,2024-11-19,4,2024-11-19/2024-11-25,Keighley,3.4,2.4
2024-11-19 05:00:00,2024-11-19,5,2024-11-19/2024-11-25,Keighley,10.7,9.2
2024-11-19 06:00:00,2024-11-19,6,2024-11-19/2024-11-25,Keighley,12.7,11.2
2024-11-19 07:00:00,2024-11-19,7,2024-11-19/2024-11-25,Keighley,11.7,10.6
2024-11-19 08:00:00,2024-11-19,8,2024-11-19/2024-11-25,Keighley,5.7,4.1
2024-11-19 09:00:00,2024-11-19,9,2024-11-19/2024-11-25,Keighley,4.9,2.8
2024-11-19 10:00:00,2024-11-19,10,2024-11-19/2024-11-25,Keighley,6.7,5.0
2024-11-19 11:00:00,2024-11-19,11,2024-11-19/2024-11-25,Keighley,3.3,1.1
2024-11-19 12:00:00,2024-11-19,12,2024-11-19/2024-11-25,Keighley,4.3,1.7
2024-11-19 13:00:00,2024-11-19,13,2024-11-19/2024-11-25,Keighley,3.9,0.6
2024-11-19 14:00:00,2024-11-19,14,2024-11-19/2024-11-25,Keighley,9.9,6.9
2024-11-19 15:00:00,2024-11-19,15,2024-11-19/2024-11-25,Keighley,8.8,6.1
2024-11-19 16:00:00,2024-11-19,16,2024-11-19/2024-11-25,Keighley,10.8,5.5
2024-11-19 17:00:00,2024-11-19,17,2024-11-19/2024-11-25,Keighley,42.1,4.5
2024-11-19 18:00:00,2024-11-19,18,2024-11-19/2024-11-25,Keighley,40.6,9.3
2024-11-19 19:00:00,2024-11-19,19,2024-11-19/2024-11-25,Keighley,44.4,11.5
2024-11-19 20:00:00,2024-11-19,20,2024-11-19/2024-11-25,Keighley,30.3,6.2
2024-11-19 21:00:00,2024-11-19,21,2024-11-19/2024-11-25,Keighley,21.3,6.5
2024-11-19 22:00:00,2024-11-19,22,2024-11-19/2024-11-25,Keighley,15.4,8.5
2024-11-19 23:00:00,2024-11-19,23,2024-11-19/2024-11-25,Keighley,12.1,2.7
2024-11-20 00:00:00,2024-11-20,0,2024-11-19/2024-11-25,Keighley,8.0,1.8
2024-11-20 01:00:00,2024-11-20,1,2024-11-19/2024-11-25,Keighley,7.9,3.5
2024-11-20 02:00:00,2024-11-20,2,2024-11-19/2024-11-25,Keighley,5.7,1.7
2024-11-20 03:00:00,2024-11-20,3,2024-11-19/2024-11-25,Keighley,3.1,0.2
2024-11-20 04:00:00,2024-11-20,4,2024-11-19/2024-11-25,Keighley,5.0,0.4
2024-11-20 05:00:00,2024-11-20,5,2024-11-19/2024-11-25,Keighley,6.7,3.1
2024-11-20 06:00:00,2024-11-20,6,2024-11-19/2024-11-25,Keighley,8.5,
2024-11-20 07:00:00,2024-11-20,7,2024-11-19/2024-11-25,Keighley,7.6,1.7
2024-11-20 08:00:00,2024-11-20,8,2024-11-19/2024-11-25,Keighley,13.0,4.3
2024-11-20 09:00:00,2024-11-20,9,2024-11-19/2024-11-25,Keighley,18.0,3.9
2024-11-20 10:00:00,2024-11-20,10,2024-11-19/2024-11-25,Keighley,35.3,11.7
2024-11-20 11:00:00,2024-11-20,11,2024-11-19/2024-11-25,Keighley,24.6,4.4
2024-11-20 12:00:00,2024-11-20,12,2024-11-19/2024-11-25,Keighley,29.7,6.6
2024-11-20 13:00:00,2024-11-20,13,2024-11-19/2024-11-25,Keighley,26.6,4.8
2024-11-20 14:00:00,2024-11-20,14,2024-11-19/2024-11-25,Keighley,18.2,4.3
2024-11-20 15:00:00,2024-11-20,15,2024-11-19/2024-11-25,Keighley,15.7,2.4
2024-11-20 16:00:00,2024-11-20,16,2024-11-19/2024-11-25,Keighley,20.1,7.0
2024-11-20 17:00:00,2024-11-20,17,2024-11-19/2024-11-25,Keighley,27.3,11.4
2024-11-20 18:00:00,2024-11-20,18,2024-11-19/2024-11-25,Keighley,29.3,8.6
2024-11-20 19:00:00,2024-11-20,19,2024-11-19/2024-11-25,Keighley,65.9,16.4
2024-11-20 20:00:00,2024-11-20,20,2024-11-19/2024-11-25,Keighley,54.0,19.1
2024-11-20 21:00:00,2024-11-20,21,2024-11-19/2024-11-25,Keighley,42.7,13.7
2024-11-20 22:00:00,2024-11-20,22,2024-11-19/2024-11-25,Keighley,27.5,14.3
2024-11-20 23:00:00,2024-11-20,23,2024-11-19/2024-11-25,Keighley,21.3,10.0
2024-11-21 00:00:00,2024-11-21,0,2024-11-19/2024-11-25,Keighley,10.2,2.6
2024-11-21 01:00:00,2024-11-21,1,2024-11-19/2024-11-25,Keighley,8.1,4.9
2024-11-21 02:00:00,2024-11-21,2,2024-11-19/2024-11-25,Keighley,9.1,6.6
2024-11-21 03:00:00,2024-11-21,3,2024-11-19/2024-11-25,Keighley,2.6,0.3
2024-11-21 04:00:00,2024-11-21,4,2024-11-19/2024-11-25,Keighley,7.6,6.9
2024-11-21 05:00:00,2024-11-21,5,2024-11-19/2024-11-25,Keighley,9.1,6.5
2024-11-21 06:00:00,2024-11-21,6,2024-11-19/2024-11-25,Keighley,9.6,5.2
2024-11-21 07:00:00,2024-11-21,7,2024-11-19/2024-11-25,Keighley,13.7,7.7
2024-11-21 08:00:00,2024-11-21,8,2024-11-19/2024-11-25,Keighley,8.5,4.4
2024-11-21 09:00:00,2024-11-21,9,2024-11-19/2024-11-25,Keighley,20.9,14.7
2024-11-21 10:00:00,2024-11-21,10,2024-11-19/2024-11-25,Keighley,22.4,15.4
2024-11-21 11:00:00,2024-11-21,11,2024-11-19/2024-11-25,Keighley,18.8,13.8
2024-11-21 12:00:00,2024-11-21,12,2024-11-19/2024-11-25,Keighley,33.2,10.0
2024-11-21 13:00:00,2024-11-21,13,2024-11-19/2024-11-25,Keighley,30.9,7.2
2024-11-21 14:00:00,2024-11-21,14,2024-11-19/2024-11-25,Keighley,27.1,3.7
2024-11-21 15:00:00,2024-11-21,15,2024-11-19/2024-11-25,Keighley,12.6,6.4
2024-11-21 16:00:00,2024-11-21,16,2024-11-19/2024-11-25,Keighley,13.5,10.8
2024-11-21 17:00:00,2024-11-21,17,2024-11-19/2024-11-25,Keighley,9.8,8.2
2024-11-21 18:00:00,2024-11-21,18,2024-11-19/2024-11-25,Keighley,5.2,5.2
2024-11-21 19:00:00,2024-11-21,19,2024-11-19/2024-11-25,Keighley,9.1,9.4
2024-11-21 20:00:00,2024-11-21,20,2024-11-19/2024-11-25,Keighley,8.6,8.0
2024-11-21 21:00:00,2024-11-21,21,2024-11-19/2024-11-25,Keighley,8.8,7.2
2024-11-21 22:00:00,2024-11-21,22,2024-11-19/2024-11-25,Keighley,5.2,2.6
2024-11-21 23:00:00,2024-11-21,23,2024-11-19/2024-11-25,Keighley,4.5,2.1
2024-11-22 00:00:00,2024-11-22,0,2024-11-19/2024-11-25,Keighley,3.0,1.9
2024-11-22 01:00:00,2024-11-22,1,2024-11-19/2024-11-25,Keighley,1.7,1.2
2024-11-22 02:00:00,2024-11-22,2,2024-11-19/2024-11-25,Keighley,,
2024-11-22 03:00:00,2024-11-22,3,2024-11-19/2024-11-25,Keighley,5.6,5.6
2024-11-22 04:00:00,2024-11-22,4,2024-11-19/2024-11-25,Keighley,0.0,
2024-11-22 05:00:00,2024-11-22,5,2024-11-19/2024-11-25,Keighley,0.7,0.5
2024-11-22 06:00:00,2024-11-22,6,2024-11-19/2024-11-25,Keighley,1.6,1.1
2024-11-22 07:00:00,2024-11-22,7,2024-11-19/2024-11-25,Keighley,3.0,1.2
2024-11-22 08:00:00,2024-11-22,8,2024-11-19/2024-11-25,Keighley,13.0,10.7
2024-11-22 09:00:00,2024-11-22,9,2024-11-19/2024-11-25,Keighley,9.6,7.8
2024-11-22 10:00:00,2024-11-22,10,2024-11-19/2024-11-25,Keighley,4.1,2.2
2024-11-22 11:00:00,2024-11-22,11,2024-11-19/2024-11-25,Keighley,8.2,7.0
2024-11-22 12:00:00,2024-11-22,12,2024-11-19/2024-11-25,Keighley,4.7,4.0
2024-11-22 13:00:00,2024-11-22,13,2024-11-19/2024-11-25,Keighley,9.8,8.7
2024-11-22 14:00:00,2024-11-22,14,2024-11-19/2024-11-25,Keighley,5.3,2.6
2024-11-22 15:00:00,2024-11-22,15,2024-11-19/2024-11-25,Keighley,8.2,6.6
2024-11-22 16:00:00,2024-11-22,16,2024-11-19/2024-11-25,Keighley,8.2,7.5
2024-11-22 17:00:00,2024-11-22,17,2024-11-19/2024-11-25,Keighley,23.6,23.3
2024-11-22 18:00:00,2024-11-22,18,2024-11-19/2024-11-25,Keighley,13.9,13.5
2024-11-22 19:00:00,2024-11-22,19,2024-11-19/2024-11-25,Keighley,19.7,19.2
2024-11-22 20:00:00,2024-11-22,20,2024-11-19/2024-11-25,Keighley,29.9,29.6
2024-11-22 21:00:00,2024-11-22,21,2024-11-19/2024-11-25,Keighley,27.8,26.1
2024-11-22 22:00:00,2024-11-22,22,2024-11-19/2024-11-25,Keighley,31.2,29.9
2024-11-22 23:00:00,2024-11-22,23,2024-11-19/2024-11-25,Keighley,15.4,14.2
2024-11-23 00:00:00,2024-11-23,0,2024-11-19/2024-11-25,Keighley,15.8,15.5
2024-11-23 01:00:00,2024-11-23,1,2024-11-19/2024-11-25,Keighley,20.7,19.3
2024-11-23 02:00:00,2024-11-23,2,2024-11-19/2024-11-25,Keighley,19.4,19.6
2024-11-23 03:00:00,2024-11-23,3,2024-11-19/2024-11-25,Keighley,14.3,12.6
2024-11-23 04:00:00,2024-11-23,4,2024-11-19/2024-11-25,Keighley,12.1,10.4
2024-11-23 05:00:00,2024-11-23,5,2024-11-19/2024-11-25,Keighley,9.5,6.9
2024-11-23 06:00:00,2024-11-23,6,2024-11-19/2024-11-25,Keighley,11.6,10.7
2024-11-23 07:00:00,2024-11-23,7,2024-11-19/2024-11-25,Keighley,,1.7
2024-11-23 08:00:00,2024-11-23,8,2024-11-19/2024-11-25,Keighley,,3.0
2024-11-23 09:00:00,2024-11-23,9,2024-11-19/2024-11-25,Keighley,,2.8
2024-11-23 10:00:00,2024-11-23,10,2024-11-19/2024-11-25,Keighley,,2.2
2024-11-23 11:00:00,2024-11-23,11,2024-11-19/2024-11-25,Keighley,10.6,10.4
2024-11-23 12:00:00,2024-11-23,12,2024-11-19/2024-11-25,Keighley,12.5,12.4
2024-11-23 13:00:00,2024-11-23,13,2024-11-19/2024-11-25,Keighley,3.2,2.6
2024-11-23 14:00:00,2024-11-23,14,2024-11-19/2024-11-25,Keighley,4.5,3.9
2024-11-23 15:00:00,2024-11-23,15,2024-11-19/2024-11-25,Keighley,6.4,4.5
2024-11-23 16:00:00,2024-11-23,16,2024-11-19/2024-11-25,Keighley,18.6,19.0
2024-11-23 17:00:00,2024-11-23,17,2024-11-19/2024-11-25,Keighley,3.8,3.3
2024-11-23 18:00:00,2024-11-23,18,2024-11-19/2024-11-25,Keighley,9.4,8.1
2024-11-23 19:00:00,2024-11-23,19,2024-11-19/2024-11-25,Keighley,10.6,10.3
2024-11-23 20:00:00,2024-11-23,20,2024-11-19/2024-11-25,Keighley,7.2,6.8
2024-11-23 21:00:00,2024-11-23,21,2024-11-19/2024-11-25,Keighley,4.0,3.0
2024-11-23 22:00:00,2024-11-23,22,2024-11-19/2024-11-25,Keighley,5.5,4.0
2024-11-23 23:00:00,2024-11-23,23,2024-11-19/2024-11-25,Keighley,5.4,3.0
2024-11-24 00:00:00,2024-11-24,0,2024-11-19/2024-11-25,Keighley,10.2,8.5
2024-11-24 01:00:00,2024-11-24,1,2024-11-19/2024-11-25,Keighley,3.9,3.1
2024-11-24 02:00:00,2024-11-24,2,2024-11-19/2024-11-25,Keighley,2.3,1.8
2024-11-24 03:00:00,2024-11-24,3,2024-11-19/2024-11-25,Keighley,2.6,2.3
2024-11-24 04:00:00,2024-11-24,4,2024-11-19/2024-11-25,Keighley,,
2024-11-24 05:00:00,2024-11-24,5,2024-11-19/2024-11-25,Keighley,,
2024-11-24 06:00:00,2024-11-24,6,2024-11-19/2024-11-25,Keighley,0.1,
2024-11-24 07:00:00,2024-11-24,7,2024-11-19/2024-11-25,Keighley,,
2024-11-24 08:00:00,2024-11-24,8,2024-11-19/2024-11-25,Keighley,0.2,
2024-11-24 09:00:00,2024-11-24,9,2024-11-19/2024-11-25,Keighley,0.8,0.5
2024-11-24 10:00:00,2024-11-24,10,2024-11-19/2024-11-25,Keighley,,
2024-11-24 11:00:00,2024-11-24,11,2024-11-19/2024-11-25,Keighley,3.4,2.2
2024-11-24 12:00:00,2024-11-24,12,2024-11-19/2024-11-25,Keighley,1.0,
2024-11-24 13:00:00,2024-11-24,13,2024-11-19/2024-11-25,Keighley,3.1,2.5
2024-11-24 14:00:00,2024-11-24,14,2024-11-19/2024-11-25,Keighley,4.0,1.1
2024-11-24 15:00:00,2024-11-24,15,2024-11-19/2024-11-25,Keighley,5.8,2.8
2024-11-24 16:00:00,2024-11-24,16,2024-11-19/2024-11-25,Keighley,11.7,8.3
2024-11-24 17:00:00,2024-11-24,17,2024-11-19/2024-11-25,Keighley,11.8,7.6
2024-11-24 18:00:00,2024-11-24,18,2024-11-19/2024-11-25,Keighley,10.5,4.8
2024-11-24 19:00:00,2024-11-24,19,2024-11-19/2024-11-25,Keighley,13.4,6.0
2024-11-24 20:00:00,2024-11-24,20,2024-11-19/2024-11-25,Keighley,9.0,4.0
2024-11-24 21:00:00,2024-11-24,21,2024-11-19/2024-11-25,Keighley,6.0,0.6
2024-11-24 22:00:00,2024-11-24,22,2024-11-19/2024-11-25,Keighley,2.5,
2024-11-24 23:00:00,2024-11-24,23,2024-11-19/2024-11-25,Keighley,10.0,2.9
2024-11-25 00:00:00,2024-11-25,0,2024-11-19/2024-11-25,Keighley,8.4,1.1
2024-11-25 01:00:00,2024-11-25,1,2024-11-19/2024-11-25,Keighley,9.8,1.7
2024-11-25 02:00:00,2024-11-25,2,2024-11-19/2024-11-25,Keighley,14.3,7.3
2024-11-25 03:00:00,2024-11-25,3,2024-11-19/2024-11-25,Keighley,6.1,3.1
2024-11-25 04:00:00,2024-11-25,4,2024-11-19/2024-11-25,Keighley,2.9,1.3
2024-11-25 05:00:00,2024-11-25,5,2024-11-19/2024-11-25,Keighley,3.6,
2024-11-25 06:00:00,2024-11-25,6,2024-11-19/2024-11-25,Keighley,6.8,2.4
2024-11-25 07:00:00,2024-11-25,7,2024-11-19/2024-11-25,Keighley,9.4,3.6
2024-11-25 08:00:00,2024-11-25,8,2024-11-19/2024-11-25,Keighley,9.1,2.6
2024-11-25 09:00:00,2024-11-25,9,2024-11-19/2024-11-25,Keighley,14.3,9.6
2024-11-25 10:00:00,2024-11-25,10,2024-11-19/2024-11-25,Keighley,13.8,6.8
2024-11-25 11:00:00,2024-11-25,11,2024-11-19/2024-11-25,Keighley,7.4,3.7
2024-11-25 12:00:00,2024-11-25,12,2024-11-19/2024-11-25,Keighley,15.3,11.7
2024-11-25 13:00:00,2024-11-25,13,2024-11-19/2024-11-25,Keighley,7.7,4.1
2024-11-25 14:00:00,2024-11-25,14,2024-11-19/2024-11-25,Keighley,11.1,8.0
2024-11-25 15:00:00,2024-11-25,15,2024-11-19/2024-11-25,Keighley,8.1,2.9
2024-11-25 16:00:00,2024-11-25,16,2024-11-19/2024-11-25,Keighley,12.0,6.0
2024-11-25 17:00:00,2024-11-25,17,2024-11-19/2024-11-25,Keighley,14.7,9.8
2024-11-25 18:00:00,2024-11-25,18,2024-11-19/2024-11-25,Keighley,5.4,2.2
2024-11-25 19:00:00,2024-11-25,19,2024-11-19/2024-11-25,Keighley,5.8,3.2
2024-11-25 20:00:00,2024-11-25,20,2024-11-19/2024-11-25,Keighley,2.0,0.6
2024-11-25 21:00:00,2024-11-25,21,2024-11-19/2024-11-25,Keighley,5.4,3.5
2024-11-25 22:00:00,2024-11-25,22,2024-11-19/2024-11-25,Keighley,5.4,3.2
2024-11-25 23:00:00,2024-11-25,23,2024-11-19/2024-11-25,Keighley,6.8,5.7
2024-11-26 00:00:00,2024-11-26,0,2024-11-26/2024-12-02,Keighley,4.9,4.0
2024-11-26 01:00:00,2024-11-26,1,2024-11-26/2024-12-02,Keighley,2.7,0.3
2024-11-26 02:00:00,2024-11-26,2,2024-11-26/2024-12-02,Keighley,2.0,
2024-11-26 03:00:00,2024-11-26,3,2024-11-26/2024-12-02,Keighley,4.3,2.4
2024-11-26 04:00:00,2024-11-26,4,2024-11-26/2024-12-02,Keighley,2.1,0.6
2024-11-26 05:00:00,2024-11-26,5,2024-11-26/2024-12-02,Keighley,6.9,6.0
2024-11-26 06:00:00,2024-11-26,6,2024-11-26/2024-12-02,Keighley,4.7,4.9
2024-11-26 07:00:00,2024-11-26,7,2024-11-26/2024-12-02,Keighley,4.8,3.4
2024-11-26 08:00:00,2024-11-26,8,2024-11-26/2024-12-02,Keighley,6.7,5.3
2024-11-26 09:00:00,2024-11-26,9,2024-11-26/2024-12-02,Keighley,14.3,12.2
2024-11-26 10:00:00,2024-11-26,10,2024-11-26/2024-12-02,Keighley,13.4,10.3
2024-11-26 11:00:00,2024-11-26,11,2024-11-26/2024-12-02,Keighley,9.1,5.3
2024-11-26 12:00:00,2024-11-26,12,2024-11-26/2024-12-02,Keighley,14.2,5.4
2024-11-26 13:00:00,2024-11-26,13,2024-11-26/2024-12-02,Keighley,13.8,5.1
2024-11-26 14:00:00,2024-11-26,14,2024-11-26/2024-12-02,Keighley,17.0,7.2
2024-11-26 15:00:00,2024-11-26,15,2024-11-26/2024-12-02,Keighley,6.1,
2024-11-26 16:00:00,2024-11-26,16,2024-11-26/2024-12-02,Keighley,11.4,6.1
2024-11-26 17:00:00,2024-11-26,17,2024-11-26/2024-12-02,Keighley,21.4,16.6
2024-11-26 18:00:00,2024-11-26,18,2024-11-26/2024-12-02,Keighley,27.3,24.5
2024-11-26 19:00:00,2024-11-26,19,2024-11-26/2024-12-02,Keighley,21.1,18.2
2024-11-26 20:00:00,2024-11-26,20,2024-11-26/2024-12-02,Keighley,18.2,15.5
2024-11-26 21:00:00,2024-11-26,21,2024-11-26/2024-12-02,Keighley,26.5,23.8
2024-11-26 22:00:00,2024-11-26,22,2024-11-26/2024-12-02,Keighley,19.8,18.3
2024-11-26 23:00:00,2024-11-26,23,2024-11-26/2024-12-02,Keighley,15.0,14.5
2024-11-27 00:00:00,2024-11-27,0,2024-11-26/2024-12-02,Keighley,16.5,15.4
2024-11-27 01:00:00,2024-11-27,1,2024-11-26/2024-12-02,Keighley,11.9,10.9
2024-11-27 02:00:00,2024-11-27,2,2024-11-26/2024-12-02,Keighley,12.3,12.4
2024-11-27 03:00:00,2024-11-27,3,2024-11-26/2024-12-02,Keighley,11.5,10.7
2024-11-27 04:00:00,2024-11-27,4,2024-11-26/2024-12-02,Keighley,13.2,13.0
2024-11-27 05:00:00,2024-11-27,5,2024-11-26/2024-12-02,Keighley,16.2,16.2
2024-11-27 06:00:00,2024-11-27,6,2024-11-26/2024-12-02,Keighley,15.7,15.6
2024-11-27 07:00:00,2024-11-27,7,2024-11-26/2024-12-02,Keighley,16.5,14.8
2024-11-27 08:00:00,2024-11-27,8,2024-11-26/2024-12-02,Keighley,20.2,18.4
2024-11-27 09:00:00,2024-11-27,9,2024-11-26/2024-12-02,Keighley,5.2,1.2
2024-11-27 10:00:00,2024-11-27,10,2024-11-26/2024-12-02,Keighley,7.8,3.6
2024-11-27 11:00:00,2024-11-27,11,2024-11-26/2024-12-02,Keighley,7.6,3.7
2024-11-27 12:00:00,2024-11-27,12,2024-11-26/2024-12-02,Keighley,10.7,7.0
2024-11-27 13:00:00,2024-11-27,13,2024-11-26/2024-12-02,Keighley,4.5,1.0
2024-11-27 14:00:00,2024-11-27,14,2024-11-26/2024-12-02,Keighley,10.3,2.7
2024-11-27 15:00:00,2024-11-27,15,2024-11-26/2024-12-02,Keighley,6.8,3.3
2024-11-27 16:00:00,2024-11-27,16,2024-11-26/2024-12-02,Keighley,0.8,
2024-11-27 17:00:00,2024-11-27,17,2024-11-26/2024-12-02,Keighley,7.7,7.6
2024-11-27 18:00:00,2024-11-27,18,2024-11-26/2024-12-02,Keighley,9.1,8.5
2024-11-27 19:00:00,2024-11-27,19,2024-11-26/2024-12-02,Keighley,7.9,6.8
2024-11-27 20:00:00,2024-11-27,20,2024-11-26/2024-12-02,Keighley,20.2,19.3
2024-11-27 21:00:00,2024-11-27,21,2024-11-26/2024-12-02,Keighley,16.4,16.4
2024-11-27 22:00:00,2024-11-27,22,2024-11-26/2024-12-02,Keighley,6.3,5.6
2024-11-27 23:00:00,2024-11-27,23,2024-11-26/2024-12-02,Keighley,10.6,10.2
2024-11-28 00:00:00,2024-11-28,0,2024-11-26/2024-12-02,Keighley,10.6,10.5
2024-11-28 01:00:00,2024-11-28,1,2024-11-26/2024-12-02,Keighley,7.8,7.0
2024-11-28 02:00:00,2024-11-28,2,2024-11-26/2024-12-02,Keighley,10.3,9.6
2024-11-28 03:00:00,2024-11-28,3,2024-11-26/2024-12-02,Keighley,9.9,9.2
2024-11-28 04:00:00,2024-11-28,4,2024-11-26/2024-12-02,Keighley,9.7,9.9
2024-11-28 05:00:00,2024-11-28,5,2024-11-26/2024-12-02,Keighley,10.5,10.4
2024-11-28 06:00:00,2024-11-28,6,2024-11-26/2024-12-02,Keighley,6.0,6.1
2024-11-28 07:00:00,2024-11-28,7,2024-11-26/2024-12-02,Keighley,13.6,12.6
2024-11-28 08:00:00,2024-11-28,8,2024-11-26/2024-12-02,Keighley,8.6,6.0
2024-11-28 09:00:00,2024-11-28,9,2024-11-26/2024-12-02,Keighley,17.3,15.8
2024-11-28 10:00:00,2024-11-28,10,2024-11-26/2024-12-02,Keighley,21.0,17.8
2024-11-28 11:00:00,2024-11-28,11,2024-11-26/2024-12-02,Keighley,21.4,18.4
2024-11-28 12:00:00,2024-11-28,12,2024-11-26/2024-12-02,Keighley,17.1,13.1
2024-11-28 13:00:00,2024-11-28,13,2024-11-26/2024-12-02,Keighley,18.9,13.7
2024-11-28 14:00:00,2024-11-28,14,2024-11-26/2024-12-02,Keighley,20.5,15.7
2024-11-28 15:00:00,2024-11-28,15,2024-11-26/2024-12-02,Keighley,14.5,9.3
2024-11-28 16:00:00,2024-11-28,16,2024-11-26/2024-12-02,Keighley,18.5,13.0
2024-11-28 17:00:00,2024-11-28,17,2024-11-26/2024-12-02,Keighley,29.9,25.1
2024-11-28 18:00:00,2024-11-28,18,2024-11-26/2024-12-02,Keighley,27.8,22.1
2024-11-28 19:00:00,2024-11-28,19,2024-11-26/2024-12-02,Keighley,29.4,25.1
2024-11-28 20:00:00,2024-11-28,20,2024-11-26/2024-12-02,Keighley,27.6,24.2
2024-11-28 21:00:00,2024-11-28,21,2024-11-26/2024-12-02,Keighley,18.3,15.4
2024-11-28 22:00:00,2024-11-28,22,2024-11-26/2024-12-02,Keighley,20.5,19.4
2024-11-28 23:00:00,2024-11-28,23,2024-11-26/2024-12-02,Keighley,15.4,13.3
2024-11-29 00:00:00,2024-11-29,0,2024-11-26/2024-12-02,Keighley,11.1,9.8
2024-11-29 01:00:00,2024-11-29,1,2024-11-26/2024-12-02,Keighley,10.8,9.5
2024-11-29 02:00:00,2024-11-29,2,2024-11-26/2024-12-02,Keighley,7.9,6.8
2024-11-29 03:00:00,2024-11-29,3,2024-11-26/2024-12-02,Keighley,10.1,8.2
2024-11-29 04:00:00,2024-11-29,4,2024-11-26/2024-12-02,Keighley,6.7,4.8
2024-11-29 05:00:00,2024-11-29,5,2024-11-26/2024-12-02,Keighley,8.1,6.5
2024-11-29 06:00:00,2024-11-29,6,2024-11-26/2024-12-02,Keighley,12.3,9.9
2024-11-29 07:00:00,2024-11-29,7,2024-11-26/2024-12-02,Keighley,10.8,7.3
2024-11-29 08:00:00,2024-11-29,8,2024-11-26/2024-12-02,Keighley,9.5,6.3
2024-11-29 09:00:00,2024-11-29,9,2024-11-26/2024-12-02,Keighley,14.7,10.4
2024-11-29 10:00:00,2024-11-29,10,2024-11-26/2024-12-02,Keighley,14.5,10.5
2024-11-29 11:00:00,2024-11-29,11,2024-11-26/2024-12-02,Keighley,21.8,14.1
2024-11-29 12:00:00,2024-11-29,12,2024-11-26/2024-12-02,Keighley,22.6,17.9
2024-11-29 13:00:00,2024-11-29,13,2024-11-26/2024-12-02,Keighley,14.5,9.7
2024-11-29 14:00:00,2024-11-29,14,2024-11-26/2024-12-02,Keighley,16.5,11.6
2024-11-29 15:00:00,2024-11-29,15,2024-11-26/2024-12-02,Keighley,14.2,8.6
2024-11-29 16:00:00,2024-11-29,16,2024-11-26/2024-12-02,Keighley,15.4,10.0
2024-11-29 17:00:00,2024-11-29,17,2024-11-26/2024-12-02,Keighley,16.2,11.2
2024-11-29 18:00:00,2024-11-29,18,2024-11-26/2024-12-02,Keighley,16.0,11.6
2024-11-29 19:00:00,2024-11-29,19,2024-11-26/2024-12-02,Keighley,9.3,5.0
2024-11-29 20:00:00,2024-11-29,20,2024-11-26/2024-12-02,Keighley,19.0,13.1
2024-11-29 21:00:00,2024-11-29,21,2024-11-26/2024-12-02,Keighley,13.5,9.1
2024-11-29 22:00:00,2024-11-29,22,2024-11-26/2024-12-02,Keighley,9.7,7.4
2024-11-29 23:00:00,2024-11-29,23,2024-11-26/2024-12-02,Keighley,10.2,8.1
2024-11-30 00:00:00,2024-11-30,0,2024-11-26/2024-12-02,Keighley,12.5,10.4
2024-11-30 01:00:00,2024-11-30,1,2024-11-26/2024-12-02,Keighley,6.4,3.3
2024-11-30 02:00:00,2024-11-30,2,2024-11-26/2024-12-02,Keighley,9.9,7.2
2024-11-30 03:00:00,2024-11-30,3,2024-11-26/2024-12-02,Keighley,9.3,7.0
2024-11-30 04:00:00,2024-11-30,4,2024-11-26/2024-12-02,Keighley,7.7,4.7
2024-11-30 05:00:00,2024-11-30,5,2024-11-26/2024-12-02,Keighley,10.9,8.3
2024-11-30 06:00:00,2024-11-30,6,2024-11-26/2024-12-02,Keighley,9.9,8.3
2024-11-30 07:00:00,2024-11-30,7,2024-11-26/2024-12-02,Keighley,6.9,4.3
2024-11-30 08:00:00,2024-11-30,8,2024-11-26/2024-12-02,Keighley,8.3,6.1
2024-11-30 09:00:00,2024-11-30,9,2024-11-26/2024-12-02,Keighley,13.0,11.7
2024-11-30 10:00:00,2024-11-30,10,2024-11-26/2024-12-02,Keighley,9.3,7.2
2024-11-30 11:00:00,2024-11-30,11,2024-11-26/2024-12-02,Keighley,8.6,5.9
2024-11-30 12:00:00,2024-11-30,12,2024-11-26/2024-12-02,Keighley,6.7,4.3
2024-11-30 13:00:00,2024-11-30,13,2024-11-26/2024-12-02,Keighley,11.8,10.2
2024-11-30 14:00:00,2024-11-30,14,2024-11-26/2024-12-02,Keighley,8.1,3.8
2024-11-30 15:00:00,2024-11-30,15,2024-11-26/2024-12-02,Keighley,8.2,6.9
2024-11-30 16:00:00,2024-11-30,16,2024-11-26/2024-12-02,Keighley,8.3,6.0
2024-11-30 17:00:00,2024-11-30,17,2024-11-26/2024-12-02,Keighley,8.3,6.8
2024-11-30 18:00:00,2024-11-30,18,2024-11-26/2024-12-02,Keighley,6.4,4.7
2024-11-30 19:00:00,2024-11-30,19,2024-11-26/2024-12-02,Keighley,4.8,3.4
2024-11-30 20:00:00,2024-11-30,20,2024-11-26/2024-12-02,Keighley,6.5,4.3
2024-11-30 21:00:00,2024-11-30,21,2024-11-26/2024-12-02,Keighley,8.1,5.8
2024-11-30 22:00:00,2024-11-30,22,2024-11-26/2024-12-02,Keighley,8.7,6.7
2024-11-30 23:00:00,2024-11-30,23,2024-11-26/2024-12-02,Keighley,8.1,4.5
2024-12-01 00:00:00,2024-12-01,0,2024-11-26/2024-12-02,Keighley,9.4,5.3
2024-12-01 01:00:00,2024-12-01,1,2024-11-26/2024-12-02,Keighley,6.4,2.6
2024-12-01 02:00:00,2024-12-01,2,2024-11-26/2024-12-02,Keighley,6.6,3.5
2024-12-01 03:00:00,2024-12-01,3,2024-11-26/2024-12-02,Keighley,7.5,5.9
2024-12-01 04:00:00,2024-12-01,4,2024-11-26/2024-12-02,Keighley,4.0,1.1
2024-12-01 05:00:00,2024-12-01,5,2024-11-26/2024-12-02,Keighley,6.3,3.5
2024-12-01 06:00:00,2024-12-01,6,2024-11-26/2024-12-02,Keighley,4.9,4.1
2024-12-01 07:00:00,2024-12-01,7,2024-11-26/2024-12-02,Keighley,4.9,4.4
2024-12-01 08:00:00,2024-12-01,8,2024-11-26/2024-12-02,Keighley,,
2024-12-01 09:00:00,2024-12-01,9,2024-11-26/2024-12-02,Keighley,1.1,0.9
2024-12-01 10:00:00,2024-12-01,10,2024-11-26/2024-12-02,Keighley,7.5,7.4
2024-12-01 11:00:00,2024-12-01,11,2024-11-26/2024-12-02,Keighley,3.9,3.5
2024-12-01 12:00:00,2024-12-01,12,2024-11-26/2024-12-02,Keighley,3.1,2.3
2024-12-01 13:00:00,2024-12-01,13,2024-11-26/2024-12-02,Keighley,2.5,1.4
2024-12-01 14:00:00,2024-12-01,14,2024-11-26/2024-12-02,Keighley,1.4,0.1
2024-12-01 15:00:00,2024-12-01,15,2024-11-26/2024-12-02,Keighley,5.6,5.4
2024-12-01 16:00:00,2024-12-01,16,2024-11-26/2024-12-02,Keighley,2.7,1.3
2024-12-01 17:00:00,2024-12-01,17,2024-11-26/2024-12-02,Keighley,4.4,3.1
2024-12-01 18:00:00,2024-12-01,18,2024-11-26/2024-12-02,Keighley,7.6,6.4
2024-12-01 19:00:00,2024-12-01,19,2024-11-26/2024-12-02,Keighley,9.4,8.2
2024-12-01 20:00:00,2024-12-01,20,2024-11-26/2024-12-02,Keighley,7.5,6.7
2024-12-01 21:00:00,2024-12-01,21,2024-11-26/2024-12-02,Keighley,9.6,9.0
2024-12-01 22:00:00,2024-12-01,22,2024-11-26/2024-12-02,Keighley,2.5,1.6
2024-12-01 23:00:00,2024-12-01,23,2024-11-26/2024-12-02,Keighley,5.5,5.2
2024-12-02 00:00:00,2024-12-02,0,2024-11-26/2024-12-02,Keighley,1.1,0.4
2024-12-02 01:00:00,2024-12-02,1,2024-11-26/2024-12-02,Keighley,4.3,1.8
2024-12-02 02:00:00,2024-12-02,2,2024-11-26/2024-12-02,Keighley,7.1,3.5
2024-12-02 03:00:00,2024-12-02,3,2024-11-26/2024-12-02,Keighley,7.0,2.7
2024-12-02 04:00:00,2024-12-02,4,2024-11-26/2024-12-02,Keighley,1.9,
2024-12-02 05:00:00,2024-12-02,5,2024-11-26/2024-12-02,Keighley,4.0,3.1
2024-12-02 06:00:00,2024-12-02,6,2024-11-26/2024-12-02,Keighley,2.4,1.8
2024-12-02 07:00:00,2024-12-02,7,2024-11-26/2024-12-02,Keighley,3.4,2.3
2024-12-02 08:00:00,2024-12-02,8,2024-11-26/2024-12-02,Keighley,1.5,
2024-12-02 09:00:00,2024-12-02,9,2024-11-26/2024-12-02,Keighley,6.2,4.7
2024-12-02 10:00:00,2024-12-02,10,2024-11-26/2024-12-02,Keighley,5.4,4.1
2024-12-02 11:00:00,2024-12-02,11,2024-11-26/2024-12-02,Keighley,,
2024-12-02 12:00:00,2024-12-02,12,2024-11-26/2024-12-02,Keighley,2.1,1.7
2024-12-02 13:00:00,2024-12-02,13,2024-11-26/2024-12-02,Keighley,1.8,0.8
2024-12-02 14:00:00,2024-12-02,14,2024-11-26/2024-12-02,Keighley,1.5,0.6
2024-12-02 15:00:00,2024-12-02,15,2024-11-26/2024-12-02,Keighley,4.5,1.7
2024-12-02 16:00:00,2024-12-02,16,2024-11-26/2024-12-02,Keighley,9.5,7.6
2024-12-02 17:00:00,2024-12-02,17,2024-11-26/2024-12-02,Keighley,2.8,
2024-12-02 18:00:00,2024-12-02,18,2024-11-26/2024-12-02,Keighley,8.7,4.4
2024-12-02 19:00:00,2024-12-02,19,2024-11-26/2024-12-02,Keighley,11.3,8.3
2024-12-02 20:00:00,2024-12-02,20,2024-11-26/2024-12-02,Keighley,13.8,5.8
2024-12-02 21:00:00,2024-12-02,21,2024-11-26/2024-12-02,Keighley,11.5,0.8
2024-12-02 22:00:00,2024-12-02,22,2024-11-26/2024-12-02,Keighley,10.6,5.7
2024-12-02 23:00:00,2024-12-02,23,2024-11-26/2024-12-02,Keighley,8.4,5.7
2024-12-03 00:00:00,2024-12-03,0,2024-12-03/2024-12-09,Keighley,15.2,9.8
2024-12-03 01:00:00,2024-12-03,1,2024-12-03/2024-12-09,Keighley,8.1,1.3
2024-12-03 02:00:00,2024-12-03,2,2024-12-03/2024-12-09,Keighley,4.0,2.7
2024-12-03 03:00:00,2024-12-03,3,2024-12-03/2024-12-09,Keighley,4.3,4.8
2024-12-03 04:00:00,2024-12-03,4,2024-12-03/2024-12-09,Keighley,3.0,3.3
2024-12-03 05:00:00,2024-12-03,5,2024-12-03/2024-12-09,Keighley,2.6,2.7
2024-12-03 06:00:00,2024-12-03,6,2024-12-03/2024-12-09,Keighley,5.2,5.5
2024-12-03 07:00:00,2024-12-03,7,2024-12-03/2024-12-09,Keighley,3.4,2.8
2024-12-03 08:00:00,2024-12-03,8,2024-12-03/2024-12-09,Keighley,7.1,6.6
2024-12-03 09:00:00,2024-12-03,9,2024-12-03/2024-12-09,Keighley,10.7,9.7
2024-12-03 10:00:00,2024-12-03,10,2024-12-03/2024-12-09,Keighley,18.5,16.8
2024-12-03 11:00:00,2024-12-03,11,2024-12-03/2024-12-09,Keighley,10.1,7.3
2024-12-03 12:00:00,2024-12-03,12,2024-12-03/2024-12-09,Keighley,16.2,9.8
2024-12-03 13:00:00,2024-12-03,13,2024-12-03/2024-12-09,Keighley,16.2,7.9
2024-12-03 14:00:00,2024-12-03,14,2024-12-03/2024-12-09,Keighley,29.6,9.1
2024-12-03 15:00:00,2024-12-03,15,2024-12-03/2024-12-09,Keighley,28.5,10.3
2024-12-03 16:00:00,2024-12-03,16,2024-12-03/2024-12-09,Keighley,,
2024-12-03 17:00:00,2024-12-03,17,2024-12-03/2024-12-09,Keighley,19.6,14.9
2024-12-03 18:00:00,2024-12-03,18,2024-12-03/2024-12-09,Keighley,18.6,15.4
2024-12-03 19:00:00,2024-12-03,19,2024-12-03/2024-12-09,Keighley,23.5,19.3
2024-12-03 20:00:00,2024-12-03,20,2024-12-03/2024-12-09,Keighley,17.1,13.8
2024-12-03 21:00:00,2024-12-03,21,2024-12-03/2024-12-09,Keighley,16.2,14.3
2024-12-03 22:00:00,2024-12-03,22,2024-12-03/2024-12-09,Keighley,14.6,13.1
2024-12-03 23:00:00,2024-12-03,23,2024-12-03/2024-12-09,Keighley,13.7,13.3
2024-12-04 00:00:00,2024-12-04,0,2024-12-03/2024-12-09,Keighley,11.3,11.1
2024-12-04 01:00:00,2024-12-04,1,2024-12-03/2024-12-09,Keighley,6.2,6.3
2024-12-04 02:00:00,2024-12-04,2,2024-12-03/2024-12-09,Keighley,8.5,7.7
2024-12-04 03:00:00,2024-12-04,3,2024-12-03/2024-12-09,Keighley,6.6,4.7
2024-12-04 04:00:00,2024-12-04,4,2024-12-03/2024-12-09,Keighley,9.5,7.1
2024-12-04 05:00:00,2024-12-04,5,2024-12-03/2024-12-09,Keighley,8.0,5.0
2024-12-04 06:00:00,2024-12-04,6,2024-12-03/2024-12-09,Keighley,10.0,6.4
2024-12-04 07:00:00,2024-12-04,7,2024-12-03/2024-12-09,Keighley,17.1,13.9
2024-12-04 08:00:00,2024-12-04,8,2024-12-03/2024-12-09,Keighley,19.3,15.6
2024-12-04 09:00:00,2024-12-04,9,2024-12-03/2024-12-09,Keighley,24.1,20.0
2024-12-04 10:00:00,2024-12-04,10,2024-12-03/2024-12-09,Keighley,14.1,12.1
2024-12-04 11:00:00,2024-12-04,11,2024-12-03/2024-12-09,Keighley,12.6,9.8
2024-12-04 12:00:00,2024-12-04,12,2024-12-03/2024-12-09,Keighley,17.3,15.2
2024-12-04 13:00:00,2024-12-04,13,2024-12-03/2024-12-09,Keighley,16.5,12.7
2024-12-04 14:00:00,2024-12-04,14,2024-12-03/2024-12-09,Keighley,12.2,6.1
2024-12-04 15:00:00,2024-12-04,15,2024-12-03/2024-12-09,Keighley,16.2,10.2
2024-12-04 16:00:00,2024-12-04,16,2024-12-03/2024-12-09,Keighley,12.6,7.2
2024-12-04 17:00:00,2024-12-04,17,2024-12-03/2024-12-09,Keighley,13.9,10.5
2024-12-04 18:00:00,2024-12-04,18,2024-12-03/2024-12-09,Keighley,10.7,9.0
2024-12-04 19:00:00,2024-12-04,19,2024-12-03/2024-12-09,Keighley,10.8,9.8
2024-12-04 20:00:00,2024-12-04,20,2024-12-03/2024-12-09,Keighley,,5.7
2024-12-04 21:00:00,2024-12-04,21,2024-12-03/2024-12-09,Keighley,,0.2
2024-12-04 22:00:00,2024-12-04,22,2024-12-03/2024-12-09,Keighley,,0.8
2024-12-04 23:00:00,2024-12-04,23,2024-12-03/2024-12-09,Keighley,,2.5
2024-12-05 00:00:00,2024-12-05,0,2024-12-03/2024-12-09,Keighley,,0.9
2024-12-05 01:00:00,2024-12-05,1,2024-12-03/2024-12-09,Keighley,,
2024-12-05 02:00:00,2024-12-05,2,2024-12-03/2024-12-09,Keighley,,1.4
2024-12-05 03:00:00,2024-12-05,3,2024-12-03/2024-12-09,Keighley,,2.2
2024-12-05 04:00:00,2024-12-05,4,2024-12-03/2024-12-09,Keighley,,
2024-12-05 05:00:00,2024-12-05,5,2024-12-03/2024-12-09,Keighley,,
2024-12-05 06:00:00,2024-12-05,6,2024-12-03/2024-12-09,Keighley,,
2024-12-05 07:00:00,2024-12-05,7,2024-12-03/2024-12-09,Keighley,5.7,
2024-12-05 08:00:00,2024-12-05,8,2024-12-03/2024-12-09,Keighley,10.7,4.2
2024-12-05 09:00:00,2024-12-05,9,2024-12-03/2024-12-09,Keighley,14.9,6.8
2024-12-05 10:00:00,2024-12-05,10,2024-12-03/2024-12-09,Keighley,15.1,6.1
2024-12-05 11:00:00,2024-12-05,11,2024-12-03/2024-12-09,Keighley,9.7,1.4
2024-12-05 12:00:00,2024-12-05,12,2024-12-03/2024-12-09,Keighley,11.2,4.3
2024-12-05 13:00:00,2024-12-05,13,2024-12-03/2024-12-09,Keighley,7.6,0.1
2024-12-05 14:00:00,2024-12-05,14,2024-12-03/2024-12-09,Keighley,10.9,5.5
2024-12-05 15:00:00,2024-12-05,15,2024-12-03/2024-12-09,Keighley,8.9,6.8
2024-12-05 16:00:00,2024-12-05,16,2024-12-03/2024-12-09,Keighley,13.8,12.8
2024-12-05 17:00:00,2024-12-05,17,2024-12-03/2024-12-09,Keighley,,
2024-12-05 18:00:00,2024-12-05,18,2024-12-03/2024-12-09,Keighley,2.7,1.1
2024-12-05 19:00:00,2024-12-05,19,2024-12-03/2024-12-09,Keighley,5.2,
2024-12-05 20:00:00,2024-12-05,20,2024-12-03/2024-12-09,Keighley,10.1,5.5
2024-12-05 21:00:00,2024-12-05,21,2024-12-03/2024-12-09,Keighley,5.4,1.3
2024-12-05 22:00:00,2024-12-05,22,2024-12-03/2024-12-09,Keighley,5.9,1.4
2024-12-05 23:00:00,2024-12-05,23,2024-12-03/2024-12-09,Keighley,3.7,1.3
2024-12-06 00:00:00,2024-12-06,0,2024-12-03/2024-12-09,Keighley,6.1,3.1
2024-12-06 01:00:00,2024-12-06,1,2024-12-03/2024-12-09,Keighley,8.5,1.7
2024-12-06 02:00:00,2024-12-06,2,2024-12-03/2024-12-09,Keighley,10.2,3.1
2024-12-06 03:00:00,2024-12-06,3,2024-12-03/2024-12-09,Keighley,11.4,3.3
2024-12-06 04:00:00,2024-12-06,4,2024-12-03/2024-12-09,Keighley,10.7,1.8
2024-12-06 05:00:00,2024-12-06,5,2024-12-03/2024-12-09,Keighley,14.7,6.0
2024-12-06 06:00:00,2024-12-06,6,2024-12-03/2024-12-09,Keighley,14.0,5.4
2024-12-06 07:00:00,2024-12-06,7,2024-12-03/2024-12-09,Keighley,12.9,2.2
2024-12-06 08:00:00,2024-12-06,8,2024-12-03/2024-12-09,Keighley,20.4,9.5
2024-12-06 09:00:00,2024-12-06,9,2024-12-03/2024-12-09,Keighley,15.9,6.1
2024-12-06 10:00:00,2024-12-06,10,2024-12-03/2024-12-09,Keighley,24.7,12.3
2024-12-06 11:00:00,2024-12-06,11,2024-12-03/2024-12-09,Keighley,26.6,11.8
2024-12-06 12:00:00,2024-12-06,12,2024-12-03/2024-12-09,Keighley,35.6,12.8
2024-12-06 13:00:00,2024-12-06,13,2024-12-03/2024-12-09,Keighley,27.0,7.9
2024-12-06 14:00:00,2024-12-06,14,2024-12-03/2024-12-09,Keighley,24.5,4.5
2024-12-06 15:00:00,2024-12-06,15,2024-12-03/2024-12-09,Keighley,27.4,10.3
2024-12-06 16:00:00,2024-12-06,16,2024-12-03/2024-12-09,Keighley,30.5,6.2
2024-12-06 17:00:00,2024-12-06,17,2024-12-03/2024-12-09,Keighley,28.8,7.9
2024-12-06 18:00:00,2024-12-06,18,2024-12-03/2024-12-09,Keighley,12.8,5.4
2024-12-06 19:00:00,2024-12-06,19,2024-12-03/2024-12-09,Keighley,10.8,6.2
2024-12-06 20:00:00,2024-12-06,20,2024-12-03/2024-12-09,Keighley,9.6,6.7
2024-12-06 21:00:00,2024-12-06,21,2024-12-03/2024-12-09,Keighley,,5.4
2024-12-06 22:00:00,2024-12-06,22,2024-12-03/2024-12-09,Keighley,,3.6
2024-12-06 23:00:00,2024-12-06,23,2024-12-03/2024-12-09,Keighley,,
2024-12-07 00:00:00,2024-12-07,0,2024-12-03/2024-12-09,Keighley,,4.8
2024-12-07 01:00:00,2024-12-07,1,2024-12-03/2024-12-09,Keighley,,
2024-12-07 02:00:00,2024-12-07,2,2024-12-03/2024-12-09,Keighley,,3.0
2024-12-07 03:00:00,2024-12-07,3,2024-12-03/2024-12-09,Keighley,,1.8
2024-12-07 04:00:00,2024-12-07,4,2024-12-03/2024-12-09,Keighley,,0.3
2024-12-07 05:00:00,2024-12-07,5,2024-12-03/2024-12-09,Keighley,,
2024-12-07 06:00:00,2024-12-07,6,2024-12-03/2024-12-09,Keighley,,
2024-12-07 07:00:00,2024-12-07,7,2024-12-03/2024-12-09,Keighley,1.5,1.3
2024-12-07 08:00:00,2024-12-07,8,2024-12-03/2024-12-09,Keighley,0.7,0.4
2024-12-07 09:00:00,2024-12-07,9,2024-12-03/2024-12-09,Keighley,1.5,0.9
2024-12-07 10:00:00,2024-12-07,10,2024-12-03/2024-12-09,Keighley,3.2,3.1
2024-12-07 11:00:00,2024-12-07,11,2024-12-03/2024-12-09,Keighley,,
2024-12-07 12:00:00,2024-12-07,12,2024-12-03/2024-12-09,Keighley,,
2024-12-07 13:00:00,2024-12-07,13,2024-12-03/2024-12-09,Keighley,1.6,0.9
2024-12-07 14:00:00,2024-12-07,14,2024-12-03/2024-12-09,Keighley,,0.2
2024-12-07 15:00:00,2024-12-07,15,2024-12-03/2024-12-09,Keighley,,
2024-12-07 16:00:00,2024-12-07,16,2024-12-03/2024-12-09,Keighley,6.3,4.2
2024-12-07 17:00:00,2024-12-07,17,2024-12-03/2024-12-09,Keighley,7.8,4.8
2024-12-07 18:00:00,2024-12-07,18,2024-12-03/2024-12-09,Keighley,3.8,
2024-12-07 19:00:00,2024-12-07,19,2024-12-03/2024-12-09,Keighley,,
2024-12-07 20:00:00,2024-12-07,20,2024-12-03/2024-12-09,Keighley,1.3,
2024-12-07 21:00:00,2024-12-07,21,2024-12-03/2024-12-09,Keighley,1.0,
2024-12-07 22:00:00,2024-12-07,22,2024-12-03/2024-12-09,Keighley,3.4,
2024-12-07 23:00:00,2024-12-07,23,2024-12-03/2024-12-09,Keighley,1.0,
2024-12-08 00:00:00,2024-12-08,0,2024-12-03/2024-12-09,Keighley,0.4,
2024-12-08 01:00:00,2024-12-08,1,2024-12-03/2024-12-09,Keighley,3.2,3.7
2024-12-08 02:00:00,2024-12-08,2,2024-12-03/2024-12-09,Keighley,,
2024-12-08 03:00:00,2024-12-08,3,2024-12-03/2024-12-09,Keighley,2.4,2.1
2024-12-08 04:00:00,2024-12-08,4,2024-12-03/2024-12-09,Keighley,2.9,2.6
2024-12-08 05:00:00,2024-12-08,5,2024-12-03/2024-12-09,Keighley,1.8,
2024-12-08 06:00:00,2024-12-08,6,2024-12-03/2024-12-09,Keighley,6.9,3.4
2024-12-08 07:00:00,2024-12-08,7,2024-12-03/2024-12-09,Keighley,2.6,
2024-12-08 08:00:00,2024-12-08,8,2024-12-03/2024-12-09,Keighley,6.7,4.8
2024-12-08 09:00:00,2024-12-08,9,2024-12-03/2024-12-09,Keighley,,
2024-12-08 10:00:00,2024-12-08,10,2024-12-03/2024-12-09,Keighley,4.2,4.6
2024-12-08 11:00:00,2024-12-08,11,2024-12-03/2024-12-09,Keighley,2.6,2.0
2024-12-08 12:00:00,2024-12-08,12,2024-12-03/2024-12-09,Keighley,,
2024-12-08 13:00:00,2024-12-08,13,2024-12-03/2024-12-09,Keighley,5.8,2.5
2024-12-08 14:00:00,2024-12-08,14,2024-12-03/2024-12-09,Keighley,7.9,3.9
2024-12-08 15:00:00,2024-12-08,15,2024-12-03/2024-12-09,Keighley,2.0,0.2
2024-12-08 16:00:00,2024-12-08,16,2024-12-03/2024-12-09,Keighley,4.3,1.4
2024-12-08 17:00:00,2024-12-08,17,2024-12-03/2024-12-09,Keighley,4.8,0.5
2024-12-08 18:00:00,2024-12-08,18,2024-12-03/2024-12-09,Keighley,8.4,1.2
2024-12-08 19:00:00,2024-12-08,19,2024-12-03/2024-12-09,Keighley,13.7,7.8
2024-12-08 20:00:00,2024-12-08,20,2024-12-03/2024-12-09,Keighley,8.7,3.9
2024-12-08 21:00:00,2024-12-08,21,2024-12-03/2024-12-09,Keighley,7.9,2.7
2024-12-08 22:00:00,2024-12-08,22,2024-12-03/2024-12-09,Keighley,7.1,1.8
2024-12-08 23:00:00,2024-12-08,23,2024-12-03/2024-12-09,Keighley,9.1,2.9
2024-12-09 00:00:00,2024-12-09,0,2024-12-03/2024-12-09,Keighley,11.7,3.9
2024-12-09 01:00:00,2024-12-09,1,2024-12-03/2024-12-09,Keighley,12.8,4.4
2024-12-09 02:00:00,2024-12-09,2,2024-12-03/2024-12-09,Keighley,10.0,2.2
2024-12-09 03:00:00,2024-12-09,3,2024-12-03/2024-12-09,Keighley,6.8,1.2
2024-12-09 04:00:00,2024-12-09,4,2024-12-03/2024-12-09,Keighley,6.4,1.1
2024-12-09 05:00:00,2024-12-09,5,2024-12-03/2024-12-09,Keighley,9.1,3.7
2024-12-09 06:00:00,2024-12-09,6,2024-12-03/2024-12-09,Keighley,6.7,0.3
2024-12-09 07:00:00,2024-12-09,7,2024-12-03/2024-12-09,Keighley,9.7,4.1
2024-12-09 08:00:00,2024-12-09,8,2024-12-03/2024-12-09,Keighley,9.4,4.4
2024-12-09 09:00:00,2024-12-09,9,2024-12-03/2024-12-09,Keighley,8.1,1.9
2024-12-09 10:00:00,2024-12-09,10,2024-12-03/2024-12-09,Keighley,8.0,1.7
2024-12-09 11:00:00,2024-12-09,11,2024-12-03/2024-12-09,Keighley,10.7,3.9
2024-12-09 12:00:00,2024-12-09,12,2024-12-03/2024-12-09,Keighley,10.8,3.7
2024-12-09 13:00:00,2024-12-09,13,2024-12-03/2024-12-09,Keighley,11.4,5.5
2024-12-09 14:00:00,2024-12-09,14,2024-12-03/2024-12-09,Keighley,9.6,2.6
2024-12-09 15:00:00,2024-12-09,15,2024-12-03/2024-12-09,Keighley,8.4,1.8
2024-12-09 16:00:00,2024-12-09,16,2024-12-03/2024-12-09,Keighley,11.3,5.4
2024-12-09 17:00:00,2024-12-09,17,2024-12-03/2024-12-09,Keighley,7.0,0.0
2024-12-09 18:00:00,2024-12-09,18,2024-12-03/2024-12-09,Keighley,8.4,0.9
2024-12-09 19:00:00,2024-12-09,19,2024-12-03/2024-12-09,Keighley,10.8,4.4
2024-12-09 20:00:00,2024-12-09,20,2024-12-03/2024-12-09,Keighley,11.1,6.1
2024-12-09 21:00:00,2024-12-09,21,2024-12-03/2024-12-09,Keighley,8.6,4.3
2024-12-09 22:00:00,2024-12-09,22,2024-12-03/2024-12-09,Keighley,9.3,3.7
2024-12-09 23:00:00,2024-12-09,23,2024-12-03/2024-12-09,Keighley,10.4,3.8
2024-12-10 00:00:00,2024-12-10,0,2024-12-10/2024-12-16,Keighley,8.7,2.4
2024-12-10 01:00:00,2024-12-10,1,2024-12-10/2024-12-16,Keighley,8.7,2.4
2024-12-10 02:00:00,2024-12-10,2,2024-12-10/2024-12-16,Keighley,9.0,3.3
2024-12-10 03:00:00,2024-12-10,3,2024-12-10/2024-12-16,Keighley,11.0,4.0
2024-12-10 04:00:00,2024-12-10,4,2024-12-10/2024-12-16,Keighley,11.2,4.6
2024-12-10 05:00:00,2024-12-10,5,2024-12-10/2024-12-16,Keighley,11.7,4.9
2024-12-10 06:00:00,2024-12-10,6,2024-12-10/2024-12-16,Keighley,10.4,3.0
2024-12-10 07:00:00,2024-12-10,7,2024-12-10/2024-12-16,Keighley,10.6,3.1
2024-12-10 08:00:00,2024-12-10,8,2024-12-10/2024-12-16,Keighley,12.9,5.2
2024-12-10 09:00:00,2024-12-10,9,2024-12-10/2024-12-16,Keighley,6.1,
2024-12-10 10:00:00,2024-12-10,10,2024-12-10/2024-12-16,Keighley,8.5,0.7
2024-12-10 11:00:00,2024-12-10,11,2024-12-10/2024-12-16,Keighley,10.0,2.6
2024-12-10 12:00:00,2024-12-10,12,2024-12-10/2024-12-16,Keighley,8.8,2.5
2024-12-10 13:00:00,2024-12-10,13,2024-12-10/2024-12-16,Keighley,6.9,
2024-12-10 14:00:00,2024-12-10,14,2024-12-10/2024-12-16,Keighley,9.0,2.0
2024-12-10 15:00:00,2024-12-10,15,2024-12-10/2024-12-16,Keighley,9.7,3.5
2024-12-10 16:00:00,2024-12-10,16,2024-12-10/2024-12-16,Keighley,9.0,2.5
2024-12-10 17:00:00,2024-12-10,17,2024-12-10/2024-12-16,Keighley,10.4,3.9
2024-12-10 18:00:00,2024-12-10,18,2024-12-10/2024-12-16,Keighley,7.9,2.1
2024-12-10 19:00:00,2024-12-10,19,2024-12-10/2024-12-16,Keighley,13.3,9.0
2024-12-10 20:00:00,2024-12-10,20,2024-12-10/2024-12-16,Keighley,6.6,0.8
2024-12-10 21:00:00,2024-12-10,21,2024-12-10/2024-12-16,Keighley,8.0,1.9
2024-12-10 22:00:00,2024-12-10,22,2024-12-10/2024-12-16,Keighley,7.9,2.6
2024-12-10 23:00:00,2024-12-10,23,2024-12-10/2024-12-16,Keighley,9.2,4.2
2024-12-11 00:00:00,2024-12-11,0,2024-12-10/2024-12-16,Keighley,5.0,0.1
2024-12-11 01:00:00,2024-12-11,1,2024-12-10/2024-12-16,Keighley,6.8,2.3
2024-12-11 02:00:00,2024-12-11,2,2024-12-10/2024-12-16,Keighley,4.5,
2024-12-11 03:00:00,2024-12-11,3,2024-12-10/2024-12-16,Keighley,5.2,0.2
2024-12-11 04:00:00,2024-12-11,4,2024-12-10/2024-12-16,Keighley,7.6,3.0
2024-12-11 05:00:00,2024-12-11,5,2024-12-10/2024-12-16,Keighley,9.3,5.6
2024-12-11 06:00:00,2024-12-11,6,2024-12-10/2024-12-16,Keighley,8.6,4.3
2024-12-11 07:00:00,2024-12-11,7,2024-12-10/2024-12-16,Keighley,9.1,3.6
2024-12-11 08:00:00,2024-12-11,8,2024-12-10/2024-12-16,Keighley,11.4,5.6
2024-12-11 09:00:00,2024-12-11,9,2024-12-10/2024-12-16,Keighley,8.5,0.9
2024-12-11 10:00:00,2024-12-11,10,2024-12-10/2024-12-16,Keighley,7.7,1.8
2024-12-11 11:00:00,2024-12-11,11,2024-12-10/2024-12-16,Keighley,6.5,0.0
2024-12-11 12:00:00,2024-12-11,12,2024-12-10/2024-12-16,Keighley,10.0,4.4
2024-12-11 13:00:00,2024-12-11,13,2024-12-10/2024-12-16,Keighley,9.2,3.6
2024-12-11 14:00:00,2024-12-11,14,2024-12-10/2024-12-16,Keighley,13.6,6.5
2024-12-11 15:00:00,2024-12-11,15,2024-12-10/2024-12-16,Keighley,11.2,6.0
2024-12-11 16:00:00,2024-12-11,16,2024-12-10/2024-12-16,Keighley,10.9,3.0
2024-12-11 17:00:00,2024-12-11,17,2024-12-10/2024-12-16,Keighley,11.4,5.0
2024-12-11 18:00:00,2024-12-11,18,2024-12-10/2024-12-16,Keighley,10.8,5.7
2024-12-11 19:00:00,2024-12-11,19,2024-12-10/2024-12-16,Keighley,10.2,4.9
2024-12-11 20:00:00,2024-12-11,20,2024-12-10/2024-12-16,Keighley,15.5,11.6
2024-12-11 21:00:00,2024-12-11,21,2024-12-10/2024-12-16,Keighley,11.9,7.8
2024-12-11 22:00:00,2024-12-11,22,2024-12-10/2024-12-16,Keighley,17.7,10.8
2024-12-11 23:00:00,2024-12-11,23,2024-12-10/2024-12-16,Keighley,13.1,8.4
2024-12-12 00:00:00,2024-12-12,0,2024-12-10/2024-12-16,Keighley,15.8,9.3
2024-12-12 01:00:00,2024-12-12,1,2024-12-10/2024-12-16,Keighley,9.3,4.6
2024-12-12 02:00:00,2024-12-12,2,2024-12-10/2024-12-16,Keighley,4.7,2.0
2024-12-12 03:00:00,2024-12-12,3,2024-12-10/2024-12-16,Keighley,9.7,6.6
2024-12-12 04:00:00,2024-12-12,4,2024-12-10/2024-12-16,Keighley,10.5,6.3
2024-12-12 05:00:00,2024-12-12,5,2024-12-10/2024-12-16,Keighley,10.6,8.0
2024-12-12 06:00:00,2024-12-12,6,2024-12-10/2024-12-16,Keighley,12.0,10.6
2024-12-12 07:00:00,2024-12-12,7,2024-12-10/2024-12-16,Keighley,13.4,13.4
2024-12-12 08:00:00,2024-12-12,8,2024-12-10/2024-12-16,Keighley,14.0,13.7
2024-12-12 09:00:00,2024-12-12,9,2024-12-10/2024-12-16,Keighley,16.0,16.0
2024-12-12 10:00:00,2024-12-12,10,2024-12-10/2024-12-16,Keighley,17.5,17.6
2024-12-12 11:00:00,2024-12-12,11,2024-12-10/2024-12-16,Keighley,25.9,27.2
2024-12-12 12:00:00,2024-12-12,12,2024-12-10/2024-12-16,Keighley,55.5,52.0
2024-12-12 13:00:00,2024-12-12,13,2024-12-10/2024-12-16,Keighley,5.4,4.8
2024-12-12 14:00:00,2024-12-12,14,2024-12-10/2024-12-16,Keighley,9.4,8.0
2024-12-12 15:00:00,2024-12-12,15,2024-12-10/2024-12-16,Keighley,5.7,3.6
2024-12-12 16:00:00,2024-12-12,16,2024-12-10/2024-12-16,Keighley,6.0,5.0
2024-12-12 17:00:00,2024-12-12,17,2024-12-10/2024-12-16,Keighley,5.6,4.3
2024-12-12 18:00:00,2024-12-12,18,2024-12-10/2024-12-16,Keighley,4.2,3.8
2024-12-12 19:00:00,2024-12-12,19,2024-12-10/2024-12-16,Keighley,8.6,8.9
2024-12-12 20:00:00,2024-12-12,20,2024-12-10/2024-12-16,Keighley,0.3,
2024-12-12 21:00:00,2024-12-12,21,2024-12-10/2024-12-16,Keighley,4.5,5.0
2024-12-12 22:00:00,2024-12-12,22,2024-12-10/2024-12-16,Keighley,0.2,
2024-12-12 23:00:00,2024-12-12,23,2024-12-10/2024-12-16,Keighley,2.9,3.2
2024-12-13 00:00:00,2024-12-13,0,2024-12-10/2024-12-16,Keighley,2.4,2.6
2024-12-13 01:00:00,2024-12-13,1,2024-12-10/2024-12-16,Keighley,3.6,3.1
2024-12-13 02:00:00,2024-12-13,2,2024-12-10/2024-12-16,Keighley,4.9,4.8
2024-12-13 03:00:00,2024-12-13,3,2024-12-10/2024-12-16,Keighley,2.4,2.6
2024-12-13 04:00:00,2024-12-13,4,2024-12-10/2024-12-16,Keighley,2.7,3.0
2024-12-13 05:00:00,2024-12-13,5,2024-12-10/2024-12-16,Keighley,2.0,1.7
2024-12-13 06:00:00,2024-12-13,6,2024-12-10/2024-12-16,Keighley,7.7,7.8
2024-12-13 07:00:00,2024-12-13,7,2024-12-10/2024-12-16,Keighley,6.9,6.6
2024-12-13 08:00:00,2024-12-13,8,2024-12-10/2024-12-16,Keighley,12.5,7.8
2024-12-13 09:00:00,2024-12-13,9,2024-12-10/2024-12-16,Keighley,5.6,4.2
2024-12-13 10:00:00,2024-12-13,10,2024-12-10/2024-12-16,Keighley,12.9,11.9
2024-12-13 11:00:00,2024-12-13,11,2024-12-10/2024-12-16,Keighley,18.0,14.1
2024-12-13 12:00:00,2024-12-13,12,2024-12-10/2024-12-16,Keighley,18.1,14.4
2024-12-13 13:00:00,2024-12-13,13,2024-12-10/2024-12-16,Keighley,15.9,11.7
2024-12-13 14:00:00,2024-12-13,14,2024-12-10/2024-12-16,Keighley,19.6,12.5
2024-12-13 15:00:00,2024-12-13,15,2024-12-10/2024-12-16,Keighley,20.2,12.5
2024-12-13 16:00:00,2024-12-13,16,2024-12-10/2024-12-16,Keighley,28.1,13.9
2024-12-13 17:00:00,2024-12-13,17,2024-12-10/2024-12-16,Keighley,36.7,21.6
2024-12-13 18:00:00,2024-12-13,18,2024-12-10/2024-12-16,Keighley,33.9,17.0
2024-12-13 19:00:00,2024-12-13,19,2024-12-10/2024-12-16,Keighley,31.3,17.9
2024-12-13 20:00:00,2024-12-13,20,2024-12-10/2024-12-16,Keighley,17.5,10.3
2024-12-13 21:00:00,2024-12-13,21,2024-12-10/2024-12-16,Keighley,13.1,8.5
2024-12-13 22:00:00,2024-12-13,22,2024-12-10/2024-12-16,Keighley,11.0,10.7
2024-12-13 23:00:00,2024-12-13,23,2024-12-10/2024-12-16,Keighley,4.5,4.3
2024-12-14 00:00:00,2024-12-14,0,2024-12-10/2024-12-16,Keighley,5.6,5.0
2024-12-14 01:00:00,2024-12-14,1,2024-12-10/2024-12-16,Keighley,8.2,6.2
2024-12-14 02:00:00,2024-12-14,2,2024-12-10/2024-12-16,Keighley,6.1,4.3
2024-12-14 03:00:00,2024-12-14,3,2024-12-10/2024-12-16,Keighley,10.1,8.3
2024-12-14 04:00:00,2024-12-14,4,2024-12-10/2024-12-16,Keighley,10.7,9.7
2024-12-14 05:00:00,2024-12-14,5,2024-12-10/2024-12-16,Keighley,6.5,5.4
2024-12-14 06:00:00,2024-12-14,6,2024-12-10/2024-12-16,Keighley,5.4,3.8
2024-12-14 07:00:00,2024-12-14,7,2024-12-10/2024-12-16,Keighley,6.8,5.5
2024-12-14 08:00:00,2024-12-14,8,2024-12-10/2024-12-16,Keighley,6.2,4.1
2024-12-14 09:00:00,2024-12-14,9,2024-12-10/2024-12-16,Keighley,9.6,5.4
2024-12-14 10:00:00,2024-12-14,10,2024-12-10/2024-12-16,Keighley,21.9,16.3
2024-12-14 11:00:00,2024-12-14,11,2024-12-10/2024-12-16,Keighley,11.4,4.7
2024-12-14 12:00:00,2024-12-14,12,2024-12-10/2024-12-16,Keighley,7.5,2.3
2024-12-14 13:00:00,2024-12-14,13,2024-12-10/2024-12-16,Keighley,10.7,2.7
2024-12-14 14:00:00,2024-12-14,14,2024-12-10/2024-12-16,Keighley,8.6,3.0
2024-12-14 15:00:00,2024-12-14,15,2024-12-10/2024-12-16,Keighley,9.7,1.8
2024-12-14 16:00:00,2024-12-14,16,2024-12-10/2024-12-16,Keighley,7.8,1.5
2024-12-14 17:00:00,2024-12-14,17,2024-12-10/2024-12-16,Keighley,13.5,6.0
2024-12-14 18:00:00,2024-12-14,18,2024-12-10/2024-12-16,Keighley,12.9,3.1
2024-12-14 19:00:00,2024-12-14,19,2024-12-10/2024-12-16,Keighley,12.3,7.0
2024-12-14 20:00:00,2024-12-14,20,2024-12-10/2024-12-16,Keighley,7.0,5.0
2024-12-14 21:00:00,2024-12-14,21,2024-12-10/2024-12-16,Keighley,4.2,3.8
2024-12-14 22:00:00,2024-12-14,22,2024-12-10/2024-12-16,Keighley,2.3,1.8
2024-12-14 23:00:00,2024-12-14,23,2024-12-10/2024-12-16,Keighley,,1.4
2024-12-15 00:00:00,2024-12-15,0,2024-12-10/2024-12-16,Keighley,,1.4
2024-12-15 01:00:00,2024-12-15,1,2024-12-10/2024-12-16,Keighley,,
2024-12-15 02:00:00,2024-12-15,2,2024-12-10/2024-12-16,Keighley,,0.9
2024-12-15 03:00:00,2024-12-15,3,2024-12-10/2024-12-16,Keighley,1.9,0.7
2024-12-15 04:00:00,2024-12-15,4,2024-12-10/2024-12-16,Keighley,2.1,1.7
2024-12-15 05:00:00,2024-12-15,5,2024-12-10/2024-12-16,Keighley,1.2,0.5
2024-12-15 06:00:00,2024-12-15,6,2024-12-10/2024-12-16,Keighley,3.8,2.9
2024-12-15 07:00:00,2024-12-15,7,2024-12-10/2024-12-16,Keighley,7.0,7.2
2024-12-15 08:00:00,2024-12-15,8,2024-12-10/2024-12-16,Keighley,0.9,
2024-12-15 09:00:00,2024-12-15,9,2024-12-10/2024-12-16,Keighley,,
2024-12-15 10:00:00,2024-12-15,10,2024-12-10/2024-12-16,Keighley,5.2,5.1
2024-12-15 11:00:00,2024-12-15,11,2024-12-10/2024-12-16,Keighley,,
2024-12-15 12:00:00,2024-12-15,12,2024-12-10/2024-12-16,Keighley,2.7,2.3
2024-12-15 13:00:00,2024-12-15,13,2024-12-10/2024-12-16,Keighley,,
2024-12-15 14:00:00,2024-12-15,14,2024-12-10/2024-12-16,Keighley,3.7,3.1
2024-12-15 15:00:00,2024-12-15,15,2024-12-10/2024-12-16,Keighley,1.6,
2024-12-15 16:00:00,2024-12-15,16,2024-12-10/2024-12-16,Keighley,3.5,2.1
2024-12-15 17:00:00,2024-12-15,17,2024-12-10/2024-12-16,Keighley,5.9,4.3
2024-12-15 18:00:00,2024-12-15,18,2024-12-10/2024-12-16,Keighley,6.3,4.0
2024-12-15 19:00:00,2024-12-15,19,2024-12-10/2024-12-16,Keighley,5.8,3.7
2024-12-15 20:00:00,2024-12-15,20,2024-12-10/2024-12-16,Keighley,5.0,3.4
2024-12-15 21:00:00,2024-12-15,21,2024-12-10/2024-12-16,Keighley,4.9,3.9
2024-12-15 22:00:00,2024-12-15,22,2024-12-10/2024-12-16,Keighley,4.5,2.3
2024-12-15 23:00:00,2024-12-15,23,2024-12-10/2024-12-16,Keighley,3.0,1.8
2024-12-16 00:00:00,2024-12-16,0,2024-12-10/2024-12-16,Keighley,4.9,3.7
2024-12-16 01:00:00,2024-12-16,1,2024-12-10/2024-12-16,Keighley,6.7,4.1
2024-12-16 02:00:00,2024-12-16,2,2024-12-10/2024-12-16,Keighley,8.5,5.8
2024-12-16 03:00:00,2024-12-16,3,2024-12-10/2024-12-16,Keighley,0.9,
2024-12-16 04:00:00,2024-12-16,4,2024-12-10/2024-12-16,Keighley,2.9,0.8
2024-12-16 05:00:00,2024-12-16,5,2024-12-10/2024-12-16,Keighley,4.1,2.3
2024-12-16 06:00:00,2024-12-16,6,2024-12-10/2024-12-16,Keighley,3.5,0.5
2024-12-16 07:00:00,2024-12-16,7,2024-12-10/2024-12-16,Keighley,5.2,1.8
2024-12-16 08:00:00,2024-12-16,8,2024-12-10/2024-12-16,Keighley,3.3,
2024-12-16 09:00:00,2024-12-16,9,2024-12-10/2024-12-16,Keighley,14.0,10.6
2024-12-16 10:00:00,2024-12-16,10,2024-12-10/2024-12-16,Keighley,9.6,6.0
2024-12-16 11:00:00,2024-12-16,11,2024-12-10/2024-12-16,Keighley,7.4,2.7
2024-12-16 12:00:00,2024-12-16,12,2024-12-10/2024-12-16,Keighley,10.4,1.0
2024-12-16 13:00:00,2024-12-16,13,2024-12-10/2024-12-16,Keighley,12.1,3.7
2024-12-16 14:00:00,2024-12-16,14,2024-12-10/2024-12-16,Keighley,12.2,2.7
2024-12-16 15:00:00,2024-12-16,15,2024-12-10/2024-12-16,Keighley,10.1,
2024-12-16 16:00:00,2024-12-16,16,2024-12-10/2024-12-16,Keighley,11.5,1.5
2024-12-16 17:00:00,2024-12-16,17,2024-12-10/2024-12-16,Keighley,14.2,5.3
2024-12-16 18:00:00,2024-12-16,18,2024-12-10/2024-12-16,Keighley,11.3,3.4
2024-12-16 19:00:00,2024-12-16,19,2024-12-10/2024-12-16,Keighley,12.5,4.2
2024-12-16 20:00:00,2024-12-16,20,2024-12-10/2024-12-16,Keighley,9.5,3.0
2024-12-16 21:00:00,2024-12-16,21,2024-12-10/2024-12-16,Keighley,10.4,6.7
2024-12-16 22:00:00,2024-12-16,22,2024-12-10/2024-12-16,Keighley,10.1,5.9
2024-12-16 23:00:00,2024-12-16,23,2024-12-10/2024-12-16,Keighley,8.3,4.0
2024-12-17 00:00:00,2024-12-17,0,2024-12-17/2024-12-23,Keighley,10.2,6.1
2024-12-17 01:00:00,2024-12-17,1,2024-12-17/2024-12-23,Keighley,9.9,5.8
2024-12-17 02:00:00,2024-12-17,2,2024-12-17/2024-12-23,Keighley,7.8,4.6
2024-12-17 03:00:00,2024-12-17,3,2024-12-17/2024-12-23,Keighley,6.5,4.0
2024-12-17 04:00:00,2024-12-17,4,2024-12-17/2024-12-23,Keighley,5.6,3.7
2024-12-17 05:00:00,2024-12-17,5,2024-12-17/2024-12-23,Keighley,5.5,1.7
2024-12-17 06:00:00,2024-12-17,6,2024-12-17/2024-12-23,Keighley,10.0,5.1
2024-12-17 07:00:00,2024-12-17,7,2024-12-17/2024-12-23,Keighley,12.9,4.3
2024-12-17 08:00:00,2024-12-17,8,2024-12-17/2024-12-23,Keighley,13.8,4.6
2024-12-17 09:00:00,2024-12-17,9,2024-12-17/2024-12-23,Keighley,16.0,6.9
2024-12-17 10:00:00,2024-12-17,10,2024-12-17/2024-12-23,Keighley,18.8,7.1
2024-12-17 11:00:00,2024-12-17,11,2024-12-17/2024-12-23,Keighley,19.1,6.8
2024-12-17 12:00:00,2024-12-17,12,2024-12-17/2024-12-23,Keighley,,
2024-12-17 13:00:00,2024-12-17,13,2024-12-17/2024-12-23,Keighley,21.8,10.1
2024-12-17 14:00:00,2024-12-17,14,2024-12-17/2024-12-23,Keighley,11.9,4.3
2024-12-17 15:00:00,2024-12-17,15,2024-12-17/2024-12-23,Keighley,11.1,3.7
2024-12-17 16:00:00,2024-12-17,16,2024-12-17/2024-12-23,Keighley,9.8,4.1
2024-12-17 17:00:00,2024-12-17,17,2024-12-17/2024-12-23,Keighley,7.7,4.0
2024-12-17 18:00:00,2024-12-17,18,2024-12-17/2024-12-23,Keighley,10.0,8.6
2024-12-17 19:00:00,2024-12-17,19,2024-12-17/2024-12-23,Keighley,5.6,3.3
2024-12-17 20:00:00,2024-12-17,20,2024-12-17/2024-12-23,Keighley,4.9,3.6
2024-12-17 21:00:00,2024-12-17,21,2024-12-17/2024-12-23,Keighley,7.0,5.3
2024-12-17 22:00:00,2024-12-17,22,2024-12-17/2024-12-23,Keighley,7.7,6.3
2024-12-17 23:00:00,2024-12-17,23,2024-12-17/2024-12-23,Keighley,7.9,7.0
2024-12-18 00:00:00,2024-12-18,0,2024-12-17/2024-12-23,Keighley,3.1,2.6
2024-12-18 01:00:00,2024-12-18,1,2024-12-17/2024-12-23,Keighley,,
2024-12-18 02:00:00,2024-12-18,2,2024-12-17/2024-12-23,Keighley,,0.6
2024-12-18 03:00:00,2024-12-18,3,2024-12-17/2024-12-23,Keighley,5.5,5.2
2024-12-18 04:00:00,2024-12-18,4,2024-12-17/2024-12-23,Keighley,,1.8
2024-12-18 05:00:00,2024-12-18,5,2024-12-17/2024-12-23,Keighley,,
2024-12-18 06:00:00,2024-12-18,6,2024-12-17/2024-12-23,Keighley,4.0,3.9
2024-12-18 07:00:00,2024-12-18,7,2024-12-17/2024-12-23,Keighley,3.1,2.4
2024-12-18 08:00:00,2024-12-18,8,2024-12-17/2024-12-23,Keighley,2.1,1.6
2024-12-18 09:00:00,2024-12-18,9,2024-12-17/2024-12-23,Keighley,2.9,2.7
2024-12-18 10:00:00,2024-12-18,10,2024-12-17/2024-12-23,Keighley,1.6,
2024-12-18 11:00:00,2024-12-18,11,2024-12-17/2024-12-23,Keighley,6.0,2.2
2024-12-18 12:00:00,2024-12-18,12,2024-12-17/2024-12-23,Keighley,6.3,1.7
2024-12-18 13:00:00,2024-12-18,13,2024-12-17/2024-12-23,Keighley,5.4,
2024-12-18 14:00:00,2024-12-18,14,2024-12-17/2024-12-23,Keighley,8.4,3.8
2024-12-18 15:00:00,2024-12-18,15,2024-12-17/2024-12-23,Keighley,9.1,4.4
2024-12-18 16:00:00,2024-12-18,16,2024-12-17/2024-12-23,Keighley,8.2,3.2
2024-12-18 17:00:00,2024-12-18,17,2024-12-17/2024-12-23,Keighley,13.0,8.6
2024-12-18 18:00:00,2024-12-18,18,2024-12-17/2024-12-23,Keighley,5.8,1.2
2024-12-18 19:00:00,2024-12-18,19,2024-12-17/2024-12-23,Keighley,18.3,8.0
2024-12-18 20:00:00,2024-12-18,20,2024-12-17/2024-12-23,Keighley,10.9,6.0
2024-12-18 21:00:00,2024-12-18,21,2024-12-17/2024-12-23,Keighley,8.9,6.2
2024-12-18 22:00:00,2024-12-18,22,2024-12-17/2024-12-23,Keighley,10.8,8.6
2024-12-18 23:00:00,2024-12-18,23,2024-12-17/2024-12-23,Keighley,6.6,3.8
2024-12-19 00:00:00,2024-12-19,0,2024-12-17/2024-12-23,Keighley,5.6,3.8
2024-12-19 01:00:00,2024-12-19,1,2024-12-17/2024-12-23,Keighley,7.5,6.9
2024-12-19 02:00:00,2024-12-19,2,2024-12-17/2024-12-23,Keighley,3.3,2.5
2024-12-19 03:00:00,2024-12-19,3,2024-12-17/2024-12-23,Keighley,2.9,0.9
2024-12-19 04:00:00,2024-12-19,4,2024-12-17/2024-12-23,Keighley,,
2024-12-19 05:00:00,2024-12-19,5,2024-12-17/2024-12-23,Keighley,0.6,
2024-12-19 06:00:00,2024-12-19,6,2024-12-17/2024-12-23,Keighley,5.8,3.6
2024-12-19 07:00:00,2024-12-19,7,2024-12-17/2024-12-23,Keighley,10.1,4.7
2024-12-19 08:00:00,2024-12-19,8,2024-12-17/2024-12-23,Keighley,7.5,2.6
2024-12-19 09:00:00,2024-12-19,9,2024-12-17/2024-12-23,Keighley,10.8,3.0
2024-12-19 10:00:00,2024-12-19,10,2024-12-17/2024-12-23,Keighley,8.4,1.2
2024-12-19 11:00:00,2024-12-19,11,2024-12-17/2024-12-23,Keighley,13.5,4.0
2024-12-19 12:00:00,2024-12-19,12,2024-12-17/2024-12-23,Keighley,7.6,
2024-12-19 13:00:00,2024-12-19,13,2024-12-17/2024-12-23,Keighley,7.0,
2024-12-19 14:00:00,2024-12-19,14,2024-12-17/2024-12-23,Keighley,10.0,2.5
2024-12-19 15:00:00,2024-12-19,15,2024-12-17/2024-12-23,Keighley,18.9,9.3
2024-12-19 16:00:00,2024-12-19,16,2024-12-17/2024-12-23,Keighley,18.1,8.9
2024-12-19 17:00:00,2024-12-19,17,2024-12-17/2024-12-23,Keighley,18.7,5.6
2024-12-19 18:00:00,2024-12-19,18,2024-12-17/2024-12-23,Keighley,12.2,3.7
2024-12-19 19:00:00,2024-12-19,19,2024-12-17/2024-12-23,Keighley,15.7,6.8
2024-12-19 20:00:00,2024-12-19,20,2024-12-17/2024-12-23,Keighley,14.1,6.7
2024-12-19 21:00:00,2024-12-19,21,2024-12-17/2024-12-23,Keighley,7.2,2.4
2024-12-19 22:00:00,2024-12-19,22,2024-12-17/2024-12-23,Keighley,4.6,0.4
2024-12-19 23:00:00,2024-12-19,23,2024-12-17/2024-12-23,Keighley,10.7,6.8
2024-12-20 00:00:00,2024-12-20,0,2024-12-17/2024-12-23,Keighley,12.1,6.9
2024-12-20 01:00:00,2024-12-20,1,2024-12-17/2024-12-23,Keighley,11.4,4.5
2024-12-20 02:00:00,2024-12-20,2,2024-12-17/2024-12-23,Keighley,9.0,5.1
2024-12-20 03:00:00,2024-12-20,3,2024-12-17/2024-12-23,Keighley,5.1,
2024-12-20 04:00:00,2024-12-20,4,2024-12-17/2024-12-23,Keighley,8.3,2.7
2024-12-20 05:00:00,2024-12-20,5,2024-12-17/2024-12-23,Keighley,8.3,2.9
2024-12-20 06:00:00,2024-12-20,6,2024-12-17/2024-12-23,Keighley,10.7,7.0
2024-12-20 07:00:00,2024-12-20,7,2024-12-17/2024-12-23,Keighley,4.6,1.2
2024-12-20 08:00:00,2024-12-20,8,2024-12-17/2024-12-23,Keighley,4.2,1.3
2024-12-20 09:00:00,2024-12-20,9,2024-12-17/2024-12-23,Keighley,7.7,5.3
2024-12-20 10:00:00,2024-12-20,10,2024-12-17/2024-12-23,Keighley,9.4,7.7
2024-12-20 11:00:00,2024-12-20,11,2024-12-17/2024-12-23,Keighley,9.3,7.3
2024-12-20 12:00:00,2024-12-20,12,2024-12-17/2024-12-23,Keighley,13.6,8.5
2024-12-20 13:00:00,2024-12-20,13,2024-12-17/2024-12-23,Keighley,10.4,7.8
2024-12-20 14:00:00,2024-12-20,14,2024-12-17/2024-12-23,Keighley,9.7,8.3
2024-12-20 15:00:00,2024-12-20,15,2024-12-17/2024-12-23,Keighley,2.7,2.0
2024-12-20 16:00:00,2024-12-20,16,2024-12-17/2024-12-23,Keighley,7.1,6.7
2024-12-20 17:00:00,2024-12-20,17,2024-12-17/2024-12-23,Keighley,7.9,3.1
2024-12-20 18:00:00,2024-12-20,18,2024-12-17/2024-12-23,Keighley,11.9,6.6
2024-12-20 19:00:00,2024-12-20,19,2024-12-17/2024-12-23,Keighley,10.4,4.4
2024-12-20 20:00:00,2024-12-20,20,2024-12-17/2024-12-23,Keighley,11.4,5.9
2024-12-20 21:00:00,2024-12-20,21,2024-12-17/2024-12-23,Keighley,12.1,6.5
2024-12-20 22:00:00,2024-12-20,22,2024-12-17/2024-12-23,Keighley,11.4,6.0
2024-12-20 23:00:00,2024-12-20,23,2024-12-17/2024-12-23,Keighley,11.5,5.7
2024-12-21 00:00:00,2024-12-21,0,2024-12-17/2024-12-23,Keighley,9.1,1.7
2024-12-21 01:00:00,2024-12-21,1,2024-12-17/2024-12-23,Keighley,9.6,2.6
2024-12-21 02:00:00,2024-12-21,2,2024-12-17/2024-12-23,Keighley,14.4,7.6
2024-12-21 03:00:00,2024-12-21,3,2024-12-17/2024-12-23,Keighley,13.8,7.8
2024-12-21 04:00:00,2024-12-21,4,2024-12-17/2024-12-23,Keighley,9.7,4.2
2024-12-21 05:00:00,2024-12-21,5,2024-12-17/2024-12-23,Keighley,7.6,5.1
2024-12-21 06:00:00,2024-12-21,6,2024-12-17/2024-12-23,Keighley,6.5,6.1
2024-12-21 07:00:00,2024-12-21,7,2024-12-17/2024-12-23,Keighley,,
2024-12-21 08:00:00,2024-12-21,8,2024-12-17/2024-12-23,Keighley,,0.6
2024-12-21 09:00:00,2024-12-21,9,2024-12-17/2024-12-23,Keighley,4.3,2.8
2024-12-21 10:00:00,2024-12-21,10,2024-12-17/2024-12-23,Keighley,2.9,0.7
2024-12-21 11:00:00,2024-12-21,11,2024-12-17/2024-12-23,Keighley,7.3,5.1
2024-12-21 12:00:00,2024-12-21,12,2024-12-17/2024-12-23,Keighley,3.3,
2024-12-21 13:00:00,2024-12-21,13,2024-12-17/2024-12-23,Keighley,16.4,5.6
2024-12-21 14:00:00,2024-12-21,14,2024-12-17/2024-12-23,Keighley,18.3,7.8
2024-12-21 15:00:00,2024-12-21,15,2024-12-17/2024-12-23,Keighley,11.5,4.2
2024-12-21 16:00:00,2024-12-21,16,2024-12-17/2024-12-23,Keighley,19.1,10.8
2024-12-21 17:00:00,2024-12-21,17,2024-12-17/2024-12-23,Keighley,16.1,9.0
2024-12-21 18:00:00,2024-12-21,18,2024-12-17/2024-12-23,Keighley,14.5,10.6
2024-12-21 19:00:00,2024-12-21,19,2024-12-17/2024-12-23,Keighley,8.8,6.4
2024-12-21 20:00:00,2024-12-21,20,2024-12-17/2024-12-23,Keighley,9.6,6.2
2024-12-21 21:00:00,2024-12-21,21,2024-12-17/2024-12-23,Keighley,7.4,3.3
2024-12-21 22:00:00,2024-12-21,22,2024-12-17/2024-12-23,Keighley,9.3,5.7
2024-12-21 23:00:00,2024-12-21,23,2024-12-17/2024-12-23,Keighley,10.8,3.6
2024-12-22 00:00:00,2024-12-22,0,2024-12-17/2024-12-23,Keighley,13.6,6.2
2024-12-22 01:00:00,2024-12-22,1,2024-12-17/2024-12-23,Keighley,7.7,2.3
2024-12-22 02:00:00,2024-12-22,2,2024-12-17/2024-12-23,Keighley,8.5,2.6
2024-12-22 03:00:00,2024-12-22,3,2024-12-17/2024-12-23,Keighley,13.6,9.7
2024-12-22 04:00:00,2024-12-22,4,2024-12-17/2024-12-23,Keighley,5.0,2.0
2024-12-22 05:00:00,2024-12-22,5,2024-12-17/2024-12-23,Keighley,7.7,5.3
2024-12-22 06:00:00,2024-12-22,6,2024-12-17/2024-12-23,Keighley,,
2024-12-22 07:00:00,2024-12-22,7,2024-12-17/2024-12-23,Keighley,9.5,6.0
2024-12-22 08:00:00,2024-12-22,8,2024-12-17/2024-12-23,Keighley,6.2,5.3
2024-12-22 09:00:00,2024-12-22,9,2024-12-17/2024-12-23,Keighley,5.8,2.4
2024-12-22 10:00:00,2024-12-22,10,2024-12-17/2024-12-23,Keighley,1.7,
2024-12-22 11:00:00,2024-12-22,11,2024-12-17/2024-12-23,Keighley,1.8,0.8
2024-12-22 12:00:00,2024-12-22,12,2024-12-17/2024-12-23,Keighley,0.6,
2024-12-22 13:00:00,2024-12-22,13,2024-12-17/2024-12-23,Keighley,0.2,
2024-12-22 14:00:00,2024-12-22,14,2024-12-17/2024-12-23,Keighley,8.0,3.2
2024-12-22 15:00:00,2024-12-22,15,2024-12-17/2024-12-23,Keighley,11.4,6.1
2024-12-22 16:00:00,2024-12-22,16,2024-12-17/2024-12-23,Keighley,11.5,4.0
2024-12-22 17:00:00,2024-12-22,17,2024-12-17/2024-12-23,Keighley,18.1,6.6
2024-12-22 18:00:00,2024-12-22,18,2024-12-17/2024-12-23,Keighley,22.2,9.4
2024-12-22 19:00:00,2024-12-22,19,2024-12-17/2024-12-23,Keighley,19.3,6.9
2024-12-22 20:00:00,2024-12-22,20,2024-12-17/2024-12-23,Keighley,,5.2
2024-12-22 21:00:00,2024-12-22,21,2024-12-17/2024-12-23,Keighley,19.7,5.7
2024-12-22 22:00:00,2024-12-22,22,2024-12-17/2024-12-23,Keighley,20.0,7.6
2024-12-22 23:00:00,2024-12-22,23,2024-12-17/2024-12-23,Keighley,18.7,7.5
2024-12-23 00:00:00,2024-12-23,0,2024-12-17/2024-12-23,Keighley,20.0,6.5
2024-12-23 01:00:00,2024-12-23,1,2024-12-17/2024-12-23,Keighley,13.3,1.5
2024-12-23 02:00:00,2024-12-23,2,2024-12-17/2024-12-23,Keighley,13.3,3.7
2024-12-23 03:00:00,2024-12-23,3,2024-12-17/2024-12-23,Keighley,12.3,2.9
2024-12-23 04:00:00,2024-12-23,4,2024-12-17/2024-12-23,Keighley,14.2,6.3
2024-12-23 05:00:00,2024-12-23,5,2024-12-17/2024-12-23,Keighley,10.0,1.9
2024-12-23 06:00:00,2024-12-23,6,2024-12-17/2024-12-23,Keighley,11.6,4.0
2024-12-23 07:00:00,2024-12-23,7,2024-12-17/2024-12-23,Keighley,13.4,5.2
2024-12-23 08:00:00,2024-12-23,8,2024-12-17/2024-12-23,Keighley,12.2,4.3
2024-12-23 09:00:00,2024-12-23,9,2024-12-17/2024-12-23,Keighley,12.0,4.4
2024-12-23 10:00:00,2024-12-23,10,2024-12-17/2024-12-23,Keighley,16.9,7.8
2024-12-23 11:00:00,2024-12-23,11,2024-12-17/2024-12-23,Keighley,20.8,8.8
2024-12-23 12:00:00,2024-12-23,12,2024-12-17/2024-12-23,Keighley,14.6,6.3
2024-12-23 13:00:00,2024-12-23,13,2024-12-17/2024-12-23,Keighley,13.7,8.6
2024-12-23 14:00:00,2024-12-23,14,2024-12-17/2024-12-23,Keighley,9.4,3.6
2024-12-23 15:00:00,2024-12-23,15,2024-12-17/2024-12-23,Keighley,10.2,7.5
2024-12-23 16:00:00,2024-12-23,16,2024-12-17/2024-12-23,Keighley,5.1,3.8
2024-12-23 17:00:00,2024-12-23,17,2024-12-17/2024-12-23,Keighley,8.5,7.8
2024-12-23 18:00:00,2024-12-23,18,2024-12-17/2024-12-23,Keighley,5.1,4.5
2024-12-23 19:00:00,2024-12-23,19,2024-12-17/2024-12-23,Keighley,8.7,8.5
2024-12-23 20:00:00,2024-12-23,20,2024-12-17/2024-12-23,Keighley,5.9,6.2
2024-12-23 21:00:00,2024-12-23,21,2024-12-17/2024-12-23,Keighley,6.7,7.4
2024-12-23 22:00:00,2024-12-23,22,2024-12-17/2024-12-23,Keighley,1.9,1.4
2024-12-23 23:00:00,2024-12-23,23,2024-12-17/2024-12-23,Keighley,5.0,5.6
2024-12-24 00:00:00,2024-12-24,0,2024-12-24/2024-12-30,Keighley,0.7,0.0
2024-12-24 01:00:00,2024-12-24,1,2024-12-24/2024-12-30,Keighley,4.0,3.9
2024-12-24 02:00:00,2024-12-24,2,2024-12-24/2024-12-30,Keighley,2.7,2.6
2024-12-24 03:00:00,2024-12-24,3,2024-12-24/2024-12-30,Keighley,3.7,3.4
2024-12-24 04:00:00,2024-12-24,4,2024-12-24/2024-12-30,Keighley,2.5,2.3
2024-12-24 05:00:00,2024-12-24,5,2024-12-24/2024-12-30,Keighley,1.0,0.8
2024-12-24 06:00:00,2024-12-24,6,2024-12-24/2024-12-30,Keighley,0.6,0.3
2024-12-24 07:00:00,2024-12-24,7,2024-12-24/2024-12-30,Keighley,4.5,4.4
2024-12-24 08:00:00,2024-12-24,8,2024-12-24/2024-12-30,Keighley,0.8,0.6
2024-12-24 09:00:00,2024-12-24,9,2024-12-24/2024-12-30,Keighley,3.1,2.5
2024-12-24 10:00:00,2024-12-24,10,2024-12-24/2024-12-30,Keighley,0.8,0.2
2024-12-24 11:00:00,2024-12-24,11,2024-12-24/2024-12-30,Keighley,5.9,6.3
2024-12-24 12:00:00,2024-12-24,12,2024-12-24/2024-12-30,Keighley,2.9,2.8
2024-12-24 13:00:00,2024-12-24,13,2024-12-24/2024-12-30,Keighley,3.1,2.7
2024-12-24 14:00:00,2024-12-24,14,2024-12-24/2024-12-30,Keighley,2.0,1.5
2024-12-24 15:00:00,2024-12-24,15,2024-12-24/2024-12-30,Keighley,3.5,3.0
2024-12-24 16:00:00,2024-12-24,16,2024-12-24/2024-12-30,Keighley,5.0,3.9
2024-12-24 17:00:00,2024-12-24,17,2024-12-24/2024-12-30,Keighley,3.8,3.0
2024-12-24 18:00:00,2024-12-24,18,2024-12-24/2024-12-30,Keighley,4.1,3.7
2024-12-24 19:00:00,2024-12-24,19,2024-12-24/2024-12-30,Keighley,6.7,5.7
2024-12-24 20:00:00,2024-12-24,20,2024-12-24/2024-12-30,Keighley,3.5,2.3
2024-12-24 21:00:00,2024-12-24,21,2024-12-24/2024-12-30,Keighley,2.2,1.6
2024-12-24 22:00:00,2024-12-24,22,2024-12-24/2024-12-30,Keighley,3.4,2.9
2024-12-24 23:00:00,2024-12-24,23,2024-12-24/2024-12-30,Keighley,2.8,1.7
2024-12-25 00:00:00,2024-12-25,0,2024-12-24/2024-12-30,Keighley,,
2024-12-25 01:00:00,2024-12-25,1,2024-12-24/2024-12-30,Keighley,,2.3
2024-12-25 02:00:00,2024-12-25,2,2024-12-24/2024-12-30,Keighley,,
2024-12-25 03:00:00,2024-12-25,3,2024-12-24/2024-12-30,Keighley,2.7,2.3
2024-12-25 04:00:00,2024-12-25,4,2024-12-24/2024-12-30,Keighley,3.3,2.5
2024-12-25 05:00:00,2024-12-25,5,2024-12-24/2024-12-30,Keighley,4.0,3.1
2024-12-25 06:00:00,2024-12-25,6,2024-12-24/2024-12-30,Keighley,2.7,2.8
2024-12-25 07:00:00,2024-12-25,7,2024-12-24/2024-12-30,Keighley,0.2,0.3
2024-12-25 08:00:00,2024-12-25,8,2024-12-24/2024-12-30,Keighley,1.4,1.0
2024-12-25 09:00:00,2024-12-25,9,2024-12-24/2024-12-30,Keighley,3.5,3.6
2024-12-25 10:00:00,2024-12-25,10,2024-12-24/2024-12-30,Keighley,3.8,3.7
2024-12-25 11:00:00,2024-12-25,11,2024-12-24/2024-12-30,Keighley,1.5,1.0
2024-12-25 12:00:00,2024-12-25,12,2024-12-24/2024-12-30,Keighley,2.4,2.2
2024-12-25 13:00:00,2024-12-25,13,2024-12-24/2024-12-30,Keighley,2.4,2.4
2024-12-25 14:00:00,2024-12-25,14,2024-12-24/2024-12-30,Keighley,3.4,3.2
2024-12-25 15:00:00,2024-12-25,15,2024-12-24/2024-12-30,Keighley,,
2024-12-25 16:00:00,2024-12-25,16,2024-12-24/2024-12-30,Keighley,3.1,2.1
2024-12-25 17:00:00,2024-12-25,17,2024-12-24/2024-12-30,Keighley,2.0,0.9
2024-12-25 18:00:00,2024-12-25,18,2024-12-24/2024-12-30,Keighley,5.1,3.7
2024-12-25 19:00:00,2024-12-25,19,2024-12-24/2024-12-30,Keighley,,
2024-12-25 20:00:00,2024-12-25,20,2024-12-24/2024-12-30,Keighley,4.9,4.2
2024-12-25 21:00:00,2024-12-25,21,2024-12-24/2024-12-30,Keighley,,
2024-12-25 22:00:00,2024-12-25,22,2024-12-24/2024-12-30,Keighley,0.8,0.2
2024-12-25 23:00:00,2024-12-25,23,2024-12-24/2024-12-30,Keighley,,
2024-12-26 00:00:00,2024-12-26,0,2024-12-24/2024-12-30,Keighley,2.5,2.3
2024-12-26 01:00:00,2024-12-26,1,2024-12-24/2024-12-30,Keighley,2.1,1.9
2024-12-26 02:00:00,2024-12-26,2,2024-12-24/2024-12-30,Keighley,4.0,3.9
2024-12-26 03:00:00,2024-12-26,3,2024-12-24/2024-12-30,Keighley,4.4,4.2
2024-12-26 04:00:00,2024-12-26,4,2024-12-24/2024-12-30,Keighley,12.1,12.6
2024-12-26 05:00:00,2024-12-26,5,2024-12-24/2024-12-30,Keighley,11.6,11.8
2024-12-26 06:00:00,2024-12-26,6,2024-12-24/2024-12-30,Keighley,5.7,6.4
2024-12-26 07:00:00,2024-12-26,7,2024-12-24/2024-12-30,Keighley,7.7,7.7
2024-12-26 08:00:00,2024-12-26,8,2024-12-24/2024-12-30,Keighley,6.6,6.1
2024-12-26 09:00:00,2024-12-26,9,2024-12-24/2024-12-30,Keighley,4.6,4.6
2024-12-26 10:00:00,2024-12-26,10,2024-12-24/2024-12-30,Keighley,6.3,6.1
2024-12-26 11:00:00,2024-12-26,11,2024-12-24/2024-12-30,Keighley,4.3,4.1
2024-12-26 12:00:00,2024-12-26,12,2024-12-24/2024-12-30,Keighley,6.7,6.6
2024-12-26 13:00:00,2024-12-26,13,2024-12-24/2024-12-30,Keighley,7.0,6.6
2024-12-26 14:00:00,2024-12-26,14,2024-12-24/2024-12-30,Keighley,3.3,2.3
2024-12-26 15:00:00,2024-12-26,15,2024-12-24/2024-12-30,Keighley,4.6,3.9
2024-12-26 16:00:00,2024-12-26,16,2024-12-24/2024-12-30,Keighley,3.0,2.5
2024-12-26 17:00:00,2024-12-26,17,2024-12-24/2024-12-30,Keighley,11.2,10.8
2024-12-26 18:00:00,2024-12-26,18,2024-12-24/2024-12-30,Keighley,13.9,14.1
2024-12-26 19:00:00,2024-12-26,19,2024-12-24/2024-12-30,Keighley,11.1,10.2
2024-12-26 20:00:00,2024-12-26,20,2024-12-24/2024-12-30,Keighley,16.1,14.0
2024-12-26 21:00:00,2024-12-26,21,2024-12-24/2024-12-30,Keighley,22.8,20.4
2024-12-26 22:00:00,2024-12-26,22,2024-12-24/2024-12-30,Keighley,20.6,16.8
2024-12-26 23:00:00,2024-12-26,23,2024-12-24/2024-12-30,Keighley,17.2,15.9
2024-12-27 00:00:00,2024-12-27,0,2024-12-24/2024-12-30,Keighley,21.7,22.4
2024-12-27 01:00:00,2024-12-27,1,2024-12-24/2024-12-30,Keighley,5.5,5.3
2024-12-27 02:00:00,2024-12-27,2,2024-12-24/2024-12-30,Keighley,11.8,11.8
2024-12-27 03:00:00,2024-12-27,3,2024-12-24/2024-12-30,Keighley,6.1,6.2
2024-12-27 04:00:00,2024-12-27,4,2024-12-24/2024-12-30,Keighley,4.9,4.6
2024-12-27 05:00:00,2024-12-27,5,2024-12-24/2024-12-30,Keighley,6.7,7.1
2024-12-27 06:00:00,2024-12-27,6,2024-12-24/2024-12-30,Keighley,5.7,4.6
2024-12-27 07:00:00,2024-12-27,7,2024-12-24/2024-12-30,Keighley,9.0,8.7
2024-12-27 08:00:00,2024-12-27,8,2024-12-24/2024-12-30,Keighley,10.5,9.3
2024-12-27 09:00:00,2024-12-27,9,2024-12-24/2024-12-30,Keighley,11.9,11.9
2024-12-27 10:00:00,2024-12-27,10,2024-12-24/2024-12-30,Keighley,7.4,6.2
2024-12-27 11:00:00,2024-12-27,11,2024-12-24/2024-12-30,Keighley,5.7,5.8
2024-12-27 12:00:00,2024-12-27,12,2024-12-24/2024-12-30,Keighley,7.0,6.4
2024-12-27 13:00:00,2024-12-27,13,2024-12-24/2024-12-30,Keighley,6.4,5.5
2024-12-27 14:00:00,2024-12-27,14,2024-12-24/2024-12-30,Keighley,8.6,7.1
2024-12-27 15:00:00,2024-12-27,15,2024-12-24/2024-12-30,Keighley,9.2,7.5
2024-12-27 16:00:00,2024-12-27,16,2024-12-24/2024-12-30,Keighley,8.8,8.4
2024-12-27 17:00:00,2024-12-27,17,2024-12-24/2024-12-30,Keighley,7.6,7.0
2024-12-27 18:00:00,2024-12-27,18,2024-12-24/2024-12-30,Keighley,11.0,10.1
2024-12-27 19:00:00,2024-12-27,19,2024-12-24/2024-12-30,Keighley,6.3,5.5
2024-12-27 20:00:00,2024-12-27,20,2024-12-24/2024-12-30,Keighley,5.1,3.8
2024-12-27 21:00:00,2024-12-27,21,2024-12-24/2024-12-30,Keighley,15.9,15.8
2024-12-27 22:00:00,2024-12-27,22,2024-12-24/2024-12-30,Keighley,25.1,23.0
2024-12-27 23:00:00,2024-12-27,23,2024-12-24/2024-12-30,Keighley,13.2,12.8
2024-12-28 00:00:00,2024-12-28,0,2024-12-24/2024-12-30,Keighley,7.6,7.5
2024-12-28 01:00:00,2024-12-28,1,2024-12-24/2024-12-30,Keighley,4.9,5.1
2024-12-28 02:00:00,2024-12-28,2,2024-12-24/2024-12-30,Keighley,4.9,4.8
2024-12-28 03:00:00,2024-12-28,3,2024-12-24/2024-12-30,Keighley,9.0,9.9
2024-12-28 04:00:00,2024-12-28,4,2024-12-24/2024-12-30,Keighley,3.7,4.0
2024-12-28 05:00:00,2024-12-28,5,2024-12-24/2024-12-30,Keighley,3.5,3.6
2024-12-28 06:00:00,2024-12-28,6,2024-12-24/2024-12-30,Keighley,5.4,6.0
2024-12-28 07:00:00,2024-12-28,7,2024-12-24/2024-12-30,Keighley,7.8,7.8
2024-12-28 08:00:00,2024-12-28,8,2024-12-24/2024-12-30,Keighley,8.3,8.2
2024-12-28 09:00:00,2024-12-28,9,2024-12-24/2024-12-30,Keighley,9.8,9.9
2024-12-28 10:00:00,2024-12-28,10,2024-12-24/2024-12-30,Keighley,7.5,7.4
2024-12-28 11:00:00,2024-12-28,11,2024-12-24/2024-12-30,Keighley,6.9,6.9
2024-12-28 12:00:00,2024-12-28,12,2024-12-24/2024-12-30,Keighley,5.5,3.9
2024-12-28 13:00:00,2024-12-28,13,2024-12-24/2024-12-30,Keighley,7.4,6.9
2024-12-28 14:00:00,2024-12-28,14,2024-12-24/2024-12-30,Keighley,6.3,4.5
2024-12-28 15:00:00,2024-12-28,15,2024-12-24/2024-12-30,Keighley,6.8,4.4
2024-12-28 16:00:00,2024-12-28,16,2024-12-24/2024-12-30,Keighley,4.9,3.6
2024-12-28 17:00:00,2024-12-28,17,2024-12-24/2024-12-30,Keighley,5.4,4.5
2024-12-28 18:00:00,2024-12-28,18,2024-12-24/2024-12-30,Keighley,5.6,4.8
2024-12-28 19:00:00,2024-12-28,19,2024-12-24/2024-12-30,Keighley,5.8,5.9
2024-12-28 20:00:00,2024-12-28,20,2024-12-24/2024-12-30,Keighley,4.4,4.0
2024-12-28 21:00:00,2024-12-28,21,2024-12-24/2024-12-30,Keighley,5.6,5.8
2024-12-28 22:00:00,2024-12-28,22,2024-12-24/2024-12-30,Keighley,2.7,2.3
2024-12-28 23:00:00,2024-12-28,23,2024-12-24/2024-12-30,Keighley,5.4,5.8
2024-12-29 00:00:00,2024-12-29,0,2024-12-24/2024-12-30,Keighley,2.4,2.1
2024-12-29 01:00:00,2024-12-29,1,2024-12-24/2024-12-30,Keighley,5.6,5.8
2024-12-29 02:00:00,2024-12-29,2,2024-12-24/2024-12-30,Keighley,1.4,0.9
2024-12-29 03:00:00,2024-12-29,3,2024-12-24/2024-12-30,Keighley,1.9,1.2
2024-12-29 04:00:00,2024-12-29,4,2024-12-24/2024-12-30,Keighley,0.1,
2024-12-29 05:00:00,2024-12-29,5,2024-12-24/2024-12-30,Keighley,5.9,4.4
2024-12-29 06:00:00,2024-12-29,6,2024-12-24/2024-12-30,Keighley,6.7,3.5
2024-12-29 07:00:00,2024-12-29,7,2024-12-24/2024-12-30,Keighley,6.1,1.8
2024-12-29 08:00:00,2024-12-29,8,2024-12-24/2024-12-30,Keighley,2.1,
2024-12-29 09:00:00,2024-12-29,9,2024-12-24/2024-12-30,Keighley,4.2,0.6
2024-12-29 10:00:00,2024-12-29,10,2024-12-24/2024-12-30,Keighley,8.4,4.2
2024-12-29 11:00:00,2024-12-29,11,2024-12-24/2024-12-30,Keighley,4.0,0.4
2024-12-29 12:00:00,2024-12-29,12,2024-12-24/2024-12-30,Keighley,4.1,
2024-12-29 13:00:00,2024-12-29,13,2024-12-24/2024-12-30,Keighley,8.5,2.5
2024-12-29 14:00:00,2024-12-29,14,2024-12-24/2024-12-30,Keighley,5.9,5.3
2024-12-29 15:00:00,2024-12-29,15,2024-12-24/2024-12-30,Keighley,6.9,3.0
2024-12-29 16:00:00,2024-12-29,16,2024-12-24/2024-12-30,Keighley,0.1,
2024-12-29 17:00:00,2024-12-29,17,2024-12-24/2024-12-30,Keighley,2.6,2.0
2024-12-29 18:00:00,2024-12-29,18,2024-12-24/2024-12-30,Keighley,6.1,5.5
2024-12-29 19:00:00,2024-12-29,19,2024-12-24/2024-12-30,Keighley,4.4,1.5
2024-12-29 20:00:00,2024-12-29,20,2024-12-24/2024-12-30,Keighley,5.2,1.1
2024-12-29 21:00:00,2024-12-29,21,2024-12-24/2024-12-30,Keighley,7.0,3.2
2024-12-29 22:00:00,2024-12-29,22,2024-12-24/2024-12-30,Keighley,8.5,4.6
2024-12-29 23:00:00,2024-12-29,23,2024-12-24/2024-12-30,Keighley,9.9,6.2
2024-12-30 00:00:00,2024-12-30,0,2024-12-24/2024-12-30,Keighley,6.4,2.8
2024-12-30 01:00:00,2024-12-30,1,2024-12-24/2024-12-30,Keighley,4.6,1.8
2024-12-30 02:00:00,2024-12-30,2,2024-12-24/2024-12-30,Keighley,1.2,
2024-12-30 03:00:00,2024-12-30,3,2024-12-24/2024-12-30,Keighley,4.1,3.0
2024-12-30 04:00:00,2024-12-30,4,2024-12-24/2024-12-30,Keighley,0.8,
2024-12-30 05:00:00,2024-12-30,5,2024-12-24/2024-12-30,Keighley,4.7,2.9
2024-12-30 06:00:00,2024-12-30,6,2024-12-24/2024-12-30,Keighley,2.7,
2024-12-30 07:00:00,2024-12-30,7,2024-12-24/2024-12-30,Keighley,7.7,4.8
2024-12-30 08:00:00,2024-12-30,8,2024-12-24/2024-12-30,Keighley,6.9,4.6
2024-12-30 09:00:00,2024-12-30,9,2024-12-24/2024-12-30,Keighley,2.0,0.7
2024-12-30 10:00:00,2024-12-30,10,2024-12-24/2024-12-30,Keighley,6.7,3.5
2024-12-30 11:00:00,2024-12-30,11,2024-12-24/2024-12-30,Keighley,6.2,1.5
2024-12-30 12:00:00,2024-12-30,12,2024-12-24/2024-12-30,Keighley,7.6,1.8
2024-12-30 13:00:00,2024-12-30,13,2024-12-24/2024-12-30,Keighley,6.6,0.3
2024-12-30 14:00:00,2024-12-30,14,2024-12-24/2024-12-30,Keighley,9.5,3.2
2024-12-30 15:00:00,2024-12-30,15,2024-12-24/2024-12-30,Keighley,6.9,3.1
2024-12-30 16:00:00,2024-12-30,16,2024-12-24/2024-12-30,Keighley,11.3,2.7
2024-12-30 17:00:00,2024-12-30,17,2024-12-24/2024-12-30,Keighley,15.9,4.5
2024-12-30 18:00:00,2024-12-30,18,2024-12-24/2024-12-30,Keighley,11.2,3.1
2024-12-30 19:00:00,2024-12-30,19,2024-12-24/2024-12-30,Keighley,11.3,5.8
2024-12-30 20:00:00,2024-12-30,20,2024-12-24/2024-12-30,Keighley,11.5,8.3
2024-12-30 21:00:00,2024-12-30,21,2024-12-24/2024-12-30,Keighley,7.0,5.8
2024-12-30 22:00:00,2024-12-30,22,2024-12-24/2024-12-30,Keighley,7.3,6.7
2024-12-30 23:00:00,2024-12-30,23,2024-12-24/2024-12-30,Keighley,1.5,1.0
2024-12-31 00:00:00,2024-12-31,0,2024-12-31/2025-01-06,Keighley,3.3,3.2
2024-12-31 01:00:00,2024-12-31,1,2024-12-31/2025-01-06,Keighley,4.5,4.6
2024-12-31 02:00:00,2024-12-31,2,2024-12-31/2025-01-06,Keighley,0.6,
2024-12-31 03:00:00,2024-12-31,3,2024-12-31/2025-01-06,Keighley,4.1,3.5
2024-12-31 04:00:00,2024-12-31,4,2024-12-31/2025-01-06,Keighley,0.6,
2024-12-31 05:00:00,2024-12-31,5,2024-12-31/2025-01-06,Keighley,4.1,3.4
2024-12-31 06:00:00,2024-12-31,6,2024-12-31/2025-01-06,Keighley,2.6,1.0
2024-12-31 07:00:00,2024-12-31,7,2024-12-31/2025-01-06,Keighley,2.9,1.2
2024-12-31 08:00:00,2024-12-31,8,2024-12-31/2025-01-06,Keighley,2.6,0.0
2024-12-31 09:00:00,2024-12-31,9,2024-12-31/2025-01-06,Keighley,0.7,
2024-12-31 10:00:00,2024-12-31,10,2024-12-31/2025-01-06,Keighley,6.7,1.7
2024-12-31 11:00:00,2024-12-31,11,2024-12-31/2025-01-06,Keighley,9.9,4.8
2024-12-31 12:00:00,2024-12-31,12,2024-12-31/2025-01-06,Keighley,7.8,2.6
2024-12-31 13:00:00,2024-12-31,13,2024-12-31/2025-01-06,Keighley,5.6,3.1
2024-12-31 14:00:00,2024-12-31,14,2024-12-31/2025-01-06,Keighley,4.7,3.0
2024-12-31 15:00:00,2024-12-31,15,2024-12-31/2025-01-06,Keighley,6.8,5.1
2024-12-31 16:00:00,2024-12-31,16,2024-12-31/2025-01-06,Keighley,4.9,4.3
2024-12-31 17:00:00,2024-12-31,17,2024-12-31/2025-01-06,Keighley,5.1,4.7
2024-12-31 18:00:00,2024-12-31,18,2024-12-31/2025-01-06,Keighley,0.0,
2024-12-31 19:00:00,2024-12-31,19,2024-12-31/2025-01-06,Keighley,4.7,3.9
2024-12-31 20:00:00,2024-12-31,20,2024-12-31/2025-01-06,Keighley,3.6,3.6
2024-12-31 21:00:00,2024-12-31,21,2024-12-31/2025-01-06,Keighley,2.0,1.3
2024-12-31 22:00:00,2024-12-31,22,2024-12-31/2025-01-06,Keighley,,
2024-12-31 23:00:00,2024-12-31,23,2024-12-31/2025-01-06,Keighley,1.0,0.1
2025-01-01 00:00:00,2025-01-01,0,2024-12-31/2025-01-06,Keighley,3.7,3.2
2025-01-01 01:00:00,2025-01-01,1,2024-12-31/2025-01-06,Keighley,8.7,7.8
2025-01-01 02:00:00,2025-01-01,2,2024-12-31/2025-01-06,Keighley,0.4,0.4
2025-01-01 03:00:00,2025-01-01,3,2024-12-31/2025-01-06,Keighley,4.9,4.6
2025-01-01 04:00:00,2025-01-01,4,2024-12-31/2025-01-06,Keighley,1.1,1.2
2025-01-01 05:00:00,2025-01-01,5,2024-12-31/2025-01-06,Keighley,0.6,1.2
2025-01-01 06:00:00,2025-01-01,6,2024-12-31/2025-01-06,Keighley,1.3,1.5
2025-01-01 07:00:00,2025-01-01,7,2024-12-31/2025-01-06,Keighley,1.1,0.6
2025-01-01 08:00:00,2025-01-01,8,2024-12-31/2025-01-06,Keighley,1.9,1.3
2025-01-01 09:00:00,2025-01-01,9,2024-12-31/2025-01-06,Keighley,5.4,2.2
2025-01-01 10:00:00,2025-01-01,10,2024-12-31/2025-01-06,Keighley,5.2,2.6
2025-01-01 11:00:00,2025-01-01,11,2024-12-31/2025-01-06,Keighley,0.0,0.0
2025-01-01 12:00:00,2025-01-01,12,2024-12-31/2025-01-06,Keighley,2.0,
2025-01-01 13:00:00,2025-01-01,13,2024-12-31/2025-01-06,Keighley,3.3,2.0
2025-01-01 14:00:00,2025-01-01,14,2024-12-31/2025-01-06,Keighley,3.5,1.3
2025-01-01 15:00:00,2025-01-01,15,2024-12-31/2025-01-06,Keighley,8.9,6.1
2025-01-01 16:00:00,2025-01-01,16,2024-12-31/2025-01-06,Keighley,4.7,3.7
2025-01-01 17:00:00,2025-01-01,17,2024-12-31/2025-01-06,Keighley,1.2,0.2
2025-01-01 18:00:00,2025-01-01,18,2024-12-31/2025-01-06,Keighley,,
2025-01-01 19:00:00,2025-01-01,19,2024-12-31/2025-01-06,Keighley,6.4,4.8
2025-01-01 20:00:00,2025-01-01,20,2024-12-31/2025-01-06,Keighley,5.1,1.8
2025-01-01 21:00:00,2025-01-01,21,2024-12-31/2025-01-06,Keighley,6.5,3.8
2025-01-01 22:00:00,2025-01-01,22,2024-12-31/2025-01-06,Keighley,6.6,3.1
2025-01-01 23:00:00,2025-01-01,23,2024-12-31/2025-01-06,Keighley,10.4,6.7
2025-01-02 00:00:00,2025-01-02,0,2024-12-31/2025-01-06,Keighley,8.3,5.6
2025-01-02 01:00:00,2025-01-02,1,2024-12-31/2025-01-06,Keighley,10.1,7.7
2025-01-02 02:00:00,2025-01-02,2,2024-12-31/2025-01-06,Keighley,5.7,3.1
2025-01-02 03:00:00,2025-01-02,3,2024-12-31/2025-01-06,Keighley,5.7,2.8
2025-01-02 04:00:00,2025-01-02,4,2024-12-31/2025-01-06,Keighley,3.8,2.3
2025-01-02 05:00:00,2025-01-02,5,2024-12-31/2025-01-06,Keighley,2.3,0.8
2025-01-02 06:00:00,2025-01-02,6,2024-12-31/2025-01-06,Keighley,2.2,0.2
2025-01-02 07:00:00,2025-01-02,7,2024-12-31/2025-01-06,Keighley,5.3,3.2
2025-01-02 08:00:00,2025-01-02,8,2024-12-31/2025-01-06,Keighley,4.7,2.7
2025-01-02 09:00:00,2025-01-02,9,2024-12-31/2025-01-06,Keighley,9.8,7.0
2025-01-02 10:00:00,2025-01-02,10,2024-12-31/2025-01-06,Keighley,12.8,6.2
2025-01-02 11:00:00,2025-01-02,11,2024-12-31/2025-01-06,Keighley,7.9,5.5
2025-01-02 12:00:00,2025-01-02,12,2024-12-31/2025-01-06,Keighley,4.9,2.7
2025-01-02 13:00:00,2025-01-02,13,2024-12-31/2025-01-06,Keighley,6.2,3.1
2025-01-02 14:00:00,2025-01-02,14,2024-12-31/2025-01-06,Keighley,13.9,4.5
2025-01-02 15:00:00,2025-01-02,15,2024-12-31/2025-01-06,Keighley,17.3,2.4
2025-01-02 16:00:00,2025-01-02,16,2024-12-31/2025-01-06,Keighley,14.0,1.3
2025-01-02 17:00:00,2025-01-02,17,2024-12-31/2025-01-06,Keighley,14.9,11.0
2025-01-02 18:00:00,2025-01-02,18,2024-12-31/2025-01-06,Keighley,8.0,5.8
2025-01-02 19:00:00,2025-01-02,19,2024-12-31/2025-01-06,Keighley,12.5,9.4
2025-01-02 20:00:00,2025-01-02,20,2024-12-31/2025-01-06,Keighley,10.8,8.5
2025-01-02 21:00:00,2025-01-02,21,2024-12-31/2025-01-06,Keighley,15.8,14.5
2025-01-02 22:00:00,2025-01-02,22,2024-12-31/2025-01-06,Keighley,10.9,9.5
2025-01-02 23:00:00,2025-01-02,23,2024-12-31/2025-01-06,Keighley,10.6,9.1
2025-01-03 00:00:00,2025-01-03,0,2024-12-31/2025-01-06,Keighley,8.5,7.6
2025-01-03 01:00:00,2025-01-03,1,2024-12-31/2025-01-06,Keighley,11.4,10.2
2025-01-03 02:00:00,2025-01-03,2,2024-12-31/2025-01-06,Keighley,4.4,2.9
2025-01-03 03:00:00,2025-01-03,3,2024-12-31/2025-01-06,Keighley,5.3,3.8
2025-01-03 04:00:00,2025-01-03,4,2024-12-31/2025-01-06,Keighley,4.7,2.6
2025-01-03 05:00:00,2025-01-03,5,2024-12-31/2025-01-06,Keighley,,
2025-01-03 06:00:00,2025-01-03,6,2024-12-31/2025-01-06,Keighley,7.4,5.6
2025-01-03 07:00:00,2025-01-03,7,2024-12-31/2025-01-06,Keighley,3.4,1.4
2025-01-03 08:00:00,2025-01-03,8,2024-12-31/2025-01-06,Keighley,6.9,4.4
2025-01-03 09:00:00,2025-01-03,9,2024-12-31/2025-01-06,Keighley,5.3,2.8
2025-01-03 10:00:00,2025-01-03,10,2024-12-31/2025-01-06,Keighley,5.9,3.0
2025-01-03 11:00:00,2025-01-03,11,2024-12-31/2025-01-06,Keighley,5.5,2.7
2025-01-03 12:00:00,2025-01-03,12,2024-12-31/2025-01-06,Keighley,3.7,0.9
2025-01-03 13:00:00,2025-01-03,13,2024-12-31/2025-01-06,Keighley,4.3,2.2
2025-01-03 14:00:00,2025-01-03,14,2024-12-31/2025-01-06,Keighley,9.3,7.0
2025-01-03 15:00:00,2025-01-03,15,2024-12-31/2025-01-06,Keighley,8.0,5.5
2025-01-03 16:00:00,2025-01-03,16,2024-12-31/2025-01-06,Keighley,9.5,7.3
2025-01-03 17:00:00,2025-01-03,17,2024-12-31/2025-01-06,Keighley,13.8,11.6
2025-01-03 18:00:00,2025-01-03,18,2024-12-31/2025-01-06,Keighley,19.0,17.3
2025-01-03 19:00:00,2025-01-03,19,2024-12-31/2025-01-06,Keighley,28.6,26.8
2025-01-03 20:00:00,2025-01-03,20,2024-12-31/2025-01-06,Keighley,24.4,20.5
2025-01-03 21:00:00,2025-01-03,21,2024-12-31/2025-01-06,Keighley,24.0,20.4
2025-01-03 22:00:00,2025-01-03,22,2024-12-31/2025-01-06,Keighley,13.5,10.8
2025-01-03 23:00:00,2025-01-03,23,2024-12-31/2025-01-06,Keighley,17.4,15.7
2025-01-04 00:00:00,2025-01-04,0,2024-12-31/2025-01-06,Keighley,10.6,9.0
2025-01-04 01:00:00,2025-01-04,1,2024-12-31/2025-01-06,Keighley,5.8,5.0
2025-01-04 02:00:00,2025-01-04,2,2024-12-31/2025-01-06,Keighley,4.0,3.2
2025-01-04 03:00:00,2025-01-04,3,2024-12-31/2025-01-06,Keighley,5.7,4.7
2025-01-04 04:00:00,2025-01-04,4,2024-12-31/2025-01-06,Keighley,4.1,3.6
2025-01-04 05:00:00,2025-01-04,5,2024-12-31/2025-01-06,Keighley,2.8,2.2
2025-01-04 06:00:00,2025-01-04,6,2024-12-31/2025-01-06,Keighley,6.0,5.3
2025-01-04 07:00:00,2025-01-04,7,2024-12-31/2025-01-06,Keighley,3.2,2.7
2025-01-04 08:00:00,2025-01-04,8,2024-12-31/2025-01-06,Keighley,8.7,7.1
2025-01-04 09:00:00,2025-01-04,9,2024-12-31/2025-01-06,Keighley,12.1,11.1
2025-01-04 10:00:00,2025-01-04,10,2024-12-31/2025-01-06,Keighley,13.7,12.3
2025-01-04 11:00:00,2025-01-04,11,2024-12-31/2025-01-06,Keighley,13.0,11.1
2025-01-04 12:00:00,2025-01-04,12,2024-12-31/2025-01-06,Keighley,14.7,13.5
2025-01-04 13:00:00,2025-01-04,13,2024-12-31/2025-01-06,Keighley,18.5,16.9
2025-01-04 14:00:00,2025-01-04,14,2024-12-31/2025-01-06,Keighley,6.5,4.0
2025-01-04 15:00:00,2025-01-04,15,2024-12-31/2025-01-06,Keighley,11.9,10.0
2025-01-04 16:00:00,2025-01-04,16,2024-12-31/2025-01-06,Keighley,12.2,10.0
2025-01-04 17:00:00,2025-01-04,17,2024-12-31/2025-01-06,Keighley,16.3,13.9
2025-01-04 18:00:00,2025-01-04,18,2024-12-31/2025-01-06,Keighley,24.9,21.6
2025-01-04 19:00:00,2025-01-04,19,2024-12-31/2025-01-06,Keighley,25.0,21.4
2025-01-04 20:00:00,2025-01-04,20,2024-12-31/2025-01-06,Keighley,25.3,22.3
2025-01-04 21:00:00,2025-01-04,21,2024-12-31/2025-01-06,Keighley,26.6,23.6
2025-01-04 22:00:00,2025-01-04,22,2024-12-31/2025-01-06,Keighley,30.4,25.0
2025-01-04 23:00:00,2025-01-04,23,2024-12-31/2025-01-06,Keighley,29.5,27.1
2025-01-05 00:00:00,2025-01-05,0,2024-12-31/2025-01-06,Keighley,25.9,23.6
2025-01-05 01:00:00,2025-01-05,1,2024-12-31/2025-01-06,Keighley,10.1,9.7
2025-01-05 02:00:00,2025-01-05,2,2024-12-31/2025-01-06,Keighley,43.4,41.8
2025-01-05 03:00:00,2025-01-05,3,2024-12-31/2025-01-06,Keighley,32.4,30.3
2025-01-05 04:00:00,2025-01-05,4,2024-12-31/2025-01-06,Keighley,6.6,6.0
2025-01-05 05:00:00,2025-01-05,5,2024-12-31/2025-01-06,Keighley,3.5,3.2
2025-01-05 06:00:00,2025-01-05,6,2024-12-31/2025-01-06,Keighley,,
2025-01-05 07:00:00,2025-01-05,7,2024-12-31/2025-01-06,Keighley,0.6,0.4
2025-01-05 08:00:00,2025-01-05,8,2024-12-31/2025-01-06,Keighley,,
2025-01-05 09:00:00,2025-01-05,9,2024-12-31/2025-01-06,Keighley,,
2025-01-05 10:00:00,2025-01-05,10,2024-12-31/2025-01-06,Keighley,0.0,
2025-01-05 11:00:00,2025-01-05,11,2024-12-31/2025-01-06,Keighley,2.6,2.3
2025-01-05 12:00:00,2025-01-05,12,2024-12-31/2025-01-06,Keighley,6.2,6.4
2025-01-05 13:00:00,2025-01-05,13,2024-12-31/2025-01-06,Keighley,2.8,2.2
2025-01-05 14:00:00,2025-01-05,14,2024-12-31/2025-01-06,Keighley,2.3,2.4
2025-01-05 15:00:00,2025-01-05,15,2024-12-31/2025-01-06,Keighley,0.9,0.6
2025-01-05 16:00:00,2025-01-05,16,2024-12-31/2025-01-06,Keighley,,
2025-01-05 17:00:00,2025-01-05,17,2024-12-31/2025-01-06,Keighley,1.0,1.0
2025-01-05 18:00:00,2025-01-05,18,2024-12-31/2025-01-06,Keighley,1.4,0.9
2025-01-05 19:00:00,2025-01-05,19,2024-12-31/2025-01-06,Keighley,,0.1
2025-01-05 20:00:00,2025-01-05,20,2024-12-31/2025-01-06,Keighley,6.1,5.5
2025-01-05 21:00:00,2025-01-05,21,2024-12-31/2025-01-06,Keighley,,0.4
2025-01-05 22:00:00,2025-01-05,22,2024-12-31/2025-01-06,Keighley,3.2,3.3
2025-01-05 23:00:00,2025-01-05,23,2024-12-31/2025-01-06,Keighley,,
2025-01-06 00:00:00,2025-01-06,0,2024-12-31/2025-01-06,Keighley,5.4,4.9
2025-01-06 01:00:00,2025-01-06,1,2024-12-31/2025-01-06,Keighley,,
2025-01-06 02:00:00,2025-01-06,2,2024-12-31/2025-01-06,Keighley,,
2025-01-06 03:00:00,2025-01-06,3,2024-12-31/2025-01-06,Keighley,1.4,2.0
2025-01-06 04:00:00,2025-01-06,4,2024-12-31/2025-01-06,Keighley,0.7,0.8
2025-01-06 05:00:00,2025-01-06,5,2024-12-31/2025-01-06,Keighley,4.1,3.8
2025-01-06 06:00:00,2025-01-06,6,2024-12-31/2025-01-06,Keighley,,
2025-01-06 07:00:00,2025-01-06,7,2024-12-31/2025-01-06,Keighley,1.1,1.1
2025-01-06 08:00:00,2025-01-06,8,2024-12-31/2025-01-06,Keighley,,
2025-01-06 09:00:00,2025-01-06,9,2024-12-31/2025-01-06,Keighley,0.2,0.0
2025-01-06 10:00:00,2025-01-06,10,2024-12-31/2025-01-06,Keighley,0.5,0.4
2025-01-06 11:00:00,2025-01-06,11,2024-12-31/2025-01-06,Keighley,1.7,1.5
2025-01-06 12:00:00,2025-01-06,12,2024-12-31/2025-01-06,Keighley,1.6,1.5
2025-01-06 13:00:00,2025-01-06,13,2024-12-31/2025-01-06,Keighley,,
2025-01-06 14:00:00,2025-01-06,14,2024-12-31/2025-01-06,Keighley,3.8,3.2
2025-01-06 15:00:00,2025-01-06,15,2024-12-31/2025-01-06,Keighley,1.6,0.5
2025-01-06 16:00:00,2025-01-06,16,2024-12-31/2025-01-06,Keighley,2.7,1.8
2025-01-06 17:00:00,2025-01-06,17,2024-12-31/2025-01-06,Keighley,3.5,2.6
2025-01-06 18:00:00,2025-01-06,18,2024-12-31/2025-01-06,Keighley,3.4,2.1
2025-01-06 19:00:00,2025-01-06,19,2024-12-31/2025-01-06,Keighley,5.4,3.1
2025-01-06 20:00:00,2025-01-06,20,2024-12-31/2025-01-06,Keighley,5.0,2.6
2025-01-06 21:00:00,2025-01-06,21,2024-12-31/2025-01-06,Keighley,3.3,1.8
2025-01-06 22:00:00,2025-01-06,22,2024-12-31/2025-01-06,Keighley,3.4,1.7
2025-01-06 23:00:00,2025-01-06,23,2024-12-31/2025-01-06,Keighley,4.0,2.5
2025-01-07 00:00:00,2025-01-07,0,2025-01-07/2025-01-13,Keighley,0.7,
2025-01-07 01:00:00,2025-01-07,1,2025-01-07/2025-01-13,Keighley,5.8,3.4
2025-01-07 02:00:00,2025-01-07,2,2025-01-07/2025-01-13,Keighley,2.9,
2025-01-07 03:00:00,2025-01-07,3,2025-01-07/2025-01-13,Keighley,3.1,2.4
2025-01-07 04:00:00,2025-01-07,4,2025-01-07/2025-01-13,Keighley,4.7,4.4
2025-01-07 05:00:00,2025-01-07,5,2025-01-07/2025-01-13,Keighley,0.7,0.4
2025-01-07 06:00:00,2025-01-07,6,2025-01-07/2025-01-13,Keighley,1.8,1.6
2025-01-07 07:00:00,2025-01-07,7,2025-01-07/2025-01-13,Keighley,0.3,
2025-01-07 08:00:00,2025-01-07,8,2025-01-07/2025-01-13,Keighley,4.9,4.0
2025-01-07 09:00:00,2025-01-07,9,2025-01-07/2025-01-13,Keighley,7.7,6.8
2025-01-07 10:00:00,2025-01-07,10,2025-01-07/2025-01-13,Keighley,5.0,3.5
2025-01-07 11:00:00,2025-01-07,11,2025-01-07/2025-01-13,Keighley,3.0,0.6
2025-01-07 12:00:00,2025-01-07,12,2025-01-07/2025-01-13,Keighley,9.1,6.5
2025-01-07 13:00:00,2025-01-07,13,2025-01-07/2025-01-13,Keighley,3.8,2.1
2025-01-07 14:00:00,2025-01-07,14,2025-01-07/2025-01-13,Keighley,1.4,0.2
2025-01-07 15:00:00,2025-01-07,15,2025-01-07/2025-01-13,Keighley,2.3,1.0
2025-01-07 16:00:00,2025-01-07,16,2025-01-07/2025-01-13,Keighley,2.8,2.3
2025-01-07 17:00:00,2025-01-07,17,2025-01-07/2025-01-13,Keighley,3.5,2.1
2025-01-07 18:00:00,2025-01-07,18,2025-01-07/2025-01-13,Keighley,7.5,4.9
2025-01-07 19:00:00,2025-01-07,19,2025-01-07/2025-01-13,Keighley,1.5,
2025-01-07 20:00:00,2025-01-07,20,2025-01-07/2025-01-13,Keighley,5.9,4.5
2025-01-07 21:00:00,2025-01-07,21,2025-01-07/2025-01-13,Keighley,6.6,4.3
2025-01-07 22:00:00,2025-01-07,22,2025-01-07/2025-01-13,Keighley,4.3,3.0
2025-01-07 23:00:00,2025-01-07,23,2025-01-07/2025-01-13,Keighley,4.7,2.3
2025-01-08 00:00:00,2025-01-08,0,2025-01-07/2025-01-13,Keighley,6.2,3.0
2025-01-08 01:00:00,2025-01-08,1,2025-01-07/2025-01-13,Keighley,4.9,1.2
2025-01-08 02:00:00,2025-01-08,2,2025-01-07/2025-01-13,Keighley,6.7,3.6
2025-01-08 03:00:00,2025-01-08,3,2025-01-07/2025-01-13,Keighley,6.3,3.4
2025-01-08 04:00:00,2025-01-08,4,2025-01-07/2025-01-13,Keighley,,
2025-01-08 05:00:00,2025-01-08,5,2025-01-07/2025-01-13,Keighley,3.7,1.7
2025-01-08 06:00:00,2025-01-08,6,2025-01-07/2025-01-13,Keighley,4.5,1.7
2025-01-08 07:00:00,2025-01-08,7,2025-01-07/2025-01-13,Keighley,2.7,0.5
2025-01-08 08:00:00,2025-01-08,8,2025-01-07/2025-01-13,Keighley,13.0,9.4
2025-01-08 09:00:00,2025-01-08,9,2025-01-07/2025-01-13,Keighley,17.0,13.0
2025-01-08 10:00:00,2025-01-08,10,2025-01-07/2025-01-13,Keighley,13.2,8.7
2025-01-08 11:00:00,2025-01-08,11,2025-01-07/2025-01-13,Keighley,25.5,20.1
2025-01-08 12:00:00,2025-01-08,12,2025-01-07/2025-01-13,Keighley,19.6,14.8
2025-01-08 13:00:00,2025-01-08,13,2025-01-07/2025-01-13,Keighley,25.5,22.2
2025-01-08 14:00:00,2025-01-08,14,2025-01-07/2025-01-13,Keighley,26.2,22.4
2025-01-08 15:00:00,2025-01-08,15,2025-01-07/2025-01-13,Keighley,23.7,18.8
2025-01-08 16:00:00,2025-01-08,16,2025-01-07/2025-01-13,Keighley,25.2,21.0
2025-01-08 17:00:00,2025-01-08,17,2025-01-07/2025-01-13,Keighley,25.5,22.0
2025-01-08 18:00:00,2025-01-08,18,2025-01-07/2025-01-13,Keighley,22.1,18.6
2025-01-08 19:00:00,2025-01-08,19,2025-01-07/2025-01-13,Keighley,21.9,18.6
2025-01-08 20:00:00,2025-01-08,20,2025-01-07/2025-01-13,Keighley,26.3,23.1
2025-01-08 21:00:00,2025-01-08,21,2025-01-07/2025-01-13,Keighley,24.6,20.9
2025-01-08 22:00:00,2025-01-08,22,2025-01-07/2025-01-13,Keighley,24.6,21.6
2025-01-08 23:00:00,2025-01-08,23,2025-01-07/2025-01-13,Keighley,16.7,13.9
2025-01-09 00:00:00,2025-01-09,0,2025-01-07/2025-01-13,Keighley,24.6,20.6
2025-01-09 01:00:00,2025-01-09,1,2025-01-07/2025-01-13,Keighley,27.0,22.4
2025-01-09 02:00:00,2025-01-09,2,2025-01-07/2025-01-13,Keighley,23.8,20.4
2025-01-09 03:00:00,2025-01-09,3,2025-01-07/2025-01-13,Keighley,21.8,18.8
2025-01-09 04:00:00,2025-01-09,4,2025-01-07/2025-01-13,Keighley,16.6,14.3
2025-01-09 05:00:00,2025-01-09,5,2025-01-07/2025-01-13,Keighley,16.1,13.7
2025-01-09 06:00:00,2025-01-09,6,2025-01-07/2025-01-13,Keighley,17.0,15.0
2025-01-09 07:00:00,2025-01-09,7,2025-01-07/2025-01-13,Keighley,17.9,13.9
2025-01-09 08:00:00,2025-01-09,8,2025-01-07/2025-01-13,Keighley,26.6,18.5
2025-01-09 09:00:00,2025-01-09,9,2025-01-07/2025-01-13,Keighley,22.5,17.1
2025-01-09 10:00:00,2025-01-09,10,2025-01-07/2025-01-13,Keighley,27.3,19.6
2025-01-09 11:00:00,2025-01-09,11,2025-01-07/2025-01-13,Keighley,19.2,14.8
2025-01-09 12:00:00,2025-01-09,12,2025-01-07/2025-01-13,Keighley,15.2,12.0
2025-01-09 13:00:00,2025-01-09,13,2025-01-07/2025-01-13,Keighley,15.8,13.0
2025-01-09 14:00:00,2025-01-09,14,2025-01-07/2025-01-13,Keighley,12.0,8.6
2025-01-09 15:00:00,2025-01-09,15,2025-01-07/2025-01-13,Keighley,10.2,7.2
2025-01-09 16:00:00,2025-01-09,16,2025-01-07/2025-01-13,Keighley,6.5,3.5
2025-01-09 17:00:00,2025-01-09,17,2025-01-07/2025-01-13,Keighley,7.2,5.3
2025-01-09 18:00:00,2025-01-09,18,2025-01-07/2025-01-13,Keighley,14.1,11.7
2025-01-09 19:00:00,2025-01-09,19,2025-01-07/2025-01-13,Keighley,18.7,15.0
2025-01-09 20:00:00,2025-01-09,20,2025-01-07/2025-01-13,Keighley,13.8,11.5
2025-01-09 21:00:00,2025-01-09,21,2025-01-07/2025-01-13,Keighley,19.0,16.6
2025-01-09 22:00:00,2025-01-09,22,2025-01-07/2025-01-13,Keighley,21.7,19.5
2025-01-09 23:00:00,2025-01-09,23,2025-01-07/2025-01-13,Keighley,16.5,13.7
2025-01-10 00:00:00,2025-01-10,0,2025-01-07/2025-01-13,Keighley,28.4,26.0
2025-01-10 01:00:00,2025-01-10,1,2025-01-07/2025-01-13,Keighley,25.1,21.5
2025-01-10 02:00:00,2025-01-10,2,2025-01-07/2025-01-13,Keighley,26.6,23.9
2025-01-10 03:00:00,2025-01-10,3,2025-01-07/2025-01-13,Keighley,19.9,17.1
2025-01-10 04:00:00,2025-01-10,4,2025-01-07/2025-01-13,Keighley,14.2,11.6
2025-01-10 05:00:00,2025-01-10,5,2025-01-07/2025-01-13,Keighley,8.8,6.4
2025-01-10 06:00:00,2025-01-10,6,2025-01-07/2025-01-13,Keighley,13.7,10.6
2025-01-10 07:00:00,2025-01-10,7,2025-01-07/2025-01-13,Keighley,18.4,14.7
2025-01-10 08:00:00,2025-01-10,8,2025-01-07/2025-01-13,Keighley,16.6,12.8
2025-01-10 09:00:00,2025-01-10,9,2025-01-07/2025-01-13,Keighley,20.5,10.3
2025-01-10 10:00:00,2025-01-10,10,2025-01-07/2025-01-13,Keighley,28.5,21.2
2025-01-10 11:00:00,2025-01-10,11,2025-01-07/2025-01-13,Keighley,30.3,25.3
2025-01-10 12:00:00,2025-01-10,12,2025-01-07/2025-01-13,Keighley,28.7,23.3
2025-01-10 13:00:00,2025-01-10,13,2025-01-07/2025-01-13,Keighley,30.8,24.3
2025-01-10 14:00:00,2025-01-10,14,2025-01-07/2025-01-13,Keighley,39.8,33.3
2025-01-10 15:00:00,2025-01-10,15,2025-01-07/2025-01-13,Keighley,38.4,31.9
2025-01-10 16:00:00,2025-01-10,16,2025-01-07/2025-01-13,Keighley,16.2,10.6
2025-01-10 17:00:00,2025-01-10,17,2025-01-07/2025-01-13,Keighley,22.6,17.1
2025-01-10 18:00:00,2025-01-10,18,2025-01-07/2025-01-13,Keighley,23.8,18.5
2025-01-10 19:00:00,2025-01-10,19,2025-01-07/2025-01-13,Keighley,27.1,22.3
2025-01-10 20:00:00,2025-01-10,20,2025-01-07/2025-01-13,Keighley,23.2,19.2
2025-01-10 21:00:00,2025-01-10,21,2025-01-07/2025-01-13,Keighley,28.2,23.8
2025-01-10 22:00:00,2025-01-10,22,2025-01-07/2025-01-13,Keighley,20.5,16.8
2025-01-10 23:00:00,2025-01-10,23,2025-01-07/2025-01-13,Keighley,12.9,10.2
2025-01-11 00:00:00,2025-01-11,0,2025-01-07/2025-01-13,Keighley,14.9,12.0
2025-01-11 01:00:00,2025-01-11,1,2025-01-07/2025-01-13,Keighley,14.0,11.3
2025-01-11 02:00:00,2025-01-11,2,2025-01-07/2025-01-13,Keighley,12.6,10.3
2025-01-11 03:00:00,2025-01-11,3,2025-01-07/2025-01-13,Keighley,8.6,6.3
2025-01-11 04:00:00,2025-01-11,4,2025-01-07/2025-01-13,Keighley,9.5,8.3
2025-01-11 05:00:00,2025-01-11,5,2025-01-07/2025-01-13,Keighley,15.3,12.3
2025-01-11 06:00:00,2025-01-11,6,2025-01-07/2025-01-13,Keighley,13.1,10.6
2025-01-11 07:00:00,2025-01-11,7,2025-01-07/2025-01-13,Keighley,15.3,12.3
2025-01-11 08:00:00,2025-01-11,8,2025-01-07/2025-01-13,Keighley,20.4,16.3
2025-01-11 09:00:00,2025-01-11,9,2025-01-07/2025-01-13,Keighley,28.0,18.9
2025-01-11 10:00:00,2025-01-11,10,2025-01-07/2025-01-13,Keighley,41.4,28.5
2025-01-11 11:00:00,2025-01-11,11,2025-01-07/2025-01-13,Keighley,45.7,38.7
2025-01-11 12:00:00,2025-01-11,12,2025-01-07/2025-01-13,Keighley,55.0,47.9
2025-01-11 13:00:00,2025-01-11,13,2025-01-07/2025-01-13,Keighley,49.6,43.7
2025-01-11 14:00:00,2025-01-11,14,2025-01-07/2025-01-13,Keighley,50.3,44.5
2025-01-11 15:00:00,2025-01-11,15,2025-01-07/2025-01-13,Keighley,41.5,36.5
2025-01-11 16:00:00,2025-01-11,16,2025-01-07/2025-01-13,Keighley,58.2,51.6
2025-01-11 17:00:00,2025-01-11,17,2025-01-07/2025-01-13,Keighley,50.8,43.7
2025-01-11 18:00:00,2025-01-11,18,2025-01-07/2025-01-13,Keighley,53.2,46.0
2025-01-11 19:00:00,2025-01-11,19,2025-01-07/2025-01-13,Keighley,62.5,55.6
2025-01-11 20:00:00,2025-01-11,20,2025-01-07/2025-01-13,Keighley,60.9,54.7
2025-01-11 21:00:00,2025-01-11,21,2025-01-07/2025-01-13,Keighley,69.5,62.5
2025-01-11 22:00:00,2025-01-11,22,2025-01-07/2025-01-13,Keighley,67.8,62.1
2025-01-11 23:00:00,2025-01-11,23,2025-01-07/2025-01-13,Keighley,50.8,45.8
2025-01-12 00:00:00,2025-01-12,0,2025-01-07/2025-01-13,Keighley,51.9,46.6
2025-01-12 01:00:00,2025-01-12,1,2025-01-07/2025-01-13,Keighley,50.1,44.9
2025-01-12 02:00:00,2025-01-12,2,2025-01-07/2025-01-13,Keighley,50.0,45.1
2025-01-12 03:00:00,2025-01-12,3,2025-01-07/2025-01-13,Keighley,49.2,45.1
2025-01-12 04:00:00,2025-01-12,4,2025-01-07/2025-01-13,Keighley,36.6,32.9
2025-01-12 05:00:00,2025-01-12,5,2025-01-07/2025-01-13,Keighley,31.5,29.0
2025-01-12 06:00:00,2025-01-12,6,2025-01-07/2025-01-13,Keighley,26.7,24.1
2025-01-12 07:00:00,2025-01-12,7,2025-01-07/2025-01-13,Keighley,29.3,26.6
2025-01-12 08:00:00,2025-01-12,8,2025-01-07/2025-01-13,Keighley,32.9,29.5
2025-01-12 09:00:00,2025-01-12,9,2025-01-07/2025-01-13,Keighley,36.3,28.6
2025-01-12 10:00:00,2025-01-12,10,2025-01-07/2025-01-13,Keighley,42.2,32.6
2025-01-12 11:00:00,2025-01-12,11,2025-01-07/2025-01-13,Keighley,32.2,24.6
2025-01-12 12:00:00,2025-01-12,12,2025-01-07/2025-01-13,Keighley,22.0,17.1
2025-01-12 13:00:00,2025-01-12,13,2025-01-07/2025-01-13,Keighley,12.4,10.3
2025-01-12 14:00:00,2025-01-12,14,2025-01-07/2025-01-13,Keighley,16.2,14.4
2025-01-12 15:00:00,2025-01-12,15,2025-01-07/2025-01-13,Keighley,16.2,13.2
2025-01-12 16:00:00,2025-01-12,16,2025-01-07/2025-01-13,Keighley,14.6,12.8
2025-01-12 17:00:00,2025-01-12,17,2025-01-07/2025-01-13,Keighley,15.2,14.3
2025-01-12 18:00:00,2025-01-12,18,2025-01-07/2025-01-13,Keighley,16.2,14.7
2025-01-12 19:00:00,2025-01-12,19,2025-01-07/2025-01-13,Keighley,30.8,27.9
2025-01-12 20:00:00,2025-01-12,20,2025-01-07/2025-01-13,Keighley,31.0,28.4
2025-01-12 21:00:00,2025-01-12,21,2025-01-07/2025-01-13,Keighley,27.5,24.9
2025-01-12 22:00:00,2025-01-12,22,2025-01-07/2025-01-13,Keighley,18.1,15.3
2025-01-12 23:00:00,2025-01-12,23,2025-01-07/2025-01-13,Keighley,22.8,19.7
2025-01-13 00:00:00,2025-01-13,0,2025-01-07/2025-01-13,Keighley,20.5,17.3
2025-01-13 01:00:00,2025-01-13,1,2025-01-07/2025-01-13,Keighley,13.1,10.6
2025-01-13 02:00:00,2025-01-13,2,2025-01-07/2025-01-13,Keighley,14.3,11.9
2025-01-13 03:00:00,2025-01-13,3,2025-01-07/2025-01-13,Keighley,9.0,6.8
2025-01-13 04:00:00,2025-01-13,4,2025-01-07/2025-01-13,Keighley,9.8,8.1
2025-01-13 05:00:00,2025-01-13,5,2025-01-07/2025-01-13,Keighley,8.6,6.9
2025-01-13 06:00:00,2025-01-13,6,2025-01-07/2025-01-13,Keighley,12.6,10.3
2025-01-13 07:00:00,2025-01-13,7,2025-01-07/2025-01-13,Keighley,7.5,5.6
2025-01-13 08:00:00,2025-01-13,8,2025-01-07/2025-01-13,Keighley,6.4,3.5
2025-01-13 09:00:00,2025-01-13,9,2025-01-07/2025-01-13,Keighley,11.0,8.1
2025-01-13 10:00:00,2025-01-13,10,2025-01-07/2025-01-13,Keighley,7.8,4.4
2025-01-13 11:00:00,2025-01-13,11,2025-01-07/2025-01-13,Keighley,9.2,5.8
2025-01-13 12:00:00,2025-01-13,12,2025-01-07/2025-01-13,Keighley,9.2,5.9
2025-01-13 13:00:00,2025-01-13,13,2025-01-07/2025-01-13,Keighley,12.1,8.8
2025-01-13 14:00:00,2025-01-13,14,2025-01-07/2025-01-13,Keighley,13.3,9.6
2025-01-13 15:00:00,2025-01-13,15,2025-01-07/2025-01-13,Keighley,15.5,11.3
2025-01-13 16:00:00,2025-01-13,16,2025-01-07/2025-01-13,Keighley,8.3,4.7
2025-01-13 17:00:00,2025-01-13,17,2025-01-07/2025-01-13,Keighley,9.3,5.8
2025-01-13 18:00:00,2025-01-13,18,2025-01-07/2025-01-13,Keighley,9.2,7.0
2025-01-13 19:00:00,2025-01-13,19,2025-01-07/2025-01-13,Keighley,8.8,6.2
2025-01-13 20:00:00,2025-01-13,20,2025-01-07/2025-01-13,Keighley,9.6,7.5
2025-01-13 21:00:00,2025-01-13,21,2025-01-07/2025-01-13,Keighley,11.6,8.7
2025-01-13 22:00:00,2025-01-13,22,2025-01-07/2025-01-13,Keighley,12.5,10.6
2025-01-13 23:00:00,2025-01-13,23,2025-01-07/2025-01-13,Keighley,11.6,9.1
2025-01-14 00:00:00,2025-01-14,0,2025-01-14/2025-01-20,Keighley,9.8,7.6
2025-01-14 01:00:00,2025-01-14,1,2025-01-14/2025-01-20,Keighley,8.5,7.3
2025-01-14 02:00:00,2025-01-14,2,2025-01-14/2025-01-20,Keighley,5.4,5.7
2025-01-14 03:00:00,2025-01-14,3,2025-01-14/2025-01-20,Keighley,3.6,2.9
2025-01-14 04:00:00,2025-01-14,4,2025-01-14/2025-01-20,Keighley,4.7,3.5
2025-01-14 05:00:00,2025-01-14,5,2025-01-14/2025-01-20,Keighley,4.2,3.7
2025-01-14 06:00:00,2025-01-14,6,2025-01-14/2025-01-20,Keighley,43.2,43.1
2025-01-14 07:00:00,2025-01-14,7,2025-01-14/2025-01-20,Keighley,8.4,8.5
2025-01-14 08:00:00,2025-01-14,8,2025-01-14/2025-01-20,Keighley,16.1,14.7
2025-01-14 09:00:00,2025-01-14,9,2025-01-14/2025-01-20,Keighley,14.6,12.6
2025-01-14 10:00:00,2025-01-14,10,2025-01-14/2025-01-20,Keighley,14.4,12.7
2025-01-14 11:00:00,2025-01-14,11,2025-01-14/2025-01-20,Keighley,8.9,8.2
2025-01-14 12:00:00,2025-01-14,12,2025-01-14/2025-01-20,Keighley,7.2,7.1
2025-01-14 13:00:00,2025-01-14,13,2025-01-14/2025-01-20,Keighley,9.3,6.8
2025-01-14 14:00:00,2025-01-14,14,2025-01-14/2025-01-20,Keighley,6.5,4.6
2025-01-14 15:00:00,2025-01-14,15,2025-01-14/2025-01-20,Keighley,6.6,4.2
2025-01-14 16:00:00,2025-01-14,16,2025-01-14/2025-01-20,Keighley,5.5,3.9
2025-01-14 17:00:00,2025-01-14,17,2025-01-14/2025-01-20,Keighley,6.0,5.7
2025-01-14 18:00:00,2025-01-14,18,2025-01-14/2025-01-20,Keighley,11.1,11.5
2025-01-14 19:00:00,2025-01-14,19,2025-01-14/2025-01-20,Keighley,13.0,12.9
2025-01-14 20:00:00,2025-01-14,20,2025-01-14/2025-01-20,Keighley,13.0,12.6
2025-01-14 21:00:00,2025-01-14,21,2025-01-14/2025-01-20,Keighley,6.4,5.8
2025-01-14 22:00:00,2025-01-14,22,2025-01-14/2025-01-20,Keighley,12.4,12.2
2025-01-14 23:00:00,2025-01-14,23,2025-01-14/2025-01-20,Keighley,8.5,8.3
2025-01-15 00:00:00,2025-01-15,0,2025-01-14/2025-01-20,Keighley,4.4,4.5
2025-01-15 01:00:00,2025-01-15,1,2025-01-14/2025-01-20,Keighley,4.3,4.1
2025-01-15 02:00:00,2025-01-15,2,2025-01-14/2025-01-20,Keighley,4.6,5.0
2025-01-15 03:00:00,2025-01-15,3,2025-01-14/2025-01-20,Keighley,5.6,5.6
2025-01-15 04:00:00,2025-01-15,4,2025-01-14/2025-01-20,Keighley,5.4,6.0
2025-01-15 05:00:00,2025-01-15,5,2025-01-14/2025-01-20,Keighley,5.2,5.3
2025-01-15 06:00:00,2025-01-15,6,2025-01-14/2025-01-20,Keighley,6.5,6.7
2025-01-15 07:00:00,2025-01-15,7,2025-01-14/2025-01-20,Keighley,6.9,6.3
2025-01-15 08:00:00,2025-01-15,8,2025-01-14/2025-01-20,Keighley,4.3,3.6
2025-01-15 09:00:00,2025-01-15,9,2025-01-14/2025-01-20,Keighley,4.7,3.8
2025-01-15 10:00:00,2025-01-15,10,2025-01-14/2025-01-20,Keighley,10.9,9.0
2025-01-15 11:00:00,2025-01-15,11,2025-01-14/2025-01-20,Keighley,10.1,8.8
2025-01-15 12:00:00,2025-01-15,12,2025-01-14/2025-01-20,Keighley,11.4,10.4
2025-01-15 13:00:00,2025-01-15,13,2025-01-14/2025-01-20,Keighley,16.0,14.6
2025-01-15 14:00:00,2025-01-15,14,2025-01-14/2025-01-20,Keighley,20.0,18.6
2025-01-15 15:00:00,2025-01-15,15,2025-01-14/2025-01-20,Keighley,19.8,18.4
2025-01-15 16:00:00,2025-01-15,16,2025-01-14/2025-01-20,Keighley,,13.9
2025-01-15 17:00:00,2025-01-15,17,2025-01-14/2025-01-20,Keighley,16.1,11.5
2025-01-15 18:00:00,2025-01-15,18,2025-01-14/2025-01-20,Keighley,26.7,22.6
2025-01-15 19:00:00,2025-01-15,19,2025-01-14/2025-01-20,Keighley,36.5,32.6
2025-01-15 20:00:00,2025-01-15,20,2025-01-14/2025-01-20,Keighley,48.2,43.3
2025-01-15 21:00:00,2025-01-15,21,2025-01-14/2025-01-20,Keighley,33.2,29.8
2025-01-15 22:00:00,2025-01-15,22,2025-01-14/2025-01-20,Keighley,24.9,23.6
2025-01-15 23:00:00,2025-01-15,23,2025-01-14/2025-01-20,Keighley,19.5,19.7
2025-01-16 00:00:00,2025-01-16,0,2025-01-14/2025-01-20,Keighley,18.5,18.0
2025-01-16 01:00:00,2025-01-16,1,2025-01-14/2025-01-20,Keighley,16.3,16.6
2025-01-16 02:00:00,2025-01-16,2,2025-01-14/2025-01-20,Keighley,22.8,22.3
2025-01-16 03:00:00,2025-01-16,3,2025-01-14/2025-01-20,Keighley,22.1,20.7
2025-01-16 04:00:00,2025-01-16,4,2025-01-14/2025-01-20,Keighley,17.9,16.7
2025-01-16 05:00:00,2025-01-16,5,2025-01-14/2025-01-20,Keighley,15.6,14.4
2025-01-16 06:00:00,2025-01-16,6,2025-01-14/2025-01-20,Keighley,16.0,15.3
2025-01-16 07:00:00,2025-01-16,7,2025-01-14/2025-01-20,Keighley,17.9,16.8
2025-01-16 08:00:00,2025-01-16,8,2025-01-14/2025-01-20,Keighley,16.4,14.7
2025-01-16 09:00:00,2025-01-16,9,2025-01-14/2025-01-20,Keighley,26.4,23.2
2025-01-16 10:00:00,2025-01-16,10,2025-01-14/2025-01-20,Keighley,34.1,27.1
2025-01-16 11:00:00,2025-01-16,11,2025-01-14/2025-01-20,Keighley,34.3,26.8
2025-01-16 12:00:00,2025-01-16,12,2025-01-14/2025-01-20,Keighley,39.3,33.0
2025-01-16 13:00:00,2025-01-16,13,2025-01-14/2025-01-20,Keighley,44.3,37.0
2025-01-16 14:00:00,2025-01-16,14,2025-01-14/2025-01-20,Keighley,63.4,20.2
2025-01-16 15:00:00,2025-01-16,15,2025-01-14/2025-01-20,Keighley,150.8,17.9
2025-01-16 16:00:00,2025-01-16,16,2025-01-14/2025-01-20,Keighley,190.8,27.2
2025-01-16 17:00:00,2025-01-16,17,2025-01-14/2025-01-20,Keighley,163.3,34.6
2025-01-16 18:00:00,2025-01-16,18,2025-01-14/2025-01-20,Keighley,136.5,31.7
2025-01-16 19:00:00,2025-01-16,19,2025-01-14/2025-01-20,Keighley,157.3,29.3
2025-01-16 20:00:00,2025-01-16,20,2025-01-14/2025-01-20,Keighley,199.5,30.4
2025-01-16 21:00:00,2025-01-16,21,2025-01-14/2025-01-20,Keighley,261.0,36.8
2025-01-16 22:00:00,2025-01-16,22,2025-01-14/2025-01-20,Keighley,167.5,36.9
2025-01-16 23:00:00,2025-01-16,23,2025-01-14/2025-01-20,Keighley,57.0,25.3
2025-01-17 00:00:00,2025-01-17,0,2025-01-14/2025-01-20,Keighley,24.5,16.8
2024-11-01 01:00:00,2024-11-01,1,2024-10-29/2024-11-04,Tong Street,10.2,5.8
2024-11-01 02:00:00,2024-11-01,2,2024-10-29/2024-11-04,Tong Street,2.1,
2024-11-01 03:00:00,2024-11-01,3,2024-10-29/2024-11-04,Tong Street,7.3,4.3
2024-11-01 04:00:00,2024-11-01,4,2024-10-29/2024-11-04,Tong Street,11.6,7.8
2024-11-01 05:00:00,2024-11-01,5,2024-10-29/2024-11-04,Tong Street,2.4,
2024-11-01 06:00:00,2024-11-01,6,2024-10-29/2024-11-04,Tong Street,2.8,
2024-11-01 07:00:00,2024-11-01,7,2024-10-29/2024-11-04,Tong Street,4.8,
2024-11-01 08:00:00,2024-11-01,8,2024-10-29/2024-11-04,Tong Street,13.8,6.7
2024-11-01 09:00:00,2024-11-01,9,2024-10-29/2024-11-04,Tong Street,14.5,8.5
2024-11-01 10:00:00,2024-11-01,10,2024-10-29/2024-11-04,Tong Street,16.3,
2024-11-01 11:00:00,2024-11-01,11,2024-10-29/2024-11-04,Tong Street,17.1,
2024-11-01 12:00:00,2024-11-01,12,2024-10-29/2024-11-04,Tong Street,11.6,
2024-11-01 13:00:00,2024-11-01,13,2024-10-29/2024-11-04,Tong Street,24.3,10.0
2024-11-01 14:00:00,2024-11-01,14,2024-10-29/2024-11-04,Tong Street,14.6,
2024-11-01 15:00:00,2024-11-01,15,2024-10-29/2024-11-04,Tong Street,20.3,12.1
2024-11-01 16:00:00,2024-11-01,16,2024-10-29/2024-11-04,Tong Street,9.1,
2024-11-01 17:00:00,2024-11-01,17,2024-10-29/2024-11-04,Tong Street,13.5,2.3
2024-11-01 18:00:00,2024-11-01,18,2024-10-29/2024-11-04,Tong Street,13.5,5.8
2024-11-01 19:00:00,2024-11-01,19,2024-10-29/2024-11-04,Tong Street,11.3,4.1
2024-11-01 20:00:00,2024-11-01,20,2024-10-29/2024-11-04,Tong Street,14.7,3.9
2024-11-01 21:00:00,2024-11-01,21,2024-10-29/2024-11-04,Tong Street,28.0,21.3
2024-11-01 22:00:00,2024-11-01,22,2024-10-29/2024-11-04,Tong Street,34.6,31.1
2024-11-01 23:00:00,2024-11-01,23,2024-10-29/2024-11-04,Tong Street,16.5,12.1
2024-11-02 00:00:00,2024-11-02,0,2024-10-29/2024-11-04,Tong Street,22.1,18.4
2024-11-02 01:00:00,2024-11-02,1,2024-10-29/2024-11-04,Tong Street,19.2,15.8
2024-11-02 02:00:00,2024-11-02,2,2024-10-29/2024-11-04,Tong Street,16.7,14.4
2024-11-02 03:00:00,2024-11-02,3,2024-10-29/2024-11-04,Tong Street,21.0,19.4
2024-11-02 04:00:00,2024-11-02,4,2024-10-29/2024-11-04,Tong Street,18.5,13.8
2024-11-02 05:00:00,2024-11-02,5,2024-10-29/2024-11-04,Tong Street,16.2,14.3
2024-11-02 06:00:00,2024-11-02,6,2024-10-29/2024-11-04,Tong Street,21.1,18.5
2024-11-02 07:00:00,2024-11-02,7,2024-10-29/2024-11-04,Tong Street,17.9,13.5
2024-11-02 08:00:00,2024-11-02,8,2024-10-29/2024-11-04,Tong Street,13.8,9.4
2024-11-02 09:00:00,2024-11-02,9,2024-10-29/2024-11-04,Tong Street,12.7,10.4
2024-11-02 10:00:00,2024-11-02,10,2024-10-29/2024-11-04,Tong Street,20.3,18.4
2024-11-02 11:00:00,2024-11-02,11,2024-10-29/2024-11-04,Tong Street,11.4,7.7
2024-11-02 12:00:00,2024-11-02,12,2024-10-29/2024-11-04,Tong Street,2.7,
2024-11-02 13:00:00,2024-11-02,13,2024-10-29/2024-11-04,Tong Street,3.0,
2024-11-02 14:00:00,2024-11-02,14,2024-10-29/2024-11-04,Tong Street,8.0,5.2
2024-11-02 15:00:00,2024-11-02,15,2024-10-29/2024-11-04,Tong Street,9.1,5.3
2024-11-02 16:00:00,2024-11-02,16,2024-10-29/2024-11-04,Tong Street,10.4,2.8
2024-11-02 17:00:00,2024-11-02,17,2024-10-29/2024-11-04,Tong Street,8.3,
2024-11-02 18:00:00,2024-11-02,18,2024-10-29/2024-11-04,Tong Street,15.7,6.8
2024-11-02 19:00:00,2024-11-02,19,2024-10-29/2024-11-04,Tong Street,17.9,8.6
2024-11-02 20:00:00,2024-11-02,20,2024-10-29/2024-11-04,Tong Street,36.3,26.7
2024-11-02 21:00:00,2024-11-02,21,2024-10-29/2024-11-04,Tong Street,38.5,31.7
2024-11-02 22:00:00,2024-11-02,22,2024-10-29/2024-11-04,Tong Street,29.8,24.7
2024-11-02 23:00:00,2024-11-02,23,2024-10-29/2024-11-04,Tong Street,20.7,13.4
2024-11-03 00:00:00,2024-11-03,0,2024-10-29/2024-11-04,Tong Street,42.7,39.2
2024-11-03 01:00:00,2024-11-03,1,2024-10-29/2024-11-04,Tong Street,42.3,39.9
2024-11-03 02:00:00,2024-11-03,2,2024-10-29/2024-11-04,Tong Street,37.6,34.1
2024-11-03 03:00:00,2024-11-03,3,2024-10-29/2024-11-04,Tong Street,42.6,40.6
2024-11-03 04:00:00,2024-11-03,4,2024-10-29/2024-11-04,Tong Street,45.2,43.3
2024-11-03 05:00:00,2024-11-03,5,2024-10-29/2024-11-04,Tong Street,31.7,30.8
2024-11-03 06:00:00,2024-11-03,6,2024-10-29/2024-11-04,Tong Street,28.7,27.8
2024-11-03 07:00:00,2024-11-03,7,2024-10-29/2024-11-04,Tong Street,29.4,27.4
2024-11-03 08:00:00,2024-11-03,8,2024-10-29/2024-11-04,Tong Street,12.3,9.4
2024-11-03 09:00:00,2024-11-03,9,2024-10-29/2024-11-04,Tong Street,12.3,8.3
2024-11-03 10:00:00,2024-11-03,10,2024-10-29/2024-11-04,Tong Street,9.7,4.0
2024-11-03 11:00:00,2024-11-03,11,2024-10-29/2024-11-04,Tong Street,21.4,13.7
2024-11-03 12:00:00,2024-11-03,12,2024-10-29/2024-11-04,Tong Street,18.7,9.8
2024-11-03 13:00:00,2024-11-03,13,2024-10-29/2024-11-04,Tong Street,16.4,4.5
2024-11-03 14:00:00,2024-11-03,14,2024-10-29/2024-11-04,Tong Street,16.7,7.4
2024-11-03 15:00:00,2024-11-03,15,2024-10-29/2024-11-04,Tong Street,16.8,9.8
2024-11-03 16:00:00,2024-11-03,16,2024-10-29/2024-11-04,Tong Street,20.1,10.9
2024-11-03 17:00:00,2024-11-03,17,2024-10-29/2024-11-04,Tong Street,55.4,18.9
2024-11-03 18:00:00,2024-11-03,18,2024-10-29/2024-11-04,Tong Street,23.0,7.1
2024-11-03 19:00:00,2024-11-03,19,2024-10-29/2024-11-04,Tong Street,23.1,8.1
2024-11-03 20:00:00,2024-11-03,20,2024-10-29/2024-11-04,Tong Street,27.0,15.0
2024-11-03 21:00:00,2024-11-03,21,2024-10-29/2024-11-04,Tong Street,22.4,11.2
2024-11-03 22:00:00,2024-11-03,22,2024-10-29/2024-11-04,Tong Street,23.5,12.9
2024-11-03 23:00:00,2024-11-03,23,2024-10-29/2024-11-04,Tong Street,25.9,15.4
2024-11-04 00:00:00,2024-11-04,0,2024-10-29/2024-11-04,Tong Street,18.9,5.3
2024-11-04 01:00:00,2024-11-04,1,2024-10-29/2024-11-04,Tong Street,19.0,7.7
2024-11-04 02:00:00,2024-11-04,2,2024-10-29/2024-11-04,Tong Street,22.4,13.2
2024-11-04 03:00:00,2024-11-04,3,2024-10-29/2024-11-04,Tong Street,18.3,8.9
2024-11-04 04:00:00,2024-11-04,4,2024-10-29/2024-11-04,Tong Street,19.5,11.9
2024-11-04 05:00:00,2024-11-04,5,2024-10-29/2024-11-04,Tong Street,19.4,11.9
2024-11-04 06:00:00,2024-11-04,6,2024-10-29/2024-11-04,Tong Street,14.8,3.8
2024-11-04 07:00:00,2024-11-04,7,2024-10-29/2024-11-04,Tong Street,19.2,10.1
2024-11-04 08:00:00,2024-11-04,8,2024-10-29/2024-11-04,Tong Street,17.7,4.7
2024-11-04 09:00:00,2024-11-04,9,2024-10-29/2024-11-04,Tong Street,29.7,16.2
2024-11-04 10:00:00,2024-11-04,10,2024-10-29/2024-11-04,Tong Street,29.0,14.6
2024-11-04 11:00:00,2024-11-04,11,2024-10-29/2024-11-04,Tong Street,33.4,12.4
2024-11-04 12:00:00,2024-11-04,12,2024-10-29/2024-11-04,Tong Street,34.5,15.2
2024-11-04 13:00:00,2024-11-04,13,2024-10-29/2024-11-04,Tong Street,36.0,21.4
2024-11-04 14:00:00,2024-11-04,14,2024-10-29/2024-11-04,Tong Street,38.0,18.9
2024-11-04 15:00:00,2024-11-04,15,2024-10-29/2024-11-04,Tong Street,32.5,20.5
2024-11-04 16:00:00,2024-11-04,16,2024-10-29/2024-11-04,Tong Street,31.7,19.8
2024-11-04 17:00:00,2024-11-04,17,2024-10-29/2024-11-04,Tong Street,36.2,24.3
2024-11-04 18:00:00,2024-11-04,18,2024-10-29/2024-11-04,Tong Street,29.8,18.3
2024-11-04 19:00:00,2024-11-04,19,2024-10-29/2024-11-04,Tong Street,39.8,31.3
2024-11-04 20:00:00,2024-11-04,20,2024-10-29/2024-11-04,Tong Street,30.6,18.8
2024-11-04 21:00:00,2024-11-04,21,2024-10-29/2024-11-04,Tong Street,34.3,23.3
2024-11-04 22:00:00,2024-11-04,22,2024-10-29/2024-11-04,Tong Street,27.3,19.7
2024-11-04 23:00:00,2024-11-04,23,2024-10-29/2024-11-04,Tong Street,34.6,29.2
2024-11-05 00:00:00,2024-11-05,0,2024-11-05/2024-11-11,Tong Street,28.1,22.2
2024-11-05 01:00:00,2024-11-05,1,2024-11-05/2024-11-11,Tong Street,31.6,25.5
2024-11-05 02:00:00,2024-11-05,2,2024-11-05/2024-11-11,Tong Street,32.0,26.3
2024-11-05 03:00:00,2024-11-05,3,2024-11-05/2024-11-11,Tong Street,31.4,26.8
2024-11-05 04:00:00,2024-11-05,4,2024-11-05/2024-11-11,Tong Street,36.9,32.0
2024-11-05 05:00:00,2024-11-05,5,2024-11-05/2024-11-11,Tong Street,25.3,18.0
2024-11-05 06:00:00,2024-11-05,6,2024-11-05/2024-11-11,Tong Street,26.5,20.1
2024-11-05 07:00:00,2024-11-05,7,2024-11-05/2024-11-11,Tong Street,27.3,19.0
2024-11-05 08:00:00,2024-11-05,8,2024-11-05/2024-11-11,Tong Street,42.8,33.3
2024-11-05 09:00:00,2024-11-05,9,2024-11-05/2024-11-11,Tong Street,37.6,28.0
2024-11-05 10:00:00,2024-11-05,10,2024-11-05/2024-11-11,Tong Street,30.8,25.3
2024-11-05 11:00:00,2024-11-05,11,2024-11-05/2024-11-11,Tong Street,34.9,29.9
2024-11-05 12:00:00,2024-11-05,12,2024-11-05/2024-11-11,Tong Street,33.1,23.8
2024-11-05 13:00:00,2024-11-05,13,2024-11-05/2024-11-11,Tong Street,33.6,9.7
2024-11-05 14:00:00,2024-11-05,14,2024-11-05/2024-11-11,Tong Street,38.7,14.7
2024-11-05 15:00:00,2024-11-05,15,2024-11-05/2024-11-11,Tong Street,45.4,18.0
2024-11-05 16:00:00,2024-11-05,16,2024-11-05/2024-11-11,Tong Street,29.9,10.4
2024-11-05 17:00:00,2024-11-05,17,2024-11-05/2024-11-11,Tong Street,32.1,10.6
2024-11-05 18:00:00,2024-11-05,18,2024-11-05/2024-11-11,Tong Street,35.7,18.4
2024-11-05 19:00:00,2024-11-05,19,2024-11-05/2024-11-11,Tong Street,43.8,25.2
2024-11-05 20:00:00,2024-11-05,20,2024-11-05/2024-11-11,Tong Street,67.3,55.0
2024-11-05 21:00:00,2024-11-05,21,2024-11-05/2024-11-11,Tong Street,72.1,59.4
2024-11-05 22:00:00,2024-11-05,22,2024-11-05/2024-11-11,Tong Street,98.3,90.2
2024-11-05 23:00:00,2024-11-05,23,2024-11-05/2024-11-11,Tong Street,110.5,103.4
2024-11-06 00:00:00,2024-11-06,0,2024-11-05/2024-11-11,Tong Street,76.2,68.9
2024-11-06 01:00:00,2024-11-06,1,2024-11-05/2024-11-11,Tong Street,58.1,55.9
2024-11-06 02:00:00,2024-11-06,2,2024-11-05/2024-11-11,Tong Street,58.7,54.9
2024-11-06 03:00:00,2024-11-06,3,2024-11-05/2024-11-11,Tong Street,41.4,38.4
2024-11-06 04:00:00,2024-11-06,4,2024-11-05/2024-11-11,Tong Street,31.3,28.1
2024-11-06 05:00:00,2024-11-06,5,2024-11-05/2024-11-11,Tong Street,34.2,33.7
2024-11-06 06:00:00,2024-11-06,6,2024-11-05/2024-11-11,Tong Street,33.6,29.5
2024-11-06 07:00:00,2024-11-06,7,2024-11-05/2024-11-11,Tong Street,53.6,45.7
2024-11-06 08:00:00,2024-11-06,8,2024-11-05/2024-11-11,Tong Street,60.6,48.8
2024-11-06 09:00:00,2024-11-06,9,2024-11-05/2024-11-11,Tong Street,45.1,30.8
2024-11-06 10:00:00,2024-11-06,10,2024-11-05/2024-11-11,Tong Street,42.0,24.7
2024-11-06 11:00:00,2024-11-06,11,2024-11-05/2024-11-11,Tong Street,60.3,24.4
2024-11-06 12:00:00,2024-11-06,12,2024-11-05/2024-11-11,Tong Street,53.2,25.3
2024-11-06 13:00:00,2024-11-06,13,2024-11-05/2024-11-11,Tong Street,45.1,24.7
2024-11-06 14:00:00,2024-11-06,14,2024-11-05/2024-11-11,Tong Street,46.4,16.7
2024-11-06 15:00:00,2024-11-06,15,2024-11-05/2024-11-11,Tong Street,,48.0
2024-11-06 16:00:00,2024-11-06,16,2024-11-05/2024-11-11,Tong Street,50.9,15.2
2024-11-06 17:00:00,2024-11-06,17,2024-11-05/2024-11-11,Tong Street,45.5,10.3
2024-11-06 18:00:00,2024-11-06,18,2024-11-05/2024-11-11,Tong Street,32.7,17.3
2024-11-06 19:00:00,2024-11-06,19,2024-11-05/2024-11-11,Tong Street,30.9,16.0
2024-11-06 20:00:00,2024-11-06,20,2024-11-05/2024-11-11,Tong Street,27.3,10.0
2024-11-06 21:00:00,2024-11-06,21,2024-11-05/2024-11-11,Tong Street,31.0,19.5
2024-11-06 22:00:00,2024-11-06,22,2024-11-05/2024-11-11,Tong Street,33.9,24.9
2024-11-06 23:00:00,2024-11-06,23,2024-11-05/2024-11-11,Tong Street,29.7,21.4
2024-11-07 00:00:00,2024-11-07,0,2024-11-05/2024-11-11,Tong Street,27.0,20.3
2024-11-07 01:00:00,2024-11-07,1,2024-11-05/2024-11-11,Tong Street,20.3,14.2
2024-11-07 02:00:00,2024-11-07,2,2024-11-05/2024-11-11,Tong Street,23.3,19.6
2024-11-07 03:00:00,2024-11-07,3,2024-11-05/2024-11-11,Tong Street,17.9,15.2
2024-11-07 04:00:00,2024-11-07,4,2024-11-05/2024-11-11,Tong Street,15.6,12.4
2024-11-07 05:00:00,2024-11-07,5,2024-11-05/2024-11-11,Tong Street,8.7,4.8
2024-11-07 06:00:00,2024-11-07,6,2024-11-05/2024-11-11,Tong Street,5.3,2.4
2024-11-07 07:00:00,2024-11-07,7,2024-11-05/2024-11-11,Tong Street,5.2,2.1
2024-11-07 08:00:00,2024-11-07,8,2024-11-05/2024-11-11,Tong Street,7.1,3.6
2024-11-07 09:00:00,2024-11-07,9,2024-11-05/2024-11-11,Tong Street,8.2,3.4
2024-11-07 10:00:00,2024-11-07,10,2024-11-05/2024-11-11,Tong Street,6.2,1.7
2024-11-07 11:00:00,2024-11-07,11,2024-11-05/2024-11-11,Tong Street,12.9,0.3
2024-11-07 12:00:00,2024-11-07,12,2024-11-05/2024-11-11,Tong Street,28.1,7.6
2024-11-07 13:00:00,2024-11-07,13,2024-11-05/2024-11-11,Tong Street,18.8,6.2
2024-11-07 14:00:00,2024-11-07,14,2024-11-05/2024-11-11,Tong Street,8.5,
2024-11-07 15:00:00,2024-11-07,15,2024-11-05/2024-11-11,Tong Street,17.6,2.6
2024-11-07 16:00:00,2024-11-07,16,2024-11-05/2024-11-11,Tong Street,27.0,5.2
2024-11-07 17:00:00,2024-11-07,17,2024-11-05/2024-11-11,Tong Street,21.6,9.0
2024-11-07 18:00:00,2024-11-07,18,2024-11-05/2024-11-11,Tong Street,20.1,7.3
2024-11-07 19:00:00,2024-11-07,19,2024-11-05/2024-11-11,Tong Street,31.2,19.3
2024-11-07 20:00:00,2024-11-07,20,2024-11-05/2024-11-11,Tong Street,25.4,16.3
2024-11-07 21:00:00,2024-11-07,21,2024-11-05/2024-11-11,Tong Street,22.1,12.4
2024-11-07 22:00:00,2024-11-07,22,2024-11-05/2024-11-11,Tong Street,20.8,9.3
2024-11-07 23:00:00,2024-11-07,23,2024-11-05/2024-11-11,Tong Street,30.6,20.1
2024-11-08 00:00:00,2024-11-08,0,2024-11-05/2024-11-11,Tong Street,34.7,25.0
2024-11-08 01:00:00,2024-11-08,1,2024-11-05/2024-11-11,Tong Street,30.8,21.5
2024-11-08 02:00:00,2024-11-08,2,2024-11-05/2024-11-11,Tong Street,34.4,26.1
2024-11-08 03:00:00,2024-11-08,3,2024-11-05/2024-11-11,Tong Street,33.0,25.4
2024-11-08 04:00:00,2024-11-08,4,2024-11-05/2024-11-11,Tong Street,35.1,26.2
2024-11-08 05:00:00,2024-11-08,5,2024-11-05/2024-11-11,Tong Street,39.9,31.5
2024-11-08 06:00:00,2024-11-08,6,2024-11-05/2024-11-11,Tong Street,37.8,29.3
2024-11-08 07:00:00,2024-11-08,7,2024-11-05/2024-11-11,Tong Street,31.0,21.0
2024-11-08 08:00:00,2024-11-08,8,2024-11-05/2024-11-11,Tong Street,42.7,25.5
2024-11-08 09:00:00,2024-11-08,9,2024-11-05/2024-11-11,Tong Street,40.6,20.8
2024-11-08 10:00:00,2024-11-08,10,2024-11-05/2024-11-11,Tong Street,54.8,27.9
2024-11-08 11:00:00,2024-11-08,11,2024-11-05/2024-11-11,Tong Street,141.7,32.2
2024-11-08 12:00:00,2024-11-08,12,2024-11-05/2024-11-11,Tong Street,53.2,22.3
2024-11-08 13:00:00,2024-11-08,13,2024-11-05/2024-11-11,Tong Street,43.1,24.8
2024-11-08 14:00:00,2024-11-08,14,2024-11-05/2024-11-11,Tong Street,55.1,21.6
2024-11-08 15:00:00,2024-11-08,15,2024-11-05/2024-11-11,Tong Street,38.0,21.5
2024-11-08 16:00:00,2024-11-08,16,2024-11-05/2024-11-11,Tong Street,38.5,16.1
2024-11-08 17:00:00,2024-11-08,17,2024-11-05/2024-11-11,Tong Street,29.6,10.4
2024-11-08 18:00:00,2024-11-08,18,2024-11-05/2024-11-11,Tong Street,33.0,22.2
2024-11-08 19:00:00,2024-11-08,19,2024-11-05/2024-11-11,Tong Street,38.4,28.1
2024-11-08 20:00:00,2024-11-08,20,2024-11-05/2024-11-11,Tong Street,38.4,25.0
2024-11-08 21:00:00,2024-11-08,21,2024-11-05/2024-11-11,Tong Street,31.3,20.4
2024-11-08 22:00:00,2024-11-08,22,2024-11-05/2024-11-11,Tong Street,21.2,13.0
2024-11-08 23:00:00,2024-11-08,23,2024-11-05/2024-11-11,Tong Street,21.4,12.5
2024-11-09 00:00:00,2024-11-09,0,2024-11-05/2024-11-11,Tong Street,22.7,15.2
2024-11-09 01:00:00,2024-11-09,1,2024-11-05/2024-11-11,Tong Street,24.9,17.3
2024-11-09 02:00:00,2024-11-09,2,2024-11-05/2024-11-11,Tong Street,28.3,21.6
2024-11-09 03:00:00,2024-11-09,3,2024-11-05/2024-11-11,Tong Street,17.6,11.8
2024-11-09 04:00:00,2024-11-09,4,2024-11-05/2024-11-11,Tong Street,14.8,8.2
2024-11-09 05:00:00,2024-11-09,5,2024-11-05/2024-11-11,Tong Street,22.2,14.2
2024-11-09 06:00:00,2024-11-09,6,2024-11-05/2024-11-11,Tong Street,16.7,12.6
2024-11-09 07:00:00,2024-11-09,7,2024-11-05/2024-11-11,Tong Street,23.6,17.2
2024-11-09 08:00:00,2024-11-09,8,2024-11-05/2024-11-11,Tong Street,30.1,24.9
2024-11-09 09:00:00,2024-11-09,9,2024-11-05/2024-11-11,Tong Street,27.1,20.9
2024-11-09 10:00:00,2024-11-09,10,2024-11-05/2024-11-11,Tong Street,21.9,15.8
2024-11-09 11:00:00,2024-11-09,11,2024-11-05/2024-11-11,Tong Street,25.5,16.5
2024-11-09 12:00:00,2024-11-09,12,2024-11-05/2024-11-11,Tong Street,19.9,13.8
2024-11-09 13:00:00,2024-11-09,13,2024-11-05/2024-11-11,Tong Street,26.2,18.4
2024-11-09 14:00:00,2024-11-09,14,2024-11-05/2024-11-11,Tong Street,36.2,20.7
2024-11-09 15:00:00,2024-11-09,15,2024-11-05/2024-11-11,Tong Street,37.2,21.2
2024-11-09 16:00:00,2024-11-09,16,2024-11-05/2024-11-11,Tong Street,27.9,13.9
2024-11-09 17:00:00,2024-11-09,17,2024-11-05/2024-11-11,Tong Street,26.1,13.8
2024-11-09 18:00:00,2024-11-09,18,2024-11-05/2024-11-11,Tong Street,29.1,19.3
2024-11-09 19:00:00,2024-11-09,19,2024-11-05/2024-11-11,Tong Street,21.9,11.6
2024-11-09 20:00:00,2024-11-09,20,2024-11-05/2024-11-11,Tong Street,36.2,28.1
2024-11-09 21:00:00,2024-11-09,21,2024-11-05/2024-11-11,Tong Street,38.2,30.5
2024-11-09 22:00:00,2024-11-09,22,2024-11-05/2024-11-11,Tong Street,54.9,47.5
2024-11-09 23:00:00,2024-11-09,23,2024-11-05/2024-11-11,Tong Street,55.7,51.0
2024-11-10 00:00:00,2024-11-10,0,2024-11-05/2024-11-11,Tong Street,31.7,24.5
2024-11-10 01:00:00,2024-11-10,1,2024-11-05/2024-11-11,Tong Street,31.6,26.5
2024-11-10 02:00:00,2024-11-10,2,2024-11-05/2024-11-11,Tong Street,25.0,22.5
2024-11-10 03:00:00,2024-11-10,3,2024-11-05/2024-11-11,Tong Street,21.0,13.9
2024-11-10 04:00:00,2024-11-10,4,2024-11-05/2024-11-11,Tong Street,19.9,14.9
2024-11-10 05:00:00,2024-11-10,5,2024-11-05/2024-11-11,Tong Street,25.8,22.6
2024-11-10 06:00:00,2024-11-10,6,2024-11-05/2024-11-11,Tong Street,24.9,21.7
2024-11-10 07:00:00,2024-11-10,7,2024-11-05/2024-11-11,Tong Street,23.4,19.4
2024-11-10 08:00:00,2024-11-10,8,2024-11-05/2024-11-11,Tong Street,21.0,14.9
2024-11-10 09:00:00,2024-11-10,9,2024-11-05/2024-11-11,Tong Street,25.0,19.2
2024-11-10 10:00:00,2024-11-10,10,2024-11-05/2024-11-11,Tong Street,28.9,20.6
2024-11-10 11:00:00,2024-11-10,11,2024-11-05/2024-11-11,Tong Street,29.4,19.5
2024-11-10 12:00:00,2024-11-10,12,2024-11-05/2024-11-11,Tong Street,19.9,9.0
2024-11-10 13:00:00,2024-11-10,13,2024-11-05/2024-11-11,Tong Street,29.4,21.9
2024-11-10 14:00:00,2024-11-10,14,2024-11-05/2024-11-11,Tong Street,24.1,16.4
2024-11-10 15:00:00,2024-11-10,15,2024-11-05/2024-11-11,Tong Street,19.7,11.2
2024-11-10 16:00:00,2024-11-10,16,2024-11-05/2024-11-11,Tong Street,20.3,14.7
2024-11-10 17:00:00,2024-11-10,17,2024-11-05/2024-11-11,Tong Street,11.1,6.7
2024-11-10 18:00:00,2024-11-10,18,2024-11-05/2024-11-11,Tong Street,14.0,9.4
2024-11-10 19:00:00,2024-11-10,19,2024-11-05/2024-11-11,Tong Street,26.3,21.7
2024-11-10 20:00:00,2024-11-10,20,2024-11-05/2024-11-11,Tong Street,17.9,15.4
2024-11-10 21:00:00,2024-11-10,21,2024-11-05/2024-11-11,Tong Street,15.8,10.2
2024-11-10 22:00:00,2024-11-10,22,2024-11-05/2024-11-11,Tong Street,11.4,
2024-11-10 23:00:00,2024-11-10,23,2024-11-05/2024-11-11,Tong Street,12.0,
2024-11-11 00:00:00,2024-11-11,0,2024-11-05/2024-11-11,Tong Street,9.6,
2024-11-11 01:00:00,2024-11-11,1,2024-11-05/2024-11-11,Tong Street,6.7,
2024-11-11 02:00:00,2024-11-11,2,2024-11-05/2024-11-11,Tong Street,11.2,1.6
2024-11-11 03:00:00,2024-11-11,3,2024-11-05/2024-11-11,Tong Street,15.1,5.9
2024-11-11 04:00:00,2024-11-11,4,2024-11-05/2024-11-11,Tong Street,13.4,5.3
2024-11-11 05:00:00,2024-11-11,5,2024-11-05/2024-11-11,Tong Street,11.5,1.6
2024-11-11 06:00:00,2024-11-11,6,2024-11-05/2024-11-11,Tong Street,7.6,
2024-11-11 07:00:00,2024-11-11,7,2024-11-05/2024-11-11,Tong Street,14.9,5.8
2024-11-11 08:00:00,2024-11-11,8,2024-11-05/2024-11-11,Tong Street,13.2,
2024-11-11 09:00:00,2024-11-11,9,2024-11-05/2024-11-11,Tong Street,22.7,9.5
2024-11-11 10:00:00,2024-11-11,10,2024-11-05/2024-11-11,Tong Street,14.6,4.8
2024-11-11 11:00:00,2024-11-11,11,2024-11-05/2024-11-11,Tong Street,29.9,4.1
2024-11-11 12:00:00,2024-11-11,12,2024-11-05/2024-11-11,Tong Street,24.0,6.6
2024-11-11 13:00:00,2024-11-11,13,2024-11-05/2024-11-11,Tong Street,19.0,4.0
2024-11-11 14:00:00,2024-11-11,14,2024-11-05/2024-11-11,Tong Street,19.5,6.9
2024-11-11 15:00:00,2024-11-11,15,2024-11-05/2024-11-11,Tong Street,18.8,4.4
2024-11-11 16:00:00,2024-11-11,16,2024-11-05/2024-11-11,Tong Street,32.4,10.8
2024-11-11 17:00:00,2024-11-11,17,2024-11-05/2024-11-11,Tong Street,16.2,
2024-11-11 18:00:00,2024-11-11,18,2024-11-05/2024-11-11,Tong Street,15.2,3.3
2024-11-11 19:00:00,2024-11-11,19,2024-11-05/2024-11-11,Tong Street,37.7,19.6
2024-11-11 20:00:00,2024-11-11,20,2024-11-05/2024-11-11,Tong Street,27.6,16.7
2024-11-11 21:00:00,2024-11-11,21,2024-11-05/2024-11-11,Tong Street,17.8,9.0
2024-11-11 22:00:00,2024-11-11,22,2024-11-05/2024-11-11,Tong Street,13.5,3.8
2024-11-11 23:00:00,2024-11-11,23,2024-11-05/2024-11-11,Tong Street,13.6,4.9
2024-11-12 00:00:00,2024-11-12,0,2024-11-12/2024-11-18,Tong Street,9.0,1.2
2024-11-12 01:00:00,2024-11-12,1,2024-11-12/2024-11-18,Tong Street,14.4,8.2
2024-11-12 02:00:00,2024-11-12,2,2024-11-12/2024-11-18,Tong Street,21.3,15.7
2024-11-12 03:00:00,2024-11-12,3,2024-11-12/2024-11-18,Tong Street,10.8,5.1
2024-11-12 04:00:00,2024-11-12,4,2024-11-12/2024-11-18,Tong Street,21.6,16.4
2024-11-12 05:00:00,2024-11-12,5,2024-11-12/2024-11-18,Tong Street,10.4,4.9
2024-11-12 06:00:00,2024-11-12,6,2024-11-12/2024-11-18,Tong Street,12.4,5.3
2024-11-12 07:00:00,2024-11-12,7,2024-11-12/2024-11-18,Tong Street,9.3,2.1
2024-11-12 08:00:00,2024-11-12,8,2024-11-12/2024-11-18,Tong Street,11.7,3.4
2024-11-12 09:00:00,2024-11-12,9,2024-11-12/2024-11-18,Tong Street,16.2,7.5
2024-11-12 10:00:00,2024-11-12,10,2024-11-12/2024-11-18,Tong Street,15.6,4.0
2024-11-12 11:00:00,2024-11-12,11,2024-11-12/2024-11-18,Tong Street,22.4,8.7
2024-11-12 12:00:00,2024-11-12,12,2024-11-12/2024-11-18,Tong Street,22.6,7.2
2024-11-12 13:00:00,2024-11-12,13,2024-11-12/2024-11-18,Tong Street,22.5,8.4
2024-11-12 14:00:00,2024-11-12,14,2024-11-12/2024-11-18,Tong Street,21.1,11.4
2024-11-12 15:00:00,2024-11-12,15,2024-11-12/2024-11-18,Tong Street,17.2,5.4
2024-11-12 16:00:00,2024-11-12,16,2024-11-12/2024-11-18,Tong Street,14.5,2.8
2024-11-12 17:00:00,2024-11-12,17,2024-11-12/2024-11-18,Tong Street,19.6,8.3
2024-11-12 18:00:00,2024-11-12,18,2024-11-12/2024-11-18,Tong Street,17.6,6.8
2024-11-12 19:00:00,2024-11-12,19,2024-11-12/2024-11-18,Tong Street,25.6,13.9
2024-11-12 20:00:00,2024-11-12,20,2024-11-12/2024-11-18,Tong Street,21.7,11.4
2024-11-12 21:00:00,2024-11-12,21,2024-11-12/2024-11-18,Tong Street,20.4,11.3
2024-11-12 22:00:00,2024-11-12,22,2024-11-12/2024-11-18,Tong Street,33.0,23.8
2024-11-12 23:00:00,2024-11-12,23,2024-11-12/2024-11-18,Tong Street,42.8,36.4
2024-11-13 00:00:00,2024-11-13,0,2024-11-12/2024-11-18,Tong Street,20.6,12.6
2024-11-13 01:00:00,2024-11-13,1,2024-11-12/2024-11-18,Tong Street,16.5,8.6
2024-11-13 02:00:00,2024-11-13,2,2024-11-12/2024-11-18,Tong Street,30.1,25.0
2024-11-13 03:00:00,2024-11-13,3,2024-11-12/2024-11-18,Tong Street,1.7,
2024-11-13 04:00:00,2024-11-13,4,2024-11-12/2024-11-18,Tong Street,17.1,11.3
2024-11-13 05:00:00,2024-11-13,5,2024-11-12/2024-11-18,Tong Street,7.5,0.0
2024-11-13 06:00:00,2024-11-13,6,2024-11-12/2024-11-18,Tong Street,15.3,8.6
2024-11-13 07:00:00,2024-11-13,7,2024-11-12/2024-11-18,Tong Street,16.4,9.9
2024-11-13 08:00:00,2024-11-13,8,2024-11-12/2024-11-18,Tong Street,13.2,5.8
2024-11-13 09:00:00,2024-11-13,9,2024-11-12/2024-11-18,Tong Street,22.2,15.2
2024-11-13 10:00:00,2024-11-13,10,2024-11-12/2024-11-18,Tong Street,23.4,7.4
2024-11-13 11:00:00,2024-11-13,11,2024-11-12/2024-11-18,Tong Street,,
2024-11-13 12:00:00,2024-11-13,12,2024-11-12/2024-11-18,Tong Street,,
2024-11-13 13:00:00,2024-11-13,13,2024-11-12/2024-11-18,Tong Street,42.0,10.6
2024-11-13 14:00:00,2024-11-13,14,2024-11-12/2024-11-18,Tong Street,48.9,7.1
2024-11-13 15:00:00,2024-11-13,15,2024-11-12/2024-11-18,Tong Street,51.7,9.5
2024-11-13 16:00:00,2024-11-13,16,2024-11-12/2024-11-18,Tong Street,34.6,10.1
2024-11-13 17:00:00,2024-11-13,17,2024-11-12/2024-11-18,Tong Street,18.6,4.7
2024-11-13 18:00:00,2024-11-13,18,2024-11-12/2024-11-18,Tong Street,10.6,6.1
2024-11-13 19:00:00,2024-11-13,19,2024-11-12/2024-11-18,Tong Street,12.7,8.4
2024-11-13 20:00:00,2024-11-13,20,2024-11-12/2024-11-18,Tong Street,13.0,11.6
2024-11-13 21:00:00,2024-11-13,21,2024-11-12/2024-11-18,Tong Street,3.8,1.8
2024-11-13 22:00:00,2024-11-13,22,2024-11-12/2024-11-18,Tong Street,6.7,7.4
2024-11-13 23:00:00,2024-11-13,23,2024-11-12/2024-11-18,Tong Street,5.1,4.6
2024-11-14 00:00:00,2024-11-14,0,2024-11-12/2024-11-18,Tong Street,4.8,4.2
2024-11-14 01:00:00,2024-11-14,1,2024-11-12/2024-11-18,Tong Street,6.1,6.1
2024-11-14 02:00:00,2024-11-14,2,2024-11-12/2024-11-18,Tong Street,6.5,6.5
2024-11-14 03:00:00,2024-11-14,3,2024-11-12/2024-11-18,Tong Street,5.8,6.2
2024-11-14 04:00:00,2024-11-14,4,2024-11-12/2024-11-18,Tong Street,4.0,3.2
2024-11-14 05:00:00,2024-11-14,5,2024-11-12/2024-11-18,Tong Street,3.2,2.4
2024-11-14 06:00:00,2024-11-14,6,2024-11-12/2024-11-18,Tong Street,5.9,5.0
2024-11-14 07:00:00,2024-11-14,7,2024-11-12/2024-11-18,Tong Street,4.1,2.9
2024-11-14 08:00:00,2024-11-14,8,2024-11-12/2024-11-18,Tong Street,6.3,4.1
2024-11-14 09:00:00,2024-11-14,9,2024-11-12/2024-11-18,Tong Street,9.8,7.5
2024-11-14 10:00:00,2024-11-14,10,2024-11-12/2024-11-18,Tong Street,7.1,2.3
2024-11-14 11:00:00,2024-11-14,11,2024-11-12/2024-11-18,Tong Street,,
2024-11-14 12:00:00,2024-11-14,12,2024-11-12/2024-11-18,Tong Street,5.6,
2024-11-14 13:00:00,2024-11-14,13,2024-11-12/2024-11-18,Tong Street,18.9,7.5
2024-11-14 14:00:00,2024-11-14,14,2024-11-12/2024-11-18,Tong Street,12.4,3.2
2024-11-14 15:00:00,2024-11-14,15,2024-11-12/2024-11-18,Tong Street,23.1,6.5
2024-11-14 16:00:00,2024-11-14,16,2024-11-12/2024-11-18,Tong Street,19.0,4.2
2024-11-14 17:00:00,2024-11-14,17,2024-11-12/2024-11-18,Tong Street,11.1,
2024-11-14 18:00:00,2024-11-14,18,2024-11-12/2024-11-18,Tong Street,29.6,7.7
2024-11-14 19:00:00,2024-11-14,19,2024-11-12/2024-11-18,Tong Street,33.4,17.5
2024-11-14 20:00:00,2024-11-14,20,2024-11-12/2024-11-18,Tong Street,24.8,13.0
2024-11-14 21:00:00,2024-11-14,21,2024-11-12/2024-11-18,Tong Street,28.3,14.5
2024-11-14 22:00:00,2024-11-14,22,2024-11-12/2024-11-18,Tong Street,33.5,26.4
2024-11-14 23:00:00,2024-11-14,23,2024-11-12/2024-11-18,Tong Street,35.9,28.8
2024-11-15 00:00:00,2024-11-15,0,2024-11-12/2024-11-18,Tong Street,21.7,16.1
2024-11-15 01:00:00,2024-11-15,1,2024-11-12/2024-11-18,Tong Street,10.5,9.5
2024-11-15 02:00:00,2024-11-15,2,2024-11-12/2024-11-18,Tong Street,13.3,11.0
2024-11-15 03:00:00,2024-11-15,3,2024-11-12/2024-11-18,Tong Street,18.1,17.4
2024-11-15 04:00:00,2024-11-15,4,2024-11-12/2024-11-18,Tong Street,16.7,15.4
2024-11-15 05:00:00,2024-11-15,5,2024-11-12/2024-11-18,Tong Street,16.7,14.9
2024-11-15 06:00:00,2024-11-15,6,2024-11-12/2024-11-18,Tong Street,22.2,19.2
2024-11-15 07:00:00,2024-11-15,7,2024-11-12/2024-11-18,Tong Street,14.9,13.9
2024-11-15 08:00:00,2024-11-15,8,2024-11-12/2024-11-18,Tong Street,17.7,16.5
2024-11-15 09:00:00,2024-11-15,9,2024-11-12/2024-11-18,Tong Street,13.8,12.5
2024-11-15 10:00:00,2024-11-15,10,2024-11-12/2024-11-18,Tong Street,13.6,12.2
2024-11-15 11:00:00,2024-11-15,11,2024-11-12/2024-11-18,Tong Street,10.0,8.7
2024-11-15 12:00:00,2024-11-15,12,2024-11-12/2024-11-18,Tong Street,15.3,11.9
2024-11-15 13:00:00,2024-11-15,13,2024-11-12/2024-11-18,Tong Street,10.0,4.9
2024-11-15 14:00:00,2024-11-15,14,2024-11-12/2024-11-18,Tong Street,17.8,16.1
2024-11-15 15:00:00,2024-11-15,15,2024-11-12/2024-11-18,Tong Street,8.1,4.0
2024-11-15 16:00:00,2024-11-15,16,2024-11-12/2024-11-18,Tong Street,13.2,10.3
2024-11-15 17:00:00,2024-11-15,17,2024-11-12/2024-11-18,Tong Street,13.2,11.4
2024-11-15 18:00:00,2024-11-15,18,2024-11-12/2024-11-18,Tong Street,11.2,8.7
2024-11-15 19:00:00,2024-11-15,19,2024-11-12/2024-11-18,Tong Street,7.8,5.5
2024-11-15 20:00:00,2024-11-15,20,2024-11-12/2024-11-18,Tong Street,4.7,2.1
2024-11-15 21:00:00,2024-11-15,21,2024-11-12/2024-11-18,Tong Street,11.7,8.1
2024-11-15 22:00:00,2024-11-15,22,2024-11-12/2024-11-18,Tong Street,2.7,
2024-11-15 23:00:00,2024-11-15,23,2024-11-12/2024-11-18,Tong Street,2.3,0.5
2024-11-16 00:00:00,2024-11-16,0,2024-11-12/2024-11-18,Tong Street,1.7,
2024-11-16 01:00:00,2024-11-16,1,2024-11-12/2024-11-18,Tong Street,4.7,3.2
2024-11-16 02:00:00,2024-11-16,2,2024-11-12/2024-11-18,Tong Street,7.0,6.6
2024-11-16 03:00:00,2024-11-16,3,2024-11-12/2024-11-18,Tong Street,2.0,1.4
2024-11-16 04:00:00,2024-11-16,4,2024-11-12/2024-11-18,Tong Street,0.8,
2024-11-16 05:00:00,2024-11-16,5,2024-11-12/2024-11-18,Tong Street,0.8,
2024-11-16 06:00:00,2024-11-16,6,2024-11-12/2024-11-18,Tong Street,3.2,1.1
2024-11-16 07:00:00,2024-11-16,7,2024-11-12/2024-11-18,Tong Street,5.2,3.5
2024-11-16 08:00:00,2024-11-16,8,2024-11-12/2024-11-18,Tong Street,5.9,4.3
2024-11-16 09:00:00,2024-11-16,9,2024-11-12/2024-11-18,Tong Street,2.8,1.5
2024-11-16 10:00:00,2024-11-16,10,2024-11-12/2024-11-18,Tong Street,2.0,
2024-11-16 11:00:00,2024-11-16,11,2024-11-12/2024-11-18,Tong Street,4.1,3.7
2024-11-16 12:00:00,2024-11-16,12,2024-11-12/2024-11-18,Tong Street,5.1,1.8
2024-11-16 13:00:00,2024-11-16,13,2024-11-12/2024-11-18,Tong Street,25.2,4.5
2024-11-16 14:00:00,2024-11-16,14,2024-11-12/2024-11-18,Tong Street,26.1,5.1
2024-11-16 15:00:00,2024-11-16,15,2024-11-12/2024-11-18,Tong Street,27.4,3.9
2024-11-16 16:00:00,2024-11-16,16,2024-11-12/2024-11-18,Tong Street,29.6,7.9
2024-11-16 17:00:00,2024-11-16,17,2024-11-12/2024-11-18,Tong Street,21.9,5.5
2024-11-16 18:00:00,2024-11-16,18,2024-11-12/2024-11-18,Tong Street,22.9,6.8
2024-11-16 19:00:00,2024-11-16,19,2024-11-12/2024-11-18,Tong Street,8.2,
2024-11-16 20:00:00,2024-11-16,20,2024-11-12/2024-11-18,Tong Street,7.4,2.1
2024-11-16 21:00:00,2024-11-16,21,2024-11-12/2024-11-18,Tong Street,9.1,5.6
2024-11-16 22:00:00,2024-11-16,22,2024-11-12/2024-11-18,Tong Street,3.4,0.6
2024-11-16 23:00:00,2024-11-16,23,2024-11-12/2024-11-18,Tong Street,10.5,7.8
2024-11-17 00:00:00,2024-11-17,0,2024-11-12/2024-11-18,Tong Street,6.8,1.7
2024-11-17 01:00:00,2024-11-17,1,2024-11-12/2024-11-18,Tong Street,11.6,6.2
2024-11-17 02:00:00,2024-11-17,2,2024-11-12/2024-11-18,Tong Street,3.2,
2024-11-17 03:00:00,2024-11-17,3,2024-11-12/2024-11-18,Tong Street,5.6,1.2
2024-11-17 04:00:00,2024-11-17,4,2024-11-12/2024-11-18,Tong Street,3.2,
2024-11-17 05:00:00,2024-11-17,5,2024-11-12/2024-11-18,Tong Street,,
2024-11-17 06:00:00,2024-11-17,6,2024-11-12/2024-11-18,Tong Street,,
2024-11-17 07:00:00,2024-11-17,7,2024-11-12/2024-11-18,Tong Street,5.3,
2024-11-17 08:00:00,2024-11-17,8,2024-11-12/2024-11-18,Tong Street,5.7,
2024-11-17 09:00:00,2024-11-17,9,2024-11-12/2024-11-18,Tong Street,7.0,
2024-11-17 10:00:00,2024-11-17,10,2024-11-12/2024-11-18,Tong Street,10.9,
2024-11-17 11:00:00,2024-11-17,11,2024-11-12/2024-11-18,Tong Street,13.9,0.5
2024-11-17 12:00:00,2024-11-17,12,2024-11-12/2024-11-18,Tong Street,26.3,7.5
2024-11-17 13:00:00,2024-11-17,13,2024-11-12/2024-11-18,Tong Street,20.7,1.7
2024-11-17 14:00:00,2024-11-17,14,2024-11-12/2024-11-18,Tong Street,12.4,5.9
2024-11-17 15:00:00,2024-11-17,15,2024-11-12/2024-11-18,Tong Street,6.8,5.6
2024-11-17 16:00:00,2024-11-17,16,2024-11-12/2024-11-18,Tong Street,5.9,1.7
2024-11-17 17:00:00,2024-11-17,17,2024-11-12/2024-11-18,Tong Street,5.1,3.0
2024-11-17 18:00:00,2024-11-17,18,2024-11-12/2024-11-18,Tong Street,3.3,0.9
2024-11-17 19:00:00,2024-11-17,19,2024-11-12/2024-11-18,Tong Street,5.1,3.1
2024-11-17 20:00:00,2024-11-17,20,2024-11-12/2024-11-18,Tong Street,4.5,2.9
2024-11-17 21:00:00,2024-11-17,21,2024-11-12/2024-11-18,Tong Street,5.1,3.6
2024-11-17 22:00:00,2024-11-17,22,2024-11-12/2024-11-18,Tong Street,1.1,
2024-11-17 23:00:00,2024-11-17,23,2024-11-12/2024-11-18,Tong Street,9.6,9.0
2024-11-18 00:00:00,2024-11-18,0,2024-11-12/2024-11-18,Tong Street,0.8,
2024-11-18 01:00:00,2024-11-18,1,2024-11-12/2024-11-18,Tong Street,9.1,8.2
2024-11-18 02:00:00,2024-11-18,2,2024-11-12/2024-11-18,Tong Street,7.5,6.1
2024-11-18 03:00:00,2024-11-18,3,2024-11-12/2024-11-18,Tong Street,7.0,6.3
2024-11-18 04:00:00,2024-11-18,4,2024-11-12/2024-11-18,Tong Street,11.1,10.5
2024-11-18 05:00:00,2024-11-18,5,2024-11-12/2024-11-18,Tong Street,8.4,8.0
2024-11-18 06:00:00,2024-11-18,6,2024-11-12/2024-11-18,Tong Street,1.6,
2024-11-18 07:00:00,2024-11-18,7,2024-11-12/2024-11-18,Tong Street,5.2,4.1
2024-11-18 08:00:00,2024-11-18,8,2024-11-12/2024-11-18,Tong Street,2.5,1.3
2024-11-18 09:00:00,2024-11-18,9,2024-11-12/2024-11-18,Tong Street,8.9,6.7
2024-11-18 10:00:00,2024-11-18,10,2024-11-12/2024-11-18,Tong Street,4.3,0.4
2024-11-18 11:00:00,2024-11-18,11,2024-11-12/2024-11-18,Tong Street,8.8,1.2
2024-11-18 12:00:00,2024-11-18,12,2024-11-12/2024-11-18,Tong Street,36.8,12.5
2024-11-18 13:00:00,2024-11-18,13,2024-11-12/2024-11-18,Tong Street,56.9,15.3
2024-11-18 14:00:00,2024-11-18,14,2024-11-12/2024-11-18,Tong Street,61.0,6.0
2024-11-18 15:00:00,2024-11-18,15,2024-11-12/2024-11-18,Tong Street,19.6,3.2
2024-11-18 16:00:00,2024-11-18,16,2024-11-12/2024-11-18,Tong Street,,
2024-11-18 17:00:00,2024-11-18,17,2024-11-12/2024-11-18,Tong Street,,
2024-11-18 18:00:00,2024-11-18,18,2024-11-12/2024-11-18,Tong Street,50.1,16.1
2024-11-18 19:00:00,2024-11-18,19,2024-11-12/2024-11-18,Tong Street,31.7,9.2
2024-11-18 20:00:00,2024-11-18,20,2024-11-12/2024-11-18,Tong Street,43.4,17.3
2024-11-18 21:00:00,2024-11-18,21,2024-11-12/2024-11-18,Tong Street,23.4,13.1
2024-11-18 22:00:00,2024-11-18,22,2024-11-12/2024-11-18,Tong Street,7.0,4.2
2024-11-18 23:00:00,2024-11-18,23,2024-11-12/2024-11-18,Tong Street,4.7,4.1
2024-11-19 00:00:00,2024-11-19,0,2024-11-19/2024-11-25,Tong Street,3.9,3.5
2024-11-19 01:00:00,2024-11-19,1,2024-11-19/2024-11-25,Tong Street,1.2,
2024-11-19 02:00:00,2024-11-19,2,2024-11-19/2024-11-25,Tong Street,8.2,8.8
2024-11-19 03:00:00,2024-11-19,3,2024-11-19/2024-11-25,Tong Street,1.2,0.6
2024-11-19 04:00:00,2024-11-19,4,2024-11-19/2024-11-25,Tong Street,,
2024-11-19 05:00:00,2024-11-19,5,2024-11-19/2024-11-25,Tong Street,,
2024-11-19 06:00:00,2024-11-19,6,2024-11-19/2024-11-25,Tong Street,7.4,7.4
2024-11-19 07:00:00,2024-11-19,7,2024-11-19/2024-11-25,Tong Street,9.4,8.7
2024-11-19 08:00:00,2024-11-19,8,2024-11-19/2024-11-25,Tong Street,9.0,7.1
2024-11-19 09:00:00,2024-11-19,9,2024-11-19/2024-11-25,Tong Street,9.7,8.9
2024-11-19 10:00:00,2024-11-19,10,2024-11-19/2024-11-25,Tong Street,,
2024-11-19 11:00:00,2024-11-19,11,2024-11-19/2024-11-25,Tong Street,2.5,0.3
2024-11-19 12:00:00,2024-11-19,12,2024-11-19/2024-11-25,Tong Street,3.1,1.1
2024-11-19 13:00:00,2024-11-19,13,2024-11-19/2024-11-25,Tong Street,6.2,3.5
2024-11-19 14:00:00,2024-11-19,14,2024-11-19/2024-11-25,Tong Street,10.1,7.5
2024-11-19 15:00:00,2024-11-19,15,2024-11-19/2024-11-25,Tong Street,14.0,12.3
2024-11-19 16:00:00,2024-11-19,16,2024-11-19/2024-11-25,Tong Street,17.5,14.4
2024-11-19 17:00:00,2024-11-19,17,2024-11-19/2024-11-25,Tong Street,17.0,15.2
2024-11-19 18:00:00,2024-11-19,18,2024-11-19/2024-11-25,Tong Street,5.0,1.5
2024-11-19 19:00:00,2024-11-19,19,2024-11-19/2024-11-25,Tong Street,6.6,4.2
2024-11-19 20:00:00,2024-11-19,20,2024-11-19/2024-11-25,Tong Street,6.3,2.8
2024-11-19 21:00:00,2024-11-19,21,2024-11-19/2024-11-25,Tong Street,6.1,2.7
2024-11-19 22:00:00,2024-11-19,22,2024-11-19/2024-11-25,Tong Street,7.5,4.2
2024-11-19 23:00:00,2024-11-19,23,2024-11-19/2024-11-25,Tong Street,7.7,4.2
2024-11-20 00:00:00,2024-11-20,0,2024-11-19/2024-11-25,Tong Street,5.3,2.6
2024-11-20 01:00:00,2024-11-20,1,2024-11-19/2024-11-25,Tong Street,4.7,2.8
2024-11-20 02:00:00,2024-11-20,2,2024-11-19/2024-11-25,Tong Street,0.7,
2024-11-20 03:00:00,2024-11-20,3,2024-11-19/2024-11-25,Tong Street,0.4,
2024-11-20 04:00:00,2024-11-20,4,2024-11-19/2024-11-25,Tong Street,2.0,0.4
2024-11-20 05:00:00,2024-11-20,5,2024-11-19/2024-11-25,Tong Street,,
2024-11-20 06:00:00,2024-11-20,6,2024-11-19/2024-11-25,Tong Street,2.0,0.6
2024-11-20 07:00:00,2024-11-20,7,2024-11-19/2024-11-25,Tong Street,2.0,0.2
2024-11-20 08:00:00,2024-11-20,8,2024-11-19/2024-11-25,Tong Street,2.9,0.4
2024-11-20 09:00:00,2024-11-20,9,2024-11-19/2024-11-25,Tong Street,3.4,1.0
2024-11-20 10:00:00,2024-11-20,10,2024-11-19/2024-11-25,Tong Street,5.5,2.0
2024-11-20 11:00:00,2024-11-20,11,2024-11-19/2024-11-25,Tong Street,12.2,4.0
2024-11-20 12:00:00,2024-11-20,12,2024-11-19/2024-11-25,Tong Street,23.5,2.0
2024-11-20 13:00:00,2024-11-20,13,2024-11-19/2024-11-25,Tong Street,24.0,6.7
2024-11-20 14:00:00,2024-11-20,14,2024-11-19/2024-11-25,Tong Street,27.9,3.6
2024-11-20 15:00:00,2024-11-20,15,2024-11-19/2024-11-25,Tong Street,34.0,2.5
2024-11-20 16:00:00,2024-11-20,16,2024-11-19/2024-11-25,Tong Street,38.4,3.1
2024-11-20 17:00:00,2024-11-20,17,2024-11-19/2024-11-25,Tong Street,28.0,4.2
2024-11-20 18:00:00,2024-11-20,18,2024-11-19/2024-11-25,Tong Street,37.6,5.3
2024-11-20 19:00:00,2024-11-20,19,2024-11-19/2024-11-25,Tong Street,27.8,5.8
2024-11-20 20:00:00,2024-11-20,20,2024-11-19/2024-11-25,Tong Street,36.2,0.5
2024-11-20 21:00:00,2024-11-20,21,2024-11-19/2024-11-25,Tong Street,33.4,10.7
2024-11-20 22:00:00,2024-11-20,22,2024-11-19/2024-11-25,Tong Street,28.9,8.2
2024-11-20 23:00:00,2024-11-20,23,2024-11-19/2024-11-25,Tong Street,19.9,7.6
2024-11-21 00:00:00,2024-11-21,0,2024-11-19/2024-11-25,Tong Street,18.8,4.8
2024-11-21 01:00:00,2024-11-21,1,2024-11-19/2024-11-25,Tong Street,19.8,2.5
2024-11-21 02:00:00,2024-11-21,2,2024-11-19/2024-11-25,Tong Street,10.3,3.6
2024-11-21 03:00:00,2024-11-21,3,2024-11-19/2024-11-25,Tong Street,6.6,0.4
2024-11-21 04:00:00,2024-11-21,4,2024-11-19/2024-11-25,Tong Street,6.5,0.9
2024-11-21 05:00:00,2024-11-21,5,2024-11-19/2024-11-25,Tong Street,10.3,1.4
2024-11-21 06:00:00,2024-11-21,6,2024-11-19/2024-11-25,Tong Street,14.6,3.4
2024-11-21 07:00:00,2024-11-21,7,2024-11-19/2024-11-25,Tong Street,18.8,
2024-11-21 08:00:00,2024-11-21,8,2024-11-19/2024-11-25,Tong Street,42.5,15.1
2024-11-21 09:00:00,2024-11-21,9,2024-11-19/2024-11-25,Tong Street,17.8,2.9
2024-11-21 10:00:00,2024-11-21,10,2024-11-19/2024-11-25,Tong Street,17.3,6.1
2024-11-21 11:00:00,2024-11-21,11,2024-11-19/2024-11-25,Tong Street,25.5,5.8
2024-11-21 12:00:00,2024-11-21,12,2024-11-19/2024-11-25,Tong Street,36.8,6.2
2024-11-21 13:00:00,2024-11-21,13,2024-11-19/2024-11-25,Tong Street,62.1,7.5
2024-11-21 14:00:00,2024-11-21,14,2024-11-19/2024-11-25,Tong Street,29.1,4.1
2024-11-21 15:00:00,2024-11-21,15,2024-11-19/2024-11-25,Tong Street,36.1,5.6
2024-11-21 16:00:00,2024-11-21,16,2024-11-19/2024-11-25,Tong Street,24.8,4.7
2024-11-21 17:00:00,2024-11-21,17,2024-11-19/2024-11-25,Tong Street,9.7,
2024-11-21 18:00:00,2024-11-21,18,2024-11-19/2024-11-25,Tong Street,10.6,7.1
2024-11-21 19:00:00,2024-11-21,19,2024-11-19/2024-11-25,Tong Street,3.2,1.3
2024-11-21 20:00:00,2024-11-21,20,2024-11-19/2024-11-25,Tong Street,4.3,3.2
2024-11-21 21:00:00,2024-11-21,21,2024-11-19/2024-11-25,Tong Street,4.2,2.4
2024-11-21 22:00:00,2024-11-21,22,2024-11-19/2024-11-25,Tong Street,7.9,6.2
2024-11-21 23:00:00,2024-11-21,23,2024-11-19/2024-11-25,Tong Street,7.0,4.4
2024-11-22 00:00:00,2024-11-22,0,2024-11-19/2024-11-25,Tong Street,2.3,
2024-11-22 01:00:00,2024-11-22,1,2024-11-19/2024-11-25,Tong Street,3.9,2.5
2024-11-22 02:00:00,2024-11-22,2,2024-11-19/2024-11-25,Tong Street,2.8,1.9
2024-11-22 03:00:00,2024-11-22,3,2024-11-19/2024-11-25,Tong Street,5.6,4.5
2024-11-22 04:00:00,2024-11-22,4,2024-11-19/2024-11-25,Tong Street,4.0,3.9
2024-11-22 05:00:00,2024-11-22,5,2024-11-19/2024-11-25,Tong Street,8.2,7.9
2024-11-22 06:00:00,2024-11-22,6,2024-11-19/2024-11-25,Tong Street,0.9,
2024-11-22 07:00:00,2024-11-22,7,2024-11-19/2024-11-25,Tong Street,0.5,
2024-11-22 08:00:00,2024-11-22,8,2024-11-19/2024-11-25,Tong Street,1.6,
2024-11-22 09:00:00,2024-11-22,9,2024-11-19/2024-11-25,Tong Street,2.2,
2024-11-22 10:00:00,2024-11-22,10,2024-11-19/2024-11-25,Tong Street,5.5,3.0
2024-11-22 11:00:00,2024-11-22,11,2024-11-19/2024-11-25,Tong Street,7.2,3.2
2024-11-22 12:00:00,2024-11-22,12,2024-11-19/2024-11-25,Tong Street,8.3,5.9
2024-11-22 13:00:00,2024-11-22,13,2024-11-19/2024-11-25,Tong Street,8.5,5.5
2024-11-22 14:00:00,2024-11-22,14,2024-11-19/2024-11-25,Tong Street,27.8,13.8
2024-11-22 15:00:00,2024-11-22,15,2024-11-19/2024-11-25,Tong Street,72.1,10.9
2024-11-22 16:00:00,2024-11-22,16,2024-11-19/2024-11-25,Tong Street,26.4,5.0
2024-11-22 17:00:00,2024-11-22,17,2024-11-19/2024-11-25,Tong Street,12.2,9.1
2024-11-22 18:00:00,2024-11-22,18,2024-11-19/2024-11-25,Tong Street,11.9,11.1
2024-11-22 19:00:00,2024-11-22,19,2024-11-19/2024-11-25,Tong Street,11.9,10.8
2024-11-22 20:00:00,2024-11-22,20,2024-11-19/2024-11-25,Tong Street,12.2,10.6
2024-11-22 21:00:00,2024-11-22,21,2024-11-19/2024-11-25,Tong Street,8.1,6.5
2024-11-22 22:00:00,2024-11-22,22,2024-11-19/2024-11-25,Tong Street,11.8,10.5
2024-11-22 23:00:00,2024-11-22,23,2024-11-19/2024-11-25,Tong Street,18.3,16.8
2024-11-23 00:00:00,2024-11-23,0,2024-11-19/2024-11-25,Tong Street,15.2,13.9
2024-11-23 01:00:00,2024-11-23,1,2024-11-19/2024-11-25,Tong Street,11.8,10.0
2024-11-23 02:00:00,2024-11-23,2,2024-11-19/2024-11-25,Tong Street,8.7,6.3
2024-11-23 03:00:00,2024-11-23,3,2024-11-19/2024-11-25,Tong Street,12.1,9.9
2024-11-23 04:00:00,2024-11-23,4,2024-11-19/2024-11-25,Tong Street,8.4,5.4
2024-11-23 05:00:00,2024-11-23,5,2024-11-19/2024-11-25,Tong Street,2.2,
2024-11-23 06:00:00,2024-11-23,6,2024-11-19/2024-11-25,Tong Street,10.0,7.2
2024-11-23 07:00:00,2024-11-23,7,2024-11-19/2024-11-25,Tong Street,4.0,
2024-11-23 08:00:00,2024-11-23,8,2024-11-19/2024-11-25,Tong Street,,
2024-11-23 09:00:00,2024-11-23,9,2024-11-19/2024-11-25,Tong Street,,
2024-11-23 10:00:00,2024-11-23,10,2024-11-19/2024-11-25,Tong Street,,5.4
2024-11-23 11:00:00,2024-11-23,11,2024-11-19/2024-11-25,Tong Street,4.6,4.3
2024-11-23 12:00:00,2024-11-23,12,2024-11-19/2024-11-25,Tong Street,0.7,
2024-11-23 13:00:00,2024-11-23,13,2024-11-19/2024-11-25,Tong Street,3.2,2.1
2024-11-23 14:00:00,2024-11-23,14,2024-11-19/2024-11-25,Tong Street,,
2024-11-23 15:00:00,2024-11-23,15,2024-11-19/2024-11-25,Tong Street,5.9,4.5
2024-11-23 16:00:00,2024-11-23,16,2024-11-19/2024-11-25,Tong Street,0.9,
2024-11-23 17:00:00,2024-11-23,17,2024-11-19/2024-11-25,Tong Street,4.0,2.6
2024-11-23 18:00:00,2024-11-23,18,2024-11-19/2024-11-25,Tong Street,2.9,1.1
2024-11-23 19:00:00,2024-11-23,19,2024-11-19/2024-11-25,Tong Street,2.6,1.6
2024-11-23 20:00:00,2024-11-23,20,2024-11-19/2024-11-25,Tong Street,3.3,1.6
2024-11-23 21:00:00,2024-11-23,21,2024-11-19/2024-11-25,Tong Street,3.5,0.0
2024-11-23 22:00:00,2024-11-23,22,2024-11-19/2024-11-25,Tong Street,,
2024-11-23 23:00:00,2024-11-23,23,2024-11-19/2024-11-25,Tong Street,9.6,8.2
2024-11-24 00:00:00,2024-11-24,0,2024-11-19/2024-11-25,Tong Street,5.3,1.9
2024-11-24 01:00:00,2024-11-24,1,2024-11-19/2024-11-25,Tong Street,1.7,
2024-11-24 02:00:00,2024-11-24,2,2024-11-19/2024-11-25,Tong Street,4.7,2.5
2024-11-24 03:00:00,2024-11-24,3,2024-11-19/2024-11-25,Tong Street,0.6,
2024-11-24 04:00:00,2024-11-24,4,2024-11-19/2024-11-25,Tong Street,,
2024-11-24 05:00:00,2024-11-24,5,2024-11-19/2024-11-25,Tong Street,3.9,2.8
2024-11-24 06:00:00,2024-11-24,6,2024-11-19/2024-11-25,Tong Street,3.8,2.5
2024-11-24 07:00:00,2024-11-24,7,2024-11-19/2024-11-25,Tong Street,,
2024-11-24 08:00:00,2024-11-24,8,2024-11-19/2024-11-25,Tong Street,0.7,
2024-11-24 09:00:00,2024-11-24,9,2024-11-19/2024-11-25,Tong Street,1.5,0.2
2024-11-24 10:00:00,2024-11-24,10,2024-11-19/2024-11-25,Tong Street,0.8,
2024-11-24 11:00:00,2024-11-24,11,2024-11-19/2024-11-25,Tong Street,6.7,5.6
2024-11-24 12:00:00,2024-11-24,12,2024-11-19/2024-11-25,Tong Street,,
2024-11-24 13:00:00,2024-11-24,13,2024-11-19/2024-11-25,Tong Street,5.1,4.4
2024-11-24 14:00:00,2024-11-24,14,2024-11-19/2024-11-25,Tong Street,5.6,5.5
2024-11-24 15:00:00,2024-11-24,15,2024-11-19/2024-11-25,Tong Street,4.1,1.2
2024-11-24 16:00:00,2024-11-24,16,2024-11-19/2024-11-25,Tong Street,8.9,6.4
2024-11-24 17:00:00,2024-11-24,17,2024-11-19/2024-11-25,Tong Street,5.2,1.2
2024-11-24 18:00:00,2024-11-24,18,2024-11-19/2024-11-25,Tong Street,1.1,
2024-11-24 19:00:00,2024-11-24,19,2024-11-19/2024-11-25,Tong Street,10.6,4.4
2024-11-24 20:00:00,2024-11-24,20,2024-11-19/2024-11-25,Tong Street,11.7,4.5
2024-11-24 21:00:00,2024-11-24,21,2024-11-19/2024-11-25,Tong Street,9.4,4.1
2024-11-24 22:00:00,2024-11-24,22,2024-11-19/2024-11-25,Tong Street,2.9,
2024-11-24 23:00:00,2024-11-24,23,2024-11-19/2024-11-25,Tong Street,10.6,3.2
2024-11-25 00:00:00,2024-11-25,0,2024-11-19/2024-11-25,Tong Street,9.4,2.5
2024-11-25 01:00:00,2024-11-25,1,2024-11-19/2024-11-25,Tong Street,10.8,2.7
2024-11-25 02:00:00,2024-11-25,2,2024-11-19/2024-11-25,Tong Street,9.8,1.3
2024-11-25 03:00:00,2024-11-25,3,2024-11-19/2024-11-25,Tong Street,14.5,6.9
2024-11-25 04:00:00,2024-11-25,4,2024-11-19/2024-11-25,Tong Street,12.6,6.0
2024-11-25 05:00:00,2024-11-25,5,2024-11-19/2024-11-25,Tong Street,9.9,6.3
2024-11-25 06:00:00,2024-11-25,6,2024-11-19/2024-11-25,Tong Street,4.0,0.6
2024-11-25 07:00:00,2024-11-25,7,2024-11-19/2024-11-25,Tong Street,7.6,3.5
2024-11-25 08:00:00,2024-11-25,8,2024-11-19/2024-11-25,Tong Street,4.2,
2024-11-25 09:00:00,2024-11-25,9,2024-11-19/2024-11-25,Tong Street,6.5,0.6
2024-11-25 10:00:00,2024-11-25,10,2024-11-19/2024-11-25,Tong Street,10.4,4.0
2024-11-25 11:00:00,2024-11-25,11,2024-11-19/2024-11-25,Tong Street,14.6,5.6
2024-11-25 12:00:00,2024-11-25,12,2024-11-19/2024-11-25,Tong Street,14.8,3.4
2024-11-25 13:00:00,2024-11-25,13,2024-11-19/2024-11-25,Tong Street,12.0,2.7
2024-11-25 14:00:00,2024-11-25,14,2024-11-19/2024-11-25,Tong Street,18.4,14.6
2024-11-25 15:00:00,2024-11-25,15,2024-11-19/2024-11-25,Tong Street,9.1,7.0
2024-11-25 16:00:00,2024-11-25,16,2024-11-19/2024-11-25,Tong Street,10.6,6.5
2024-11-25 17:00:00,2024-11-25,17,2024-11-19/2024-11-25,Tong Street,7.6,1.8
2024-11-25 18:00:00,2024-11-25,18,2024-11-19/2024-11-25,Tong Street,9.7,4.3
2024-11-25 19:00:00,2024-11-25,19,2024-11-19/2024-11-25,Tong Street,7.0,2.4
2024-11-25 20:00:00,2024-11-25,20,2024-11-19/2024-11-25,Tong Street,3.2,0.6
2024-11-25 21:00:00,2024-11-25,21,2024-11-19/2024-11-25,Tong Street,0.8,
2024-11-25 22:00:00,2024-11-25,22,2024-11-19/2024-11-25,Tong Street,3.9,1.9
2024-11-25 23:00:00,2024-11-25,23,2024-11-19/2024-11-25,Tong Street,4.3,2.1
2024-11-26 00:00:00,2024-11-26,0,2024-11-26/2024-12-02,Tong Street,4.2,2.0
2024-11-26 01:00:00,2024-11-26,1,2024-11-26/2024-12-02,Tong Street,4.7,2.2
2024-11-26 02:00:00,2024-11-26,2,2024-11-26/2024-12-02,Tong Street,5.1,3.8
2024-11-26 03:00:00,2024-11-26,3,2024-11-26/2024-12-02,Tong Street,4.3,3.0
2024-11-26 04:00:00,2024-11-26,4,2024-11-26/2024-12-02,Tong Street,0.4,
2024-11-26 05:00:00,2024-11-26,5,2024-11-26/2024-12-02,Tong Street,4.4,3.1
2024-11-26 06:00:00,2024-11-26,6,2024-11-26/2024-12-02,Tong Street,6.5,5.4
2024-11-26 07:00:00,2024-11-26,7,2024-11-26/2024-12-02,Tong Street,4.7,2.9
2024-11-26 08:00:00,2024-11-26,8,2024-11-26/2024-12-02,Tong Street,4.1,0.9
2024-11-26 09:00:00,2024-11-26,9,2024-11-26/2024-12-02,Tong Street,6.8,4.5
2024-11-26 10:00:00,2024-11-26,10,2024-11-26/2024-12-02,Tong Street,12.0,8.6
2024-11-26 11:00:00,2024-11-26,11,2024-11-26/2024-12-02,Tong Street,6.4,3.3
2024-11-26 12:00:00,2024-11-26,12,2024-11-26/2024-12-02,Tong Street,11.5,7.9
2024-11-26 13:00:00,2024-11-26,13,2024-11-26/2024-12-02,Tong Street,12.9,7.7
2024-11-26 14:00:00,2024-11-26,14,2024-11-26/2024-12-02,Tong Street,6.6,0.3
2024-11-26 15:00:00,2024-11-26,15,2024-11-26/2024-12-02,Tong Street,14.7,2.0
2024-11-26 16:00:00,2024-11-26,16,2024-11-26/2024-12-02,Tong Street,12.8,
2024-11-26 17:00:00,2024-11-26,17,2024-11-26/2024-12-02,Tong Street,17.6,3.2
2024-11-26 18:00:00,2024-11-26,18,2024-11-26/2024-12-02,Tong Street,5.0,
2024-11-26 19:00:00,2024-11-26,19,2024-11-26/2024-12-02,Tong Street,13.2,7.8
2024-11-26 20:00:00,2024-11-26,20,2024-11-26/2024-12-02,Tong Street,14.7,8.4
2024-11-26 21:00:00,2024-11-26,21,2024-11-26/2024-12-02,Tong Street,17.2,11.9
2024-11-26 22:00:00,2024-11-26,22,2024-11-26/2024-12-02,Tong Street,13.8,8.8
2024-11-26 23:00:00,2024-11-26,23,2024-11-26/2024-12-02,Tong Street,16.5,10.8
2024-11-27 00:00:00,2024-11-27,0,2024-11-26/2024-12-02,Tong Street,21.3,16.8
2024-11-27 01:00:00,2024-11-27,1,2024-11-26/2024-12-02,Tong Street,21.3,17.2
2024-11-27 02:00:00,2024-11-27,2,2024-11-26/2024-12-02,Tong Street,16.5,12.9
2024-11-27 03:00:00,2024-11-27,3,2024-11-26/2024-12-02,Tong Street,21.8,18.2
2024-11-27 04:00:00,2024-11-27,4,2024-11-26/2024-12-02,Tong Street,13.4,9.5
2024-11-27 05:00:00,2024-11-27,5,2024-11-26/2024-12-02,Tong Street,19.1,17.3
2024-11-27 06:00:00,2024-11-27,6,2024-11-26/2024-12-02,Tong Street,18.2,16.3
2024-11-27 07:00:00,2024-11-27,7,2024-11-26/2024-12-02,Tong Street,17.4,15.3
2024-11-27 08:00:00,2024-11-27,8,2024-11-26/2024-12-02,Tong Street,17.6,14.5
2024-11-27 09:00:00,2024-11-27,9,2024-11-26/2024-12-02,Tong Street,15.8,12.1
2024-11-27 10:00:00,2024-11-27,10,2024-11-26/2024-12-02,Tong Street,11.1,6.3
2024-11-27 11:00:00,2024-11-27,11,2024-11-26/2024-12-02,Tong Street,2.2,
2024-11-27 12:00:00,2024-11-27,12,2024-11-26/2024-12-02,Tong Street,9.9,6.9
2024-11-27 13:00:00,2024-11-27,13,2024-11-26/2024-12-02,Tong Street,13.4,9.0
2024-11-27 14:00:00,2024-11-27,14,2024-11-26/2024-12-02,Tong Street,2.6,
2024-11-27 15:00:00,2024-11-27,15,2024-11-26/2024-12-02,Tong Street,5.5,2.7
2024-11-27 16:00:00,2024-11-27,16,2024-11-26/2024-12-02,Tong Street,,
2024-11-27 17:00:00,2024-11-27,17,2024-11-26/2024-12-02,Tong Street,0.7,
2024-11-27 18:00:00,2024-11-27,18,2024-11-26/2024-12-02,Tong Street,1.2,
2024-11-27 19:00:00,2024-11-27,19,2024-11-26/2024-12-02,Tong Street,1.1,
2024-11-27 20:00:00,2024-11-27,20,2024-11-26/2024-12-02,Tong Street,4.2,2.2
2024-11-27 21:00:00,2024-11-27,21,2024-11-26/2024-12-02,Tong Street,6.4,4.0
2024-11-27 22:00:00,2024-11-27,22,2024-11-26/2024-12-02,Tong Street,9.9,8.0
2024-11-27 23:00:00,2024-11-27,23,2024-11-26/2024-12-02,Tong Street,7.0,5.6
2024-11-28 00:00:00,2024-11-28,0,2024-11-26/2024-12-02,Tong Street,10.8,9.9
2024-11-28 01:00:00,2024-11-28,1,2024-11-26/2024-12-02,Tong Street,3.3,1.3
2024-11-28 02:00:00,2024-11-28,2,2024-11-26/2024-12-02,Tong Street,7.6,6.9
2024-11-28 03:00:00,2024-11-28,3,2024-11-26/2024-12-02,Tong Street,1.5,0.2
2024-11-28 04:00:00,2024-11-28,4,2024-11-26/2024-12-02,Tong Street,5.1,3.8
2024-11-28 05:00:00,2024-11-28,5,2024-11-26/2024-12-02,Tong Street,3.3,2.0
2024-11-28 06:00:00,2024-11-28,6,2024-11-26/2024-12-02,Tong Street,0.7,
2024-11-28 07:00:00,2024-11-28,7,2024-11-26/2024-12-02,Tong Street,2.9,0.4
2024-11-28 08:00:00,2024-11-28,8,2024-11-26/2024-12-02,Tong Street,3.1,0.7
2024-11-28 09:00:00,2024-11-28,9,2024-11-26/2024-12-02,Tong Street,7.5,5.6
2024-11-28 10:00:00,2024-11-28,10,2024-11-26/2024-12-02,Tong Street,9.4,4.1
2024-11-28 11:00:00,2024-11-28,11,2024-11-26/2024-12-02,Tong Street,13.9,9.6
2024-11-28 12:00:00,2024-11-28,12,2024-11-26/2024-12-02,Tong Street,15.0,9.2
2024-11-28 13:00:00,2024-11-28,13,2024-11-26/2024-12-02,Tong Street,13.2,8.4
2024-11-28 14:00:00,2024-11-28,14,2024-11-26/2024-12-02,Tong Street,11.8,7.2
2024-11-28 15:00:00,2024-11-28,15,2024-11-26/2024-12-02,Tong Street,13.9,8.2
2024-11-28 16:00:00,2024-11-28,16,2024-11-26/2024-12-02,Tong Street,10.8,4.0
2024-11-28 17:00:00,2024-11-28,17,2024-11-26/2024-12-02,Tong Street,17.1,10.8
2024-11-28 18:00:00,2024-11-28,18,2024-11-26/2024-12-02,Tong Street,19.7,14.4
2024-11-28 19:00:00,2024-11-28,19,2024-11-26/2024-12-02,Tong Street,21.6,16.2
2024-11-28 20:00:00,2024-11-28,20,2024-11-26/2024-12-02,Tong Street,19.7,14.0
2024-11-28 21:00:00,2024-11-28,21,2024-11-26/2024-12-02,Tong Street,17.6,13.9
2024-11-28 22:00:00,2024-11-28,22,2024-11-26/2024-12-02,Tong Street,15.5,12.4
2024-11-28 23:00:00,2024-11-28,23,2024-11-26/2024-12-02,Tong Street,12.7,11.2
2024-11-29 00:00:00,2024-11-29,0,2024-11-26/2024-12-02,Tong Street,8.1,7.2
2024-11-29 01:00:00,2024-11-29,1,2024-11-26/2024-12-02,Tong Street,5.5,3.5
2024-11-29 02:00:00,2024-11-29,2,2024-11-26/2024-12-02,Tong Street,10.0,8.6
2024-11-29 03:00:00,2024-11-29,3,2024-11-26/2024-12-02,Tong Street,8.7,6.7
2024-11-29 04:00:00,2024-11-29,4,2024-11-26/2024-12-02,Tong Street,11.6,10.5
2024-11-29 05:00:00,2024-11-29,5,2024-11-26/2024-12-02,Tong Street,6.5,4.2
2024-11-29 06:00:00,2024-11-29,6,2024-11-26/2024-12-02,Tong Street,9.5,7.1
2024-11-29 07:00:00,2024-11-29,7,2024-11-26/2024-12-02,Tong Street,10.4,7.8
2024-11-29 08:00:00,2024-11-29,8,2024-11-26/2024-12-02,Tong Street,14.1,12.2
2024-11-29 09:00:00,2024-11-29,9,2024-11-26/2024-12-02,Tong Street,16.7,13.6
2024-11-29 10:00:00,2024-11-29,10,2024-11-26/2024-12-02,Tong Street,18.4,13.7
2024-11-29 11:00:00,2024-11-29,11,2024-11-26/2024-12-02,Tong Street,8.4,1.9
2024-11-29 12:00:00,2024-11-29,12,2024-11-26/2024-12-02,Tong Street,12.4,6.6
2024-11-29 13:00:00,2024-11-29,13,2024-11-26/2024-12-02,Tong Street,19.5,14.4
2024-11-29 14:00:00,2024-11-29,14,2024-11-26/2024-12-02,Tong Street,12.6,6.4
2024-11-29 15:00:00,2024-11-29,15,2024-11-26/2024-12-02,Tong Street,27.6,13.7
2024-11-29 16:00:00,2024-11-29,16,2024-11-26/2024-12-02,Tong Street,23.2,3.6
2024-11-29 17:00:00,2024-11-29,17,2024-11-26/2024-12-02,Tong Street,13.9,6.9
2024-11-29 18:00:00,2024-11-29,18,2024-11-26/2024-12-02,Tong Street,8.3,2.7
2024-11-29 19:00:00,2024-11-29,19,2024-11-26/2024-12-02,Tong Street,12.3,7.5
2024-11-29 20:00:00,2024-11-29,20,2024-11-26/2024-12-02,Tong Street,9.0,1.9
2024-11-29 21:00:00,2024-11-29,21,2024-11-26/2024-12-02,Tong Street,10.2,4.4
2024-11-29 22:00:00,2024-11-29,22,2024-11-26/2024-12-02,Tong Street,10.5,4.0
2024-11-29 23:00:00,2024-11-29,23,2024-11-26/2024-12-02,Tong Street,11.5,7.8
2024-11-30 00:00:00,2024-11-30,0,2024-11-26/2024-12-02,Tong Street,15.8,12.5
2024-11-30 01:00:00,2024-11-30,1,2024-11-26/2024-12-02,Tong Street,14.4,11.6
2024-11-30 02:00:00,2024-11-30,2,2024-11-26/2024-12-02,Tong Street,8.1,6.0
2024-11-30 03:00:00,2024-11-30,3,2024-11-26/2024-12-02,Tong Street,11.2,9.7
2024-11-30 04:00:00,2024-11-30,4,2024-11-26/2024-12-02,Tong Street,4.9,0.9
2024-11-30 05:00:00,2024-11-30,5,2024-11-26/2024-12-02,Tong Street,6.7,3.3
2024-11-30 06:00:00,2024-11-30,6,2024-11-26/2024-12-02,Tong Street,6.3,3.4
2024-11-30 07:00:00,2024-11-30,7,2024-11-26/2024-12-02,Tong Street,6.2,2.5
2024-11-30 08:00:00,2024-11-30,8,2024-11-26/2024-12-02,Tong Street,7.4,2.8
2024-11-30 09:00:00,2024-11-30,9,2024-11-26/2024-12-02,Tong Street,10.5,7.6
2024-11-30 10:00:00,2024-11-30,10,2024-11-26/2024-12-02,Tong Street,4.4,0.1
2024-11-30 11:00:00,2024-11-30,11,2024-11-26/2024-12-02,Tong Street,4.3,
2024-11-30 12:00:00,2024-11-30,12,2024-11-26/2024-12-02,Tong Street,4.7,
2024-11-30 13:00:00,2024-11-30,13,2024-11-26/2024-12-02,Tong Street,9.1,6.2
2024-11-30 14:00:00,2024-11-30,14,2024-11-26/2024-12-02,Tong Street,1.9,
2024-11-30 15:00:00,2024-11-30,15,2024-11-26/2024-12-02,Tong Street,3.0,0.8
2024-11-30 16:00:00,2024-11-30,16,2024-11-26/2024-12-02,Tong Street,0.7,
2024-11-30 17:00:00,2024-11-30,17,2024-11-26/2024-12-02,Tong Street,5.0,2.8
2024-11-30 18:00:00,2024-11-30,18,2024-11-26/2024-12-02,Tong Street,7.0,5.7
2024-11-30 19:00:00,2024-11-30,19,2024-11-26/2024-12-02,Tong Street,8.8,6.2
2024-11-30 20:00:00,2024-11-30,20,2024-11-26/2024-12-02,Tong Street,4.2,1.0
2024-11-30 21:00:00,2024-11-30,21,2024-11-26/2024-12-02,Tong Street,5.3,2.3
2024-11-30 22:00:00,2024-11-30,22,2024-11-26/2024-12-02,Tong Street,12.4,8.8
2024-11-30 23:00:00,2024-11-30,23,2024-11-26/2024-12-02,Tong Street,9.0,5.0
2024-12-01 00:00:00,2024-12-01,0,2024-11-26/2024-12-02,Tong Street,6.9,1.4
2024-12-01 01:00:00,2024-12-01,1,2024-11-26/2024-12-02,Tong Street,10.6,5.3
2024-12-01 02:00:00,2024-12-01,2,2024-11-26/2024-12-02,Tong Street,7.6,3.3
2024-12-01 03:00:00,2024-12-01,3,2024-11-26/2024-12-02,Tong Street,9.4,5.9
2024-12-01 04:00:00,2024-12-01,4,2024-11-26/2024-12-02,Tong Street,4.9,2.5
2024-12-01 05:00:00,2024-12-01,5,2024-11-26/2024-12-02,Tong Street,0.1,
2024-12-01 06:00:00,2024-12-01,6,2024-11-26/2024-12-02,Tong Street,12.5,8.3
2024-12-01 07:00:00,2024-12-01,7,2024-11-26/2024-12-02,Tong Street,5.6,1.7
2024-12-01 08:00:00,2024-12-01,8,2024-11-26/2024-12-02,Tong Street,4.7,2.7
2024-12-01 09:00:00,2024-12-01,9,2024-11-26/2024-12-02,Tong Street,,
2024-12-01 10:00:00,2024-12-01,10,2024-11-26/2024-12-02,Tong Street,0.5,
2024-12-01 11:00:00,2024-12-01,11,2024-11-26/2024-12-02,Tong Street,,
2024-12-01 12:00:00,2024-12-01,12,2024-11-26/2024-12-02,Tong Street,8.6,5.1
2024-12-01 13:00:00,2024-12-01,13,2024-11-26/2024-12-02,Tong Street,0.3,
2024-12-01 14:00:00,2024-12-01,14,2024-11-26/2024-12-02,Tong Street,2.1,0.3
2024-12-01 15:00:00,2024-12-01,15,2024-11-26/2024-12-02,Tong Street,2.6,1.4
2024-12-01 16:00:00,2024-12-01,16,2024-11-26/2024-12-02,Tong Street,1.8,
2024-12-01 17:00:00,2024-12-01,17,2024-11-26/2024-12-02,Tong Street,8.2,5.6
2024-12-01 18:00:00,2024-12-01,18,2024-11-26/2024-12-02,Tong Street,5.8,3.5
2024-12-01 19:00:00,2024-12-01,19,2024-11-26/2024-12-02,Tong Street,9.3,6.6
2024-12-01 20:00:00,2024-12-01,20,2024-11-26/2024-12-02,Tong Street,3.1,0.3
2024-12-01 21:00:00,2024-12-01,21,2024-11-26/2024-12-02,Tong Street,5.8,3.0
2024-12-01 22:00:00,2024-12-01,22,2024-11-26/2024-12-02,Tong Street,3.5,0.7
2024-12-01 23:00:00,2024-12-01,23,2024-11-26/2024-12-02,Tong Street,7.9,5.8
2024-12-02 00:00:00,2024-12-02,0,2024-11-26/2024-12-02,Tong Street,3.2,0.0
2024-12-02 01:00:00,2024-12-02,1,2024-11-26/2024-12-02,Tong Street,9.1,8.3
2024-12-02 02:00:00,2024-12-02,2,2024-11-26/2024-12-02,Tong Street,0.6,
2024-12-02 03:00:00,2024-12-02,3,2024-11-26/2024-12-02,Tong Street,6.7,3.2
2024-12-02 04:00:00,2024-12-02,4,2024-11-26/2024-12-02,Tong Street,8.4,4.4
2024-12-02 05:00:00,2024-12-02,5,2024-11-26/2024-12-02,Tong Street,4.1,0.3
2024-12-02 06:00:00,2024-12-02,6,2024-11-26/2024-12-02,Tong Street,6.4,4.4
2024-12-02 07:00:00,2024-12-02,7,2024-11-26/2024-12-02,Tong Street,8.9,6.6
2024-12-02 08:00:00,2024-12-02,8,2024-11-26/2024-12-02,Tong Street,9.5,6.4
2024-12-02 09:00:00,2024-12-02,9,2024-11-26/2024-12-02,Tong Street,7.7,3.0
2024-12-02 10:00:00,2024-12-02,10,2024-11-26/2024-12-02,Tong Street,6.4,4.1
2024-12-02 11:00:00,2024-12-02,11,2024-11-26/2024-12-02,Tong Street,5.3,2.5
2024-12-02 12:00:00,2024-12-02,12,2024-11-26/2024-12-02,Tong Street,0.5,
2024-12-02 13:00:00,2024-12-02,13,2024-11-26/2024-12-02,Tong Street,,
2024-12-02 14:00:00,2024-12-02,14,2024-11-26/2024-12-02,Tong Street,3.8,2.2
2024-12-02 15:00:00,2024-12-02,15,2024-11-26/2024-12-02,Tong Street,,
2024-12-02 16:00:00,2024-12-02,16,2024-11-26/2024-12-02,Tong Street,5.7,2.9
2024-12-02 17:00:00,2024-12-02,17,2024-11-26/2024-12-02,Tong Street,1.8,
2024-12-02 18:00:00,2024-12-02,18,2024-11-26/2024-12-02,Tong Street,6.1,1.9
2024-12-02 19:00:00,2024-12-02,19,2024-11-26/2024-12-02,Tong Street,4.9,
2024-12-02 20:00:00,2024-12-02,20,2024-11-26/2024-12-02,Tong Street,5.8,1.2
2024-12-02 21:00:00,2024-12-02,21,2024-11-26/2024-12-02,Tong Street,4.6,0.9
2024-12-02 22:00:00,2024-12-02,22,2024-11-26/2024-12-02,Tong Street,6.2,2.4
2024-12-02 23:00:00,2024-12-02,23,2024-11-26/2024-12-02,Tong Street,4.1,0.2
2024-12-03 00:00:00,2024-12-03,0,2024-12-03/2024-12-09,Tong Street,2.6,0.4
2024-12-03 01:00:00,2024-12-03,1,2024-12-03/2024-12-09,Tong Street,,
2024-12-03 02:00:00,2024-12-03,2,2024-12-03/2024-12-09,Tong Street,0.4,
2024-12-03 03:00:00,2024-12-03,3,2024-12-03/2024-12-09,Tong Street,0.7,
2024-12-03 04:00:00,2024-12-03,4,2024-12-03/2024-12-09,Tong Street,,
2024-12-03 05:00:00,2024-12-03,5,2024-12-03/2024-12-09,Tong Street,4.7,4.0
2024-12-03 06:00:00,2024-12-03,6,2024-12-03/2024-12-09,Tong Street,2.9,1.8
2024-12-03 07:00:00,2024-12-03,7,2024-12-03/2024-12-09,Tong Street,4.9,3.1
2024-12-03 08:00:00,2024-12-03,8,2024-12-03/2024-12-09,Tong Street,9.5,6.4
2024-12-03 09:00:00,2024-12-03,9,2024-12-03/2024-12-09,Tong Street,9.7,4.8
2024-12-03 10:00:00,2024-12-03,10,2024-12-03/2024-12-09,Tong Street,12.6,5.7
2024-12-03 11:00:00,2024-12-03,11,2024-12-03/2024-12-09,Tong Street,14.1,7.0
2024-12-03 12:00:00,2024-12-03,12,2024-12-03/2024-12-09,Tong Street,14.6,5.8
2024-12-03 13:00:00,2024-12-03,13,2024-12-03/2024-12-09,Tong Street,,
2024-12-03 14:00:00,2024-12-03,14,2024-12-03/2024-12-09,Tong Street,27.8,13.3
2024-12-03 15:00:00,2024-12-03,15,2024-12-03/2024-12-09,Tong Street,27.1,8.4
2024-12-03 16:00:00,2024-12-03,16,2024-12-03/2024-12-09,Tong Street,18.8,3.8
2024-12-03 17:00:00,2024-12-03,17,2024-12-03/2024-12-09,Tong Street,26.1,11.7
2024-12-03 18:00:00,2024-12-03,18,2024-12-03/2024-12-09,Tong Street,17.6,7.9
2024-12-03 19:00:00,2024-12-03,19,2024-12-03/2024-12-09,Tong Street,14.5,6.7
2024-12-03 20:00:00,2024-12-03,20,2024-12-03/2024-12-09,Tong Street,20.8,11.3
2024-12-03 21:00:00,2024-12-03,21,2024-12-03/2024-12-09,Tong Street,22.4,13.3
2024-12-03 22:00:00,2024-12-03,22,2024-12-03/2024-12-09,Tong Street,19.5,11.8
2024-12-03 23:00:00,2024-12-03,23,2024-12-03/2024-12-09,Tong Street,17.1,12.4
2024-12-04 00:00:00,2024-12-04,0,2024-12-03/2024-12-09,Tong Street,10.4,7.5
2024-12-04 01:00:00,2024-12-04,1,2024-12-03/2024-12-09,Tong Street,6.1,2.9
2024-12-04 02:00:00,2024-12-04,2,2024-12-03/2024-12-09,Tong Street,8.9,6.1
2024-12-04 03:00:00,2024-12-04,3,2024-12-03/2024-12-09,Tong Street,9.1,6.2
2024-12-04 04:00:00,2024-12-04,4,2024-12-03/2024-12-09,Tong Street,11.2,7.9
2024-12-04 05:00:00,2024-12-04,5,2024-12-03/2024-12-09,Tong Street,12.0,9.3
2024-12-04 06:00:00,2024-12-04,6,2024-12-03/2024-12-09,Tong Street,6.6,3.7
2024-12-04 07:00:00,2024-12-04,7,2024-12-03/2024-12-09,Tong Street,10.2,6.4
2024-12-04 08:00:00,2024-12-04,8,2024-12-03/2024-12-09,Tong Street,9.6,5.2
2024-12-04 09:00:00,2024-12-04,9,2024-12-03/2024-12-09,Tong Street,18.1,7.2
2024-12-04 10:00:00,2024-12-04,10,2024-12-03/2024-12-09,Tong Street,16.4,8.0
2024-12-04 11:00:00,2024-12-04,11,2024-12-03/2024-12-09,Tong Street,14.4,8.1
2024-12-04 12:00:00,2024-12-04,12,2024-12-03/2024-12-09,Tong Street,16.8,11.3
2024-12-04 13:00:00,2024-12-04,13,2024-12-03/2024-12-09,Tong Street,13.9,7.7
2024-12-04 14:00:00,2024-12-04,14,2024-12-03/2024-12-09,Tong Street,16.5,9.4
2024-12-04 15:00:00,2024-12-04,15,2024-12-03/2024-12-09,Tong Street,17.6,10.1
2024-12-04 16:00:00,2024-12-04,16,2024-12-03/2024-12-09,Tong Street,14.6,7.4
2024-12-04 17:00:00,2024-12-04,17,2024-12-03/2024-12-09,Tong Street,14.1,7.8
2024-12-04 18:00:00,2024-12-04,18,2024-12-03/2024-12-09,Tong Street,5.4,3.0
2024-12-04 19:00:00,2024-12-04,19,2024-12-03/2024-12-09,Tong Street,7.0,3.3
2024-12-04 20:00:00,2024-12-04,20,2024-12-03/2024-12-09,Tong Street,10.9,7.5
2024-12-04 21:00:00,2024-12-04,21,2024-12-03/2024-12-09,Tong Street,12.1,8.5
2024-12-04 22:00:00,2024-12-04,22,2024-12-03/2024-12-09,Tong Street,7.4,6.0
2024-12-04 23:00:00,2024-12-04,23,2024-12-03/2024-12-09,Tong Street,7.2,5.7
2024-12-05 00:00:00,2024-12-05,0,2024-12-03/2024-12-09,Tong Street,6.3,4.3
2024-12-05 01:00:00,2024-12-05,1,2024-12-03/2024-12-09,Tong Street,0.9,0.0
2024-12-05 02:00:00,2024-12-05,2,2024-12-03/2024-12-09,Tong Street,0.9,0.2
2024-12-05 03:00:00,2024-12-05,3,2024-12-03/2024-12-09,Tong Street,10.1,9.5
2024-12-05 04:00:00,2024-12-05,4,2024-12-03/2024-12-09,Tong Street,6.6,5.1
2024-12-05 05:00:00,2024-12-05,5,2024-12-03/2024-12-09,Tong Street,5.1,3.6
2024-12-05 06:00:00,2024-12-05,6,2024-12-03/2024-12-09,Tong Street,,
2024-12-05 07:00:00,2024-12-05,7,2024-12-03/2024-12-09,Tong Street,2.1,0.1
2024-12-05 08:00:00,2024-12-05,8,2024-12-03/2024-12-09,Tong Street,9.6,4.6
2024-12-05 09:00:00,2024-12-05,9,2024-12-03/2024-12-09,Tong Street,17.1,8.6
2024-12-05 10:00:00,2024-12-05,10,2024-12-03/2024-12-09,Tong Street,14.8,7.1
2024-12-05 11:00:00,2024-12-05,11,2024-12-03/2024-12-09,Tong Street,19.1,9.1
2024-12-05 12:00:00,2024-12-05,12,2024-12-03/2024-12-09,Tong Street,14.8,6.7
2024-12-05 13:00:00,2024-12-05,13,2024-12-03/2024-12-09,Tong Street,9.8,1.5
2024-12-05 14:00:00,2024-12-05,14,2024-12-03/2024-12-09,Tong Street,11.4,4.9
2024-12-05 15:00:00,2024-12-05,15,2024-12-03/2024-12-09,Tong Street,9.3,3.6
2024-12-05 16:00:00,2024-12-05,16,2024-12-03/2024-12-09,Tong Street,5.1,2.3
2024-12-05 17:00:00,2024-12-05,17,2024-12-03/2024-12-09,Tong Street,5.8,2.8
2024-12-05 18:00:00,2024-12-05,18,2024-12-03/2024-12-09,Tong Street,4.3,2.2
2024-12-05 19:00:00,2024-12-05,19,2024-12-03/2024-12-09,Tong Street,,
2024-12-05 20:00:00,2024-12-05,20,2024-12-03/2024-12-09,Tong Street,5.8,1.9
2024-12-05 21:00:00,2024-12-05,21,2024-12-03/2024-12-09,Tong Street,5.5,0.5
2024-12-05 22:00:00,2024-12-05,22,2024-12-03/2024-12-09,Tong Street,,
2024-12-05 23:00:00,2024-12-05,23,2024-12-03/2024-12-09,Tong Street,6.0,2.2
2024-12-06 00:00:00,2024-12-06,0,2024-12-03/2024-12-09,Tong Street,5.9,2.8
2024-12-06 01:00:00,2024-12-06,1,2024-12-03/2024-12-09,Tong Street,4.6,2.4
2024-12-06 02:00:00,2024-12-06,2,2024-12-03/2024-12-09,Tong Street,8.2,2.7
2024-12-06 03:00:00,2024-12-06,3,2024-12-03/2024-12-09,Tong Street,8.1,1.2
2024-12-06 04:00:00,2024-12-06,4,2024-12-03/2024-12-09,Tong Street,14.3,6.5
2024-12-06 05:00:00,2024-12-06,5,2024-12-03/2024-12-09,Tong Street,11.1,2.1
2024-12-06 06:00:00,2024-12-06,6,2024-12-03/2024-12-09,Tong Street,4.9,
2024-12-06 07:00:00,2024-12-06,7,2024-12-03/2024-12-09,Tong Street,14.6,3.9
2024-12-06 08:00:00,2024-12-06,8,2024-12-03/2024-12-09,Tong Street,17.9,5.7
2024-12-06 09:00:00,2024-12-06,9,2024-12-03/2024-12-09,Tong Street,14.0,2.0
2024-12-06 10:00:00,2024-12-06,10,2024-12-03/2024-12-09,Tong Street,14.6,2.3
2024-12-06 11:00:00,2024-12-06,11,2024-12-03/2024-12-09,Tong Street,20.2,4.2
2024-12-06 12:00:00,2024-12-06,12,2024-12-03/2024-12-09,Tong Street,23.9,7.3
2024-12-06 13:00:00,2024-12-06,13,2024-12-03/2024-12-09,Tong Street,24.1,3.6
2024-12-06 14:00:00,2024-12-06,14,2024-12-03/2024-12-09,Tong Street,25.7,3.3
2024-12-06 15:00:00,2024-12-06,15,2024-12-03/2024-12-09,Tong Street,34.7,9.2
2024-12-06 16:00:00,2024-12-06,16,2024-12-03/2024-12-09,Tong Street,19.5,1.7
2024-12-06 17:00:00,2024-12-06,17,2024-12-03/2024-12-09,Tong Street,30.4,14.5
2024-12-06 18:00:00,2024-12-06,18,2024-12-03/2024-12-09,Tong Street,21.0,6.1
2024-12-06 19:00:00,2024-12-06,19,2024-12-03/2024-12-09,Tong Street,8.0,
2024-12-06 20:00:00,2024-12-06,20,2024-12-03/2024-12-09,Tong Street,16.1,10.0
2024-12-06 21:00:00,2024-12-06,21,2024-12-03/2024-12-09,Tong Street,4.8,0.7
2024-12-06 22:00:00,2024-12-06,22,2024-12-03/2024-12-09,Tong Street,6.5,3.8
2024-12-06 23:00:00,2024-12-06,23,2024-12-03/2024-12-09,Tong Street,3.4,2.3
2024-12-07 00:00:00,2024-12-07,0,2024-12-03/2024-12-09,Tong Street,,
2024-12-07 01:00:00,2024-12-07,1,2024-12-03/2024-12-09,Tong Street,,
2024-12-07 02:00:00,2024-12-07,2,2024-12-03/2024-12-09,Tong Street,,
2024-12-07 03:00:00,2024-12-07,3,2024-12-03/2024-12-09,Tong Street,6.9,5.4
2024-12-07 04:00:00,2024-12-07,4,2024-12-03/2024-12-09,Tong Street,5.9,4.3
2024-12-07 05:00:00,2024-12-07,5,2024-12-03/2024-12-09,Tong Street,7.0,5.8
2024-12-07 06:00:00,2024-12-07,6,2024-12-03/2024-12-09,Tong Street,3.5,3.0
2024-12-07 07:00:00,2024-12-07,7,2024-12-03/2024-12-09,Tong Street,0.1,
2024-12-07 08:00:00,2024-12-07,8,2024-12-03/2024-12-09,Tong Street,,
2024-12-07 09:00:00,2024-12-07,9,2024-12-03/2024-12-09,Tong Street,,
2024-12-07 10:00:00,2024-12-07,10,2024-12-03/2024-12-09,Tong Street,4.1,3.5
2024-12-07 11:00:00,2024-12-07,11,2024-12-03/2024-12-09,Tong Street,3.6,2.7
2024-12-07 12:00:00,2024-12-07,12,2024-12-03/2024-12-09,Tong Street,,
2024-12-07 13:00:00,2024-12-07,13,2024-12-03/2024-12-09,Tong Street,7.6,7.6
2024-12-07 14:00:00,2024-12-07,14,2024-12-03/2024-12-09,Tong Street,,
2024-12-07 15:00:00,2024-12-07,15,2024-12-03/2024-12-09,Tong Street,1.7,1.0
2024-12-07 16:00:00,2024-12-07,16,2024-12-03/2024-12-09,Tong Street,,
2024-12-07 17:00:00,2024-12-07,17,2024-12-03/2024-12-09,Tong Street,2.2,1.4
2024-12-07 18:00:00,2024-12-07,18,2024-12-03/2024-12-09,Tong Street,,
2024-12-07 19:00:00,2024-12-07,19,2024-12-03/2024-12-09,Tong Street,,
2024-12-07 20:00:00,2024-12-07,20,2024-12-03/2024-12-09,Tong Street,2.4,1.3
2024-12-07 21:00:00,2024-12-07,21,2024-12-03/2024-12-09,Tong Street,1.2,0.1
2024-12-07 22:00:00,2024-12-07,22,2024-12-03/2024-12-09,Tong Street,,
2024-12-07 23:00:00,2024-12-07,23,2024-12-03/2024-12-09,Tong Street,0.0,
2024-12-08 00:00:00,2024-12-08,0,2024-12-03/2024-12-09,Tong Street,,
2024-12-08 01:00:00,2024-12-08,1,2024-12-03/2024-12-09,Tong Street,,
2024-12-08 02:00:00,2024-12-08,2,2024-12-03/2024-12-09,Tong Street,4.9,3.8
2024-12-08 03:00:00,2024-12-08,3,2024-12-03/2024-12-09,Tong Street,2.4,1.4
2024-12-08 04:00:00,2024-12-08,4,2024-12-03/2024-12-09,Tong Street,1.0,0.0
2024-12-08 05:00:00,2024-12-08,5,2024-12-03/2024-12-09,Tong Street,1.7,0.2
2024-12-08 06:00:00,2024-12-08,6,2024-12-03/2024-12-09,Tong Street,5.3,2.8
2024-12-08 07:00:00,2024-12-08,7,2024-12-03/2024-12-09,Tong Street,7.1,4.0
2024-12-08 08:00:00,2024-12-08,8,2024-12-03/2024-12-09,Tong Street,4.3,
2024-12-08 09:00:00,2024-12-08,9,2024-12-03/2024-12-09,Tong Street,4.2,
2024-12-08 10:00:00,2024-12-08,10,2024-12-03/2024-12-09,Tong Street,5.4,0.3
2024-12-08 11:00:00,2024-12-08,11,2024-12-03/2024-12-09,Tong Street,4.8,1.1
2024-12-08 12:00:00,2024-12-08,12,2024-12-03/2024-12-09,Tong Street,,
2024-12-08 13:00:00,2024-12-08,13,2024-12-03/2024-12-09,Tong Street,3.0,
2024-12-08 14:00:00,2024-12-08,14,2024-12-03/2024-12-09,Tong Street,6.2,0.4
2024-12-08 15:00:00,2024-12-08,15,2024-12-03/2024-12-09,Tong Street,5.5,2.6
2024-12-08 16:00:00,2024-12-08,16,2024-12-03/2024-12-09,Tong Street,0.0,
2024-12-08 17:00:00,2024-12-08,17,2024-12-03/2024-12-09,Tong Street,6.4,2.9
2024-12-08 18:00:00,2024-12-08,18,2024-12-03/2024-12-09,Tong Street,7.2,1.8
2024-12-08 19:00:00,2024-12-08,19,2024-12-03/2024-12-09,Tong Street,9.0,4.1
2024-12-08 20:00:00,2024-12-08,20,2024-12-03/2024-12-09,Tong Street,18.5,12.7
2024-12-08 21:00:00,2024-12-08,21,2024-12-03/2024-12-09,Tong Street,12.1,7.1
2024-12-08 22:00:00,2024-12-08,22,2024-12-03/2024-12-09,Tong Street,11.6,5.8
2024-12-08 23:00:00,2024-12-08,23,2024-12-03/2024-12-09,Tong Street,9.6,2.3
2024-12-09 00:00:00,2024-12-09,0,2024-12-03/2024-12-09,Tong Street,10.7,4.9
2024-12-09 01:00:00,2024-12-09,1,2024-12-03/2024-12-09,Tong Street,7.1,1.5
2024-12-09 02:00:00,2024-12-09,2,2024-12-03/2024-12-09,Tong Street,6.7,
2024-12-09 03:00:00,2024-12-09,3,2024-12-03/2024-12-09,Tong Street,10.1,2.6
2024-12-09 04:00:00,2024-12-09,4,2024-12-03/2024-12-09,Tong Street,9.5,2.9
2024-12-09 05:00:00,2024-12-09,5,2024-12-03/2024-12-09,Tong Street,6.1,1.3
2024-12-09 06:00:00,2024-12-09,6,2024-12-03/2024-12-09,Tong Street,7.9,4.2
2024-12-09 07:00:00,2024-12-09,7,2024-12-03/2024-12-09,Tong Street,3.1,
2024-12-09 08:00:00,2024-12-09,8,2024-12-03/2024-12-09,Tong Street,7.3,1.3
2024-12-09 09:00:00,2024-12-09,9,2024-12-03/2024-12-09,Tong Street,5.4,0.1
2024-12-09 10:00:00,2024-12-09,10,2024-12-03/2024-12-09,Tong Street,8.1,1.3
2024-12-09 11:00:00,2024-12-09,11,2024-12-03/2024-12-09,Tong Street,8.1,1.4
2024-12-09 12:00:00,2024-12-09,12,2024-12-03/2024-12-09,Tong Street,10.9,5.4
2024-12-09 13:00:00,2024-12-09,13,2024-12-03/2024-12-09,Tong Street,14.2,4.3
2024-12-09 14:00:00,2024-12-09,14,2024-12-03/2024-12-09,Tong Street,10.6,3.8
2024-12-09 15:00:00,2024-12-09,15,2024-12-03/2024-12-09,Tong Street,8.6,2.7
2024-12-09 16:00:00,2024-12-09,16,2024-12-03/2024-12-09,Tong Street,11.7,5.1
2024-12-09 17:00:00,2024-12-09,17,2024-12-03/2024-12-09,Tong Street,9.5,5.4
2024-12-09 18:00:00,2024-12-09,18,2024-12-03/2024-12-09,Tong Street,7.9,
2024-12-09 19:00:00,2024-12-09,19,2024-12-03/2024-12-09,Tong Street,12.2,5.2
2024-12-09 20:00:00,2024-12-09,20,2024-12-03/2024-12-09,Tong Street,6.5,
2024-12-09 21:00:00,2024-12-09,21,2024-12-03/2024-12-09,Tong Street,9.3,3.7
2024-12-09 22:00:00,2024-12-09,22,2024-12-03/2024-12-09,Tong Street,6.8,2.5
2024-12-09 23:00:00,2024-12-09,23,2024-12-03/2024-12-09,Tong Street,7.3,1.6
2024-12-10 00:00:00,2024-12-10,0,2024-12-10/2024-12-16,Tong Street,8.8,3.5
2024-12-10 01:00:00,2024-12-10,1,2024-12-10/2024-12-16,Tong Street,5.8,
2024-12-10 02:00:00,2024-12-10,2,2024-12-10/2024-12-16,Tong Street,7.5,0.8
2024-12-10 03:00:00,2024-12-10,3,2024-12-10/2024-12-16,Tong Street,7.5,
2024-12-10 04:00:00,2024-12-10,4,2024-12-10/2024-12-16,Tong Street,9.9,1.6
2024-12-10 05:00:00,2024-12-10,5,2024-12-10/2024-12-16,Tong Street,9.1,1.5
2024-12-10 06:00:00,2024-12-10,6,2024-12-10/2024-12-16,Tong Street,11.1,2.2
2024-12-10 07:00:00,2024-12-10,7,2024-12-10/2024-12-16,Tong Street,10.3,0.9
2024-12-10 08:00:00,2024-12-10,8,2024-12-10/2024-12-16,Tong Street,13.7,4.3
2024-12-10 09:00:00,2024-12-10,9,2024-12-10/2024-12-16,Tong Street,9.8,0.9
2024-12-10 10:00:00,2024-12-10,10,2024-12-10/2024-12-16,Tong Street,10.7,2.6
2024-12-10 11:00:00,2024-12-10,11,2024-12-10/2024-12-16,Tong Street,8.9,1.5
2024-12-10 12:00:00,2024-12-10,12,2024-12-10/2024-12-16,Tong Street,13.5,4.8
2024-12-10 13:00:00,2024-12-10,13,2024-12-10/2024-12-16,Tong Street,8.8,0.4
2024-12-10 14:00:00,2024-12-10,14,2024-12-10/2024-12-16,Tong Street,11.9,3.4
2024-12-10 15:00:00,2024-12-10,15,2024-12-10/2024-12-16,Tong Street,11.2,1.8
2024-12-10 16:00:00,2024-12-10,16,2024-12-10/2024-12-16,Tong Street,7.6,1.3
2024-12-10 17:00:00,2024-12-10,17,2024-12-10/2024-12-16,Tong Street,8.6,1.8
2024-12-10 18:00:00,2024-12-10,18,2024-12-10/2024-12-16,Tong Street,13.5,7.5
2024-12-10 19:00:00,2024-12-10,19,2024-12-10/2024-12-16,Tong Street,12.0,6.1
2024-12-10 20:00:00,2024-12-10,20,2024-12-10/2024-12-16,Tong Street,6.8,1.4
2024-12-10 21:00:00,2024-12-10,21,2024-12-10/2024-12-16,Tong Street,8.6,3.1
2024-12-10 22:00:00,2024-12-10,22,2024-12-10/2024-12-16,Tong Street,10.5,4.2
2024-12-10 23:00:00,2024-12-10,23,2024-12-10/2024-12-16,Tong Street,8.6,2.5
2024-12-11 00:00:00,2024-12-11,0,2024-12-10/2024-12-16,Tong Street,7.6,2.6
2024-12-11 01:00:00,2024-12-11,1,2024-12-10/2024-12-16,Tong Street,6.8,0.6
2024-12-11 02:00:00,2024-12-11,2,2024-12-10/2024-12-16,Tong Street,7.7,0.1
2024-12-11 03:00:00,2024-12-11,3,2024-12-10/2024-12-16,Tong Street,9.8,2.9
2024-12-11 04:00:00,2024-12-11,4,2024-12-10/2024-12-16,Tong Street,6.4,1.2
2024-12-11 05:00:00,2024-12-11,5,2024-12-10/2024-12-16,Tong Street,7.6,0.9
2024-12-11 06:00:00,2024-12-11,6,2024-12-10/2024-12-16,Tong Street,6.0,0.3
2024-12-11 07:00:00,2024-12-11,7,2024-12-10/2024-12-16,Tong Street,8.8,2.7
2024-12-11 08:00:00,2024-12-11,8,2024-12-10/2024-12-16,Tong Street,10.6,2.6
2024-12-11 09:00:00,2024-12-11,9,2024-12-10/2024-12-16,Tong Street,12.0,5.5
2024-12-11 10:00:00,2024-12-11,10,2024-12-10/2024-12-16,Tong Street,10.0,3.4
2024-12-11 11:00:00,2024-12-11,11,2024-12-10/2024-12-16,Tong Street,14.6,2.4
2024-12-11 12:00:00,2024-12-11,12,2024-12-10/2024-12-16,Tong Street,9.2,2.5
2024-12-11 13:00:00,2024-12-11,13,2024-12-10/2024-12-16,Tong Street,7.6,1.8
2024-12-11 14:00:00,2024-12-11,14,2024-12-10/2024-12-16,Tong Street,11.6,3.7
2024-12-11 15:00:00,2024-12-11,15,2024-12-10/2024-12-16,Tong Street,11.6,3.9
2024-12-11 16:00:00,2024-12-11,16,2024-12-10/2024-12-16,Tong Street,8.8,1.3
2024-12-11 17:00:00,2024-12-11,17,2024-12-10/2024-12-16,Tong Street,7.1,
2024-12-11 18:00:00,2024-12-11,18,2024-12-10/2024-12-16,Tong Street,15.9,10.2
2024-12-11 19:00:00,2024-12-11,19,2024-12-10/2024-12-16,Tong Street,9.5,3.2
2024-12-11 20:00:00,2024-12-11,20,2024-12-10/2024-12-16,Tong Street,14.9,7.7
2024-12-11 21:00:00,2024-12-11,21,2024-12-10/2024-12-16,Tong Street,20.0,13.3
2024-12-11 22:00:00,2024-12-11,22,2024-12-10/2024-12-16,Tong Street,9.3,4.1
2024-12-11 23:00:00,2024-12-11,23,2024-12-10/2024-12-16,Tong Street,18.5,12.5
2024-12-12 00:00:00,2024-12-12,0,2024-12-10/2024-12-16,Tong Street,11.3,6.1
2024-12-12 01:00:00,2024-12-12,1,2024-12-10/2024-12-16,Tong Street,12.2,6.5
2024-12-12 02:00:00,2024-12-12,2,2024-12-10/2024-12-16,Tong Street,5.9,1.1
2024-12-12 03:00:00,2024-12-12,3,2024-12-10/2024-12-16,Tong Street,9.7,5.9
2024-12-12 04:00:00,2024-12-12,4,2024-12-10/2024-12-16,Tong Street,9.2,5.3
2024-12-12 05:00:00,2024-12-12,5,2024-12-10/2024-12-16,Tong Street,11.8,6.7
2024-12-12 06:00:00,2024-12-12,6,2024-12-10/2024-12-16,Tong Street,9.0,8.5
2024-12-12 07:00:00,2024-12-12,7,2024-12-10/2024-12-16,Tong Street,4.5,2.5
2024-12-12 08:00:00,2024-12-12,8,2024-12-10/2024-12-16,Tong Street,9.2,7.2
2024-12-12 09:00:00,2024-12-12,9,2024-12-10/2024-12-16,Tong Street,16.3,13.6
2024-12-12 10:00:00,2024-12-12,10,2024-12-10/2024-12-16,Tong Street,31.0,6.8
2024-12-12 11:00:00,2024-12-12,11,2024-12-10/2024-12-16,Tong Street,9.0,8.0
2024-12-12 12:00:00,2024-12-12,12,2024-12-10/2024-12-16,Tong Street,8.6,7.2
2024-12-12 13:00:00,2024-12-12,13,2024-12-10/2024-12-16,Tong Street,7.6,7.8
2024-12-12 14:00:00,2024-12-12,14,2024-12-10/2024-12-16,Tong Street,5.5,5.7
2024-12-12 15:00:00,2024-12-12,15,2024-12-10/2024-12-16,Tong Street,9.0,7.2
2024-12-12 16:00:00,2024-12-12,16,2024-12-10/2024-12-16,Tong Street,7.3,4.8
2024-12-12 17:00:00,2024-12-12,17,2024-12-10/2024-12-16,Tong Street,7.8,5.7
2024-12-12 18:00:00,2024-12-12,18,2024-12-10/2024-12-16,Tong Street,24.8,23.5
2024-12-12 19:00:00,2024-12-12,19,2024-12-10/2024-12-16,Tong Street,4.8,1.4
2024-12-12 20:00:00,2024-12-12,20,2024-12-10/2024-12-16,Tong Street,4.9,1.9
2024-12-12 21:00:00,2024-12-12,21,2024-12-10/2024-12-16,Tong Street,1.3,0.0
2024-12-12 22:00:00,2024-12-12,22,2024-12-10/2024-12-16,Tong Street,7.6,5.5
2024-12-12 23:00:00,2024-12-12,23,2024-12-10/2024-12-16,Tong Street,2.8,1.6
2024-12-13 00:00:00,2024-12-13,0,2024-12-10/2024-12-16,Tong Street,6.3,3.4
2024-12-13 01:00:00,2024-12-13,1,2024-12-10/2024-12-16,Tong Street,3.1,2.6
2024-12-13 02:00:00,2024-12-13,2,2024-12-10/2024-12-16,Tong Street,5.2,2.4
2024-12-13 03:00:00,2024-12-13,3,2024-12-10/2024-12-16,Tong Street,1.2,0.5
2024-12-13 04:00:00,2024-12-13,4,2024-12-10/2024-12-16,Tong Street,2.1,0.6
2024-12-13 05:00:00,2024-12-13,5,2024-12-10/2024-12-16,Tong Street,2.8,0.6
2024-12-13 06:00:00,2024-12-13,6,2024-12-10/2024-12-16,Tong Street,5.4,4.4
2024-12-13 07:00:00,2024-12-13,7,2024-12-10/2024-12-16,Tong Street,7.2,7.3
2024-12-13 08:00:00,2024-12-13,8,2024-12-10/2024-12-16,Tong Street,3.6,2.6
2024-12-13 09:00:00,2024-12-13,9,2024-12-10/2024-12-16,Tong Street,5.3,4.6
2024-12-13 10:00:00,2024-12-13,10,2024-12-10/2024-12-16,Tong Street,7.4,6.2
2024-12-13 11:00:00,2024-12-13,11,2024-12-10/2024-12-16,Tong Street,8.7,6.7
2024-12-13 12:00:00,2024-12-13,12,2024-12-10/2024-12-16,Tong Street,13.3,11.7
2024-12-13 13:00:00,2024-12-13,13,2024-12-10/2024-12-16,Tong Street,10.5,8.0
2024-12-13 14:00:00,2024-12-13,14,2024-12-10/2024-12-16,Tong Street,15.5,11.3
2024-12-13 15:00:00,2024-12-13,15,2024-12-10/2024-12-16,Tong Street,7.4,0.5
2024-12-13 16:00:00,2024-12-13,16,2024-12-10/2024-12-16,Tong Street,21.6,15.9
2024-12-13 17:00:00,2024-12-13,17,2024-12-10/2024-12-16,Tong Street,24.2,13.7
2024-12-13 18:00:00,2024-12-13,18,2024-12-10/2024-12-16,Tong Street,29.5,17.9
2024-12-13 19:00:00,2024-12-13,19,2024-12-10/2024-12-16,Tong Street,51.0,14.4
2024-12-13 20:00:00,2024-12-13,20,2024-12-10/2024-12-16,Tong Street,38.4,12.9
2024-12-13 21:00:00,2024-12-13,21,2024-12-10/2024-12-16,Tong Street,36.1,11.0
2024-12-13 22:00:00,2024-12-13,22,2024-12-10/2024-12-16,Tong Street,37.0,13.1
2024-12-13 23:00:00,2024-12-13,23,2024-12-10/2024-12-16,Tong Street,25.2,10.1
2024-12-14 00:00:00,2024-12-14,0,2024-12-10/2024-12-16,Tong Street,20.6,12.2
2024-12-14 01:00:00,2024-12-14,1,2024-12-10/2024-12-16,Tong Street,14.6,8.2
2024-12-14 02:00:00,2024-12-14,2,2024-12-10/2024-12-16,Tong Street,10.9,4.7
2024-12-14 03:00:00,2024-12-14,3,2024-12-10/2024-12-16,Tong Street,10.7,5.3
2024-12-14 04:00:00,2024-12-14,4,2024-12-10/2024-12-16,Tong Street,12.0,8.1
2024-12-14 05:00:00,2024-12-14,5,2024-12-10/2024-12-16,Tong Street,10.8,7.2
2024-12-14 06:00:00,2024-12-14,6,2024-12-10/2024-12-16,Tong Street,7.7,7.4
2024-12-14 07:00:00,2024-12-14,7,2024-12-10/2024-12-16,Tong Street,3.9,1.8
2024-12-14 08:00:00,2024-12-14,8,2024-12-10/2024-12-16,Tong Street,5.2,2.8
2024-12-14 09:00:00,2024-12-14,9,2024-12-10/2024-12-16,Tong Street,9.5,
2024-12-14 10:00:00,2024-12-14,10,2024-12-10/2024-12-16,Tong Street,11.1,0.3
2024-12-14 11:00:00,2024-12-14,11,2024-12-10/2024-12-16,Tong Street,10.5,1.4
2024-12-14 12:00:00,2024-12-14,12,2024-12-10/2024-12-16,Tong Street,13.4,0.5
2024-12-14 13:00:00,2024-12-14,13,2024-12-10/2024-12-16,Tong Street,12.4,
2024-12-14 14:00:00,2024-12-14,14,2024-12-10/2024-12-16,Tong Street,17.6,2.2
2024-12-14 15:00:00,2024-12-14,15,2024-12-10/2024-12-16,Tong Street,12.8,
2024-12-14 16:00:00,2024-12-14,16,2024-12-10/2024-12-16,Tong Street,15.6,3.2
2024-12-14 17:00:00,2024-12-14,17,2024-12-10/2024-12-16,Tong Street,14.4,3.6
2024-12-14 18:00:00,2024-12-14,18,2024-12-10/2024-12-16,Tong Street,16.1,6.3
2024-12-14 19:00:00,2024-12-14,19,2024-12-10/2024-12-16,Tong Street,36.0,20.2
2024-12-14 20:00:00,2024-12-14,20,2024-12-10/2024-12-16,Tong Street,107.1,91.7
2024-12-14 21:00:00,2024-12-14,21,2024-12-10/2024-12-16,Tong Street,7.7,3.5
2024-12-14 22:00:00,2024-12-14,22,2024-12-10/2024-12-16,Tong Street,6.3,1.2
2024-12-14 23:00:00,2024-12-14,23,2024-12-10/2024-12-16,Tong Street,,
2024-12-15 00:00:00,2024-12-15,0,2024-12-10/2024-12-16,Tong Street,2.3,
2024-12-15 01:00:00,2024-12-15,1,2024-12-10/2024-12-16,Tong Street,4.3,0.4
2024-12-15 02:00:00,2024-12-15,2,2024-12-10/2024-12-16,Tong Street,8.2,4.6
2024-12-15 03:00:00,2024-12-15,3,2024-12-10/2024-12-16,Tong Street,1.6,
2024-12-15 04:00:00,2024-12-15,4,2024-12-10/2024-12-16,Tong Street,3.2,0.8
2024-12-15 05:00:00,2024-12-15,5,2024-12-10/2024-12-16,Tong Street,4.3,3.2
2024-12-15 06:00:00,2024-12-15,6,2024-12-10/2024-12-16,Tong Street,1.1,0.1
2024-12-15 07:00:00,2024-12-15,7,2024-12-10/2024-12-16,Tong Street,0.6,
2024-12-15 08:00:00,2024-12-15,8,2024-12-10/2024-12-16,Tong Street,4.0,1.8
2024-12-15 09:00:00,2024-12-15,9,2024-12-10/2024-12-16,Tong Street,2.3,0.9
2024-12-15 10:00:00,2024-12-15,10,2024-12-10/2024-12-16,Tong Street,1.2,
2024-12-15 11:00:00,2024-12-15,11,2024-12-10/2024-12-16,Tong Street,4.0,2.6
2024-12-15 12:00:00,2024-12-15,12,2024-12-10/2024-12-16,Tong Street,2.8,1.9
2024-12-15 13:00:00,2024-12-15,13,2024-12-10/2024-12-16,Tong Street,1.3,
2024-12-15 14:00:00,2024-12-15,14,2024-12-10/2024-12-16,Tong Street,6.3,4.2
2024-12-15 15:00:00,2024-12-15,15,2024-12-10/2024-12-16,Tong Street,4.6,2.8
2024-12-15 16:00:00,2024-12-15,16,2024-12-10/2024-12-16,Tong Street,7.2,5.1
2024-12-15 17:00:00,2024-12-15,17,2024-12-10/2024-12-16,Tong Street,3.0,0.4
2024-12-15 18:00:00,2024-12-15,18,2024-12-10/2024-12-16,Tong Street,0.6,
2024-12-15 19:00:00,2024-12-15,19,2024-12-10/2024-12-16,Tong Street,5.1,1.0
2024-12-15 20:00:00,2024-12-15,20,2024-12-10/2024-12-16,Tong Street,6.0,2.9
2024-12-15 21:00:00,2024-12-15,21,2024-12-10/2024-12-16,Tong Street,6.9,4.9
2024-12-15 22:00:00,2024-12-15,22,2024-12-10/2024-12-16,Tong Street,7.7,5.8
2024-12-15 23:00:00,2024-12-15,23,2024-12-10/2024-12-16,Tong Street,3.0,0.4
2024-12-16 00:00:00,2024-12-16,0,2024-12-10/2024-12-16,Tong Street,7.9,6.2
2024-12-16 01:00:00,2024-12-16,1,2024-12-10/2024-12-16,Tong Street,5.8,4.2
2024-12-16 02:00:00,2024-12-16,2,2024-12-10/2024-12-16,Tong Street,3.3,0.8
2024-12-16 03:00:00,2024-12-16,3,2024-12-10/2024-12-16,Tong Street,4.1,2.2
2024-12-16 04:00:00,2024-12-16,4,2024-12-10/2024-12-16,Tong Street,2.5,0.3
2024-12-16 05:00:00,2024-12-16,5,2024-12-10/2024-12-16,Tong Street,8.7,6.3
2024-12-16 06:00:00,2024-12-16,6,2024-12-10/2024-12-16,Tong Street,5.7,3.1
2024-12-16 07:00:00,2024-12-16,7,2024-12-10/2024-12-16,Tong Street,8.8,6.1
2024-12-16 08:00:00,2024-12-16,8,2024-12-10/2024-12-16,Tong Street,5.7,2.7
2024-12-16 09:00:00,2024-12-16,9,2024-12-10/2024-12-16,Tong Street,3.5,
2024-12-16 10:00:00,2024-12-16,10,2024-12-10/2024-12-16,Tong Street,8.6,3.0
2024-12-16 11:00:00,2024-12-16,11,2024-12-10/2024-12-16,Tong Street,10.3,4.4
2024-12-16 12:00:00,2024-12-16,12,2024-12-10/2024-12-16,Tong Street,12.6,5.6
2024-12-16 13:00:00,2024-12-16,13,2024-12-10/2024-12-16,Tong Street,13.8,1.8
2024-12-16 14:00:00,2024-12-16,14,2024-12-10/2024-12-16,Tong Street,16.0,0.4
2024-12-16 15:00:00,2024-12-16,15,2024-12-10/2024-12-16,Tong Street,18.7,1.6
2024-12-16 16:00:00,2024-12-16,16,2024-12-10/2024-12-16,Tong Street,20.4,8.7
2024-12-16 17:00:00,2024-12-16,17,2024-12-10/2024-12-16,Tong Street,16.8,7.9
2024-12-16 18:00:00,2024-12-16,18,2024-12-10/2024-12-16,Tong Street,11.4,1.9
2024-12-16 19:00:00,2024-12-16,19,2024-12-10/2024-12-16,Tong Street,12.8,3.8
2024-12-16 20:00:00,2024-12-16,20,2024-12-10/2024-12-16,Tong Street,13.3,4.1
2024-12-16 21:00:00,2024-12-16,21,2024-12-10/2024-12-16,Tong Street,8.8,3.5
2024-12-16 22:00:00,2024-12-16,22,2024-12-10/2024-12-16,Tong Street,8.6,4.6
2024-12-16 23:00:00,2024-12-16,23,2024-12-10/2024-12-16,Tong Street,6.6,0.0
2024-12-17 00:00:00,2024-12-17,0,2024-12-17/2024-12-23,Tong Street,10.1,4.9
2024-12-17 01:00:00,2024-12-17,1,2024-12-17/2024-12-23,Tong Street,8.9,3.5
2024-12-17 02:00:00,2024-12-17,2,2024-12-17/2024-12-23,Tong Street,10.0,5.5
2024-12-17 03:00:00,2024-12-17,3,2024-12-17/2024-12-23,Tong Street,12.4,7.8
2024-12-17 04:00:00,2024-12-17,4,2024-12-17/2024-12-23,Tong Street,10.2,5.2
2024-12-17 05:00:00,2024-12-17,5,2024-12-17/2024-12-23,Tong Street,8.7,3.0
2024-12-17 06:00:00,2024-12-17,6,2024-12-17/2024-12-23,Tong Street,4.4,0.4
2024-12-17 07:00:00,2024-12-17,7,2024-12-17/2024-12-23,Tong Street,11.1,5.7
2024-12-17 08:00:00,2024-12-17,8,2024-12-17/2024-12-23,Tong Street,15.0,3.8
2024-12-17 09:00:00,2024-12-17,9,2024-12-17/2024-12-23,Tong Street,23.4,7.5
2024-12-17 10:00:00,2024-12-17,10,2024-12-17/2024-12-23,Tong Street,32.3,7.0
2024-12-17 11:00:00,2024-12-17,11,2024-12-17/2024-12-23,Tong Street,38.8,12.6
2024-12-17 12:00:00,2024-12-17,12,2024-12-17/2024-12-23,Tong Street,25.6,5.4
2024-12-17 13:00:00,2024-12-17,13,2024-12-17/2024-12-23,Tong Street,16.1,2.3
2024-12-17 14:00:00,2024-12-17,14,2024-12-17/2024-12-23,Tong Street,130.0,77.4
2024-12-17 15:00:00,2024-12-17,15,2024-12-17/2024-12-23,Tong Street,204.0,164.3
2024-12-17 16:00:00,2024-12-17,16,2024-12-17/2024-12-23,Tong Street,14.1,5.0
2024-12-17 17:00:00,2024-12-17,17,2024-12-17/2024-12-23,Tong Street,14.1,3.3
2024-12-17 18:00:00,2024-12-17,18,2024-12-17/2024-12-23,Tong Street,11.7,6.3
2024-12-17 19:00:00,2024-12-17,19,2024-12-17/2024-12-23,Tong Street,11.2,7.4
2024-12-17 20:00:00,2024-12-17,20,2024-12-17/2024-12-23,Tong Street,8.5,5.0
2024-12-17 21:00:00,2024-12-17,21,2024-12-17/2024-12-23,Tong Street,6.6,3.5
2024-12-17 22:00:00,2024-12-17,22,2024-12-17/2024-12-23,Tong Street,7.8,4.8
2024-12-17 23:00:00,2024-12-17,23,2024-12-17/2024-12-23,Tong Street,7.7,5.3
2024-12-18 00:00:00,2024-12-18,0,2024-12-17/2024-12-23,Tong Street,5.5,3.2
2024-12-18 01:00:00,2024-12-18,1,2024-12-17/2024-12-23,Tong Street,4.3,1.7
2024-12-18 02:00:00,2024-12-18,2,2024-12-17/2024-12-23,Tong Street,4.5,2.1
2024-12-18 03:00:00,2024-12-18,3,2024-12-17/2024-12-23,Tong Street,3.0,0.5
2024-12-18 04:00:00,2024-12-18,4,2024-12-17/2024-12-23,Tong Street,3.4,0.8
2024-12-18 05:00:00,2024-12-18,5,2024-12-17/2024-12-23,Tong Street,4.5,2.9
2024-12-18 06:00:00,2024-12-18,6,2024-12-17/2024-12-23,Tong Street,2.5,
2024-12-18 07:00:00,2024-12-18,7,2024-12-17/2024-12-23,Tong Street,,
2024-12-18 08:00:00,2024-12-18,8,2024-12-17/2024-12-23,Tong Street,6.2,4.5
2024-12-18 09:00:00,2024-12-18,9,2024-12-17/2024-12-23,Tong Street,6.8,3.7
2024-12-18 10:00:00,2024-12-18,10,2024-12-17/2024-12-23,Tong Street,2.3,
2024-12-18 11:00:00,2024-12-18,11,2024-12-17/2024-12-23,Tong Street,6.7,2.2
2024-12-18 12:00:00,2024-12-18,12,2024-12-17/2024-12-23,Tong Street,3.5,
2024-12-18 13:00:00,2024-12-18,13,2024-12-17/2024-12-23,Tong Street,8.7,3.7
2024-12-18 14:00:00,2024-12-18,14,2024-12-17/2024-12-23,Tong Street,11.6,6.4
2024-12-18 15:00:00,2024-12-18,15,2024-12-17/2024-12-23,Tong Street,12.4,4.9
2024-12-18 16:00:00,2024-12-18,16,2024-12-17/2024-12-23,Tong Street,14.2,2.5
2024-12-18 17:00:00,2024-12-18,17,2024-12-17/2024-12-23,Tong Street,11.3,1.3
2024-12-18 18:00:00,2024-12-18,18,2024-12-17/2024-12-23,Tong Street,9.4,
2024-12-18 19:00:00,2024-12-18,19,2024-12-17/2024-12-23,Tong Street,10.0,
2024-12-18 20:00:00,2024-12-18,20,2024-12-17/2024-12-23,Tong Street,17.0,3.3
2024-12-18 21:00:00,2024-12-18,21,2024-12-17/2024-12-23,Tong Street,15.5,10.2
2024-12-18 22:00:00,2024-12-18,22,2024-12-17/2024-12-23,Tong Street,9.9,6.7
2024-12-18 23:00:00,2024-12-18,23,2024-12-17/2024-12-23,Tong Street,7.3,4.3
2024-12-19 00:00:00,2024-12-19,0,2024-12-17/2024-12-23,Tong Street,2.8,
2024-12-19 01:00:00,2024-12-19,1,2024-12-17/2024-12-23,Tong Street,1.0,
2024-12-19 02:00:00,2024-12-19,2,2024-12-17/2024-12-23,Tong Street,,
2024-12-19 03:00:00,2024-12-19,3,2024-12-17/2024-12-23,Tong Street,,
2024-12-19 04:00:00,2024-12-19,4,2024-12-17/2024-12-23,Tong Street,1.3,
2024-12-19 05:00:00,2024-12-19,5,2024-12-17/2024-12-23,Tong Street,3.2,0.8
2024-12-19 06:00:00,2024-12-19,6,2024-12-17/2024-12-23,Tong Street,2.7,
2024-12-19 07:00:00,2024-12-19,7,2024-12-17/2024-12-23,Tong Street,2.5,
2024-12-19 08:00:00,2024-12-19,8,2024-12-17/2024-12-23,Tong Street,8.5,4.6
2024-12-19 09:00:00,2024-12-19,9,2024-12-17/2024-12-23,Tong Street,5.4,0.6
2024-12-19 10:00:00,2024-12-19,10,2024-12-17/2024-12-23,Tong Street,10.2,4.3
2024-12-19 11:00:00,2024-12-19,11,2024-12-17/2024-12-23,Tong Street,12.5,4.1
2024-12-19 12:00:00,2024-12-19,12,2024-12-17/2024-12-23,Tong Street,14.0,2.1
2024-12-19 13:00:00,2024-12-19,13,2024-12-17/2024-12-23,Tong Street,22.9,10.2
2024-12-19 14:00:00,2024-12-19,14,2024-12-17/2024-12-23,Tong Street,31.2,19.0
2024-12-19 15:00:00,2024-12-19,15,2024-12-17/2024-12-23,Tong Street,30.0,17.9
2024-12-19 16:00:00,2024-12-19,16,2024-12-17/2024-12-23,Tong Street,29.7,19.2
2024-12-19 17:00:00,2024-12-19,17,2024-12-17/2024-12-23,Tong Street,23.8,9.1
2024-12-19 18:00:00,2024-12-19,18,2024-12-17/2024-12-23,Tong Street,15.6,
2024-12-19 19:00:00,2024-12-19,19,2024-12-17/2024-12-23,Tong Street,20.3,8.5
2024-12-19 20:00:00,2024-12-19,20,2024-12-17/2024-12-23,Tong Street,17.9,7.3
2024-12-19 21:00:00,2024-12-19,21,2024-12-17/2024-12-23,Tong Street,14.3,4.6
2024-12-19 22:00:00,2024-12-19,22,2024-12-17/2024-12-23,Tong Street,9.8,2.5
2024-12-19 23:00:00,2024-12-19,23,2024-12-17/2024-12-23,Tong Street,11.0,2.6
2024-12-20 00:00:00,2024-12-20,0,2024-12-17/2024-12-23,Tong Street,11.0,2.3
2024-12-20 01:00:00,2024-12-20,1,2024-12-17/2024-12-23,Tong Street,7.5,
2024-12-20 02:00:00,2024-12-20,2,2024-12-17/2024-12-23,Tong Street,7.9,1.0
2024-12-20 03:00:00,2024-12-20,3,2024-12-17/2024-12-23,Tong Street,8.7,2.4
2024-12-20 04:00:00,2024-12-20,4,2024-12-17/2024-12-23,Tong Street,9.5,2.0
2024-12-20 05:00:00,2024-12-20,5,2024-12-17/2024-12-23,Tong Street,10.5,4.4
2024-12-20 06:00:00,2024-12-20,6,2024-12-17/2024-12-23,Tong Street,8.0,1.6
2024-12-20 07:00:00,2024-12-20,7,2024-12-17/2024-12-23,Tong Street,7.8,2.1
2024-12-20 08:00:00,2024-12-20,8,2024-12-17/2024-12-23,Tong Street,10.3,2.8
2024-12-20 09:00:00,2024-12-20,9,2024-12-17/2024-12-23,Tong Street,19.6,9.5
2024-12-20 10:00:00,2024-12-20,10,2024-12-17/2024-12-23,Tong Street,17.3,8.6
2024-12-20 11:00:00,2024-12-20,11,2024-12-17/2024-12-23,Tong Street,11.7,1.8
2024-12-20 12:00:00,2024-12-20,12,2024-12-17/2024-12-23,Tong Street,6.5,
2024-12-20 13:00:00,2024-12-20,13,2024-12-17/2024-12-23,Tong Street,11.4,5.9
2024-12-20 14:00:00,2024-12-20,14,2024-12-17/2024-12-23,Tong Street,10.7,6.0
2024-12-20 15:00:00,2024-12-20,15,2024-12-17/2024-12-23,Tong Street,6.6,4.3
2024-12-20 16:00:00,2024-12-20,16,2024-12-17/2024-12-23,Tong Street,5.4,3.5
2024-12-20 17:00:00,2024-12-20,17,2024-12-17/2024-12-23,Tong Street,2.5,
2024-12-20 18:00:00,2024-12-20,18,2024-12-17/2024-12-23,Tong Street,8.0,1.7
2024-12-20 19:00:00,2024-12-20,19,2024-12-17/2024-12-23,Tong Street,12.2,5.4
2024-12-20 20:00:00,2024-12-20,20,2024-12-17/2024-12-23,Tong Street,11.0,3.8
2024-12-20 21:00:00,2024-12-20,21,2024-12-17/2024-12-23,Tong Street,11.7,4.5
2024-12-20 22:00:00,2024-12-20,22,2024-12-17/2024-12-23,Tong Street,12.2,4.8
2024-12-20 23:00:00,2024-12-20,23,2024-12-17/2024-12-23,Tong Street,12.7,5.9
2024-12-21 00:00:00,2024-12-21,0,2024-12-17/2024-12-23,Tong Street,13.4,5.9
2024-12-21 01:00:00,2024-12-21,1,2024-12-17/2024-12-23,Tong Street,11.1,3.0
2024-12-21 02:00:00,2024-12-21,2,2024-12-17/2024-12-23,Tong Street,9.1,0.7
2024-12-21 03:00:00,2024-12-21,3,2024-12-17/2024-12-23,Tong Street,8.9,0.7
2024-12-21 04:00:00,2024-12-21,4,2024-12-17/2024-12-23,Tong Street,13.6,7.0
2024-12-21 05:00:00,2024-12-21,5,2024-12-17/2024-12-23,Tong Street,9.0,3.8
2024-12-21 06:00:00,2024-12-21,6,2024-12-17/2024-12-23,Tong Street,11.1,7.3
2024-12-21 07:00:00,2024-12-21,7,2024-12-17/2024-12-23,Tong Street,4.3,1.0
2024-12-21 08:00:00,2024-12-21,8,2024-12-17/2024-12-23,Tong Street,1.4,
2024-12-21 09:00:00,2024-12-21,9,2024-12-17/2024-12-23,Tong Street,1.0,
2024-12-21 10:00:00,2024-12-21,10,2024-12-17/2024-12-23,Tong Street,7.5,5.1
2024-12-21 11:00:00,2024-12-21,11,2024-12-17/2024-12-23,Tong Street,4.6,1.0
2024-12-21 12:00:00,2024-12-21,12,2024-12-17/2024-12-23,Tong Street,2.2,
2024-12-21 13:00:00,2024-12-21,13,2024-12-17/2024-12-23,Tong Street,15.0,6.8
2024-12-21 14:00:00,2024-12-21,14,2024-12-17/2024-12-23,Tong Street,38.4,29.9
2024-12-21 15:00:00,2024-12-21,15,2024-12-17/2024-12-23,Tong Street,12.4,1.6
2024-12-21 16:00:00,2024-12-21,16,2024-12-17/2024-12-23,Tong Street,14.6,3.8
2024-12-21 17:00:00,2024-12-21,17,2024-12-17/2024-12-23,Tong Street,12.4,2.0
2024-12-21 18:00:00,2024-12-21,18,2024-12-17/2024-12-23,Tong Street,8.5,1.8
2024-12-21 19:00:00,2024-12-21,19,2024-12-17/2024-12-23,Tong Street,7.7,0.5
2024-12-21 20:00:00,2024-12-21,20,2024-12-17/2024-12-23,Tong Street,4.0,
2024-12-21 21:00:00,2024-12-21,21,2024-12-17/2024-12-23,Tong Street,7.3,2.1
2024-12-21 22:00:00,2024-12-21,22,2024-12-17/2024-12-23,Tong Street,8.6,3.2
2024-12-21 23:00:00,2024-12-21,23,2024-12-17/2024-12-23,Tong Street,8.2,0.5
2024-12-22 00:00:00,2024-12-22,0,2024-12-17/2024-12-23,Tong Street,13.0,4.9
2024-12-22 01:00:00,2024-12-22,1,2024-12-17/2024-12-23,Tong Street,10.5,3.1
2024-12-22 02:00:00,2024-12-22,2,2024-12-17/2024-12-23,Tong Street,9.6,4.3
2024-12-22 03:00:00,2024-12-22,3,2024-12-17/2024-12-23,Tong Street,4.9,
2024-12-22 04:00:00,2024-12-22,4,2024-12-17/2024-12-23,Tong Street,7.9,3.8
2024-12-22 05:00:00,2024-12-22,5,2024-12-17/2024-12-23,Tong Street,5.9,1.9
2024-12-22 06:00:00,2024-12-22,6,2024-12-17/2024-12-23,Tong Street,2.0,
2024-12-22 07:00:00,2024-12-22,7,2024-12-17/2024-12-23,Tong Street,9.6,1.7
2024-12-22 08:00:00,2024-12-22,8,2024-12-17/2024-12-23,Tong Street,4.8,
2024-12-22 09:00:00,2024-12-22,9,2024-12-17/2024-12-23,Tong Street,1.5,
2024-12-22 10:00:00,2024-12-22,10,2024-12-17/2024-12-23,Tong Street,6.3,2.1
2024-12-22 11:00:00,2024-12-22,11,2024-12-17/2024-12-23,Tong Street,6.0,2.1
2024-12-22 12:00:00,2024-12-22,12,2024-12-17/2024-12-23,Tong Street,6.8,3.7
2024-12-22 13:00:00,2024-12-22,13,2024-12-17/2024-12-23,Tong Street,3.7,1.6
2024-12-22 14:00:00,2024-12-22,14,2024-12-17/2024-12-23,Tong Street,0.1,
2024-12-22 15:00:00,2024-12-22,15,2024-12-17/2024-12-23,Tong Street,6.9,1.1
2024-12-22 16:00:00,2024-12-22,16,2024-12-17/2024-12-23,Tong Street,6.9,0.4
2024-12-22 17:00:00,2024-12-22,17,2024-12-17/2024-12-23,Tong Street,17.8,7.1
2024-12-22 18:00:00,2024-12-22,18,2024-12-17/2024-12-23,Tong Street,26.2,11.9
2024-12-22 19:00:00,2024-12-22,19,2024-12-17/2024-12-23,Tong Street,22.1,5.6
2024-12-22 20:00:00,2024-12-22,20,2024-12-17/2024-12-23,Tong Street,17.3,1.9
2024-12-22 21:00:00,2024-12-22,21,2024-12-17/2024-12-23,Tong Street,21.0,5.4
2024-12-22 22:00:00,2024-12-22,22,2024-12-17/2024-12-23,Tong Street,21.7,4.3
2024-12-22 23:00:00,2024-12-22,23,2024-12-17/2024-12-23,Tong Street,19.5,4.1
2024-12-23 00:00:00,2024-12-23,0,2024-12-17/2024-12-23,Tong Street,20.5,7.1
2024-12-23 01:00:00,2024-12-23,1,2024-12-17/2024-12-23,Tong Street,15.8,3.7
2024-12-23 02:00:00,2024-12-23,2,2024-12-17/2024-12-23,Tong Street,17.9,7.2
2024-12-23 03:00:00,2024-12-23,3,2024-12-17/2024-12-23,Tong Street,14.7,4.2
2024-12-23 04:00:00,2024-12-23,4,2024-12-17/2024-12-23,Tong Street,16.0,5.4
2024-12-23 05:00:00,2024-12-23,5,2024-12-17/2024-12-23,Tong Street,14.1,3.7
2024-12-23 06:00:00,2024-12-23,6,2024-12-17/2024-12-23,Tong Street,13.4,3.8
2024-12-23 07:00:00,2024-12-23,7,2024-12-17/2024-12-23,Tong Street,10.7,1.4
2024-12-23 08:00:00,2024-12-23,8,2024-12-17/2024-12-23,Tong Street,16.4,6.7
2024-12-23 09:00:00,2024-12-23,9,2024-12-17/2024-12-23,Tong Street,38.9,6.0
2024-12-23 10:00:00,2024-12-23,10,2024-12-17/2024-12-23,Tong Street,52.1,12.1
2024-12-23 11:00:00,2024-12-23,11,2024-12-17/2024-12-23,Tong Street,43.7,6.8
2024-12-23 12:00:00,2024-12-23,12,2024-12-17/2024-12-23,Tong Street,32.0,10.2
2024-12-23 13:00:00,2024-12-23,13,2024-12-17/2024-12-23,Tong Street,25.6,17.3
2024-12-23 14:00:00,2024-12-23,14,2024-12-17/2024-12-23,Tong Street,22.6,17.1
2024-12-23 15:00:00,2024-12-23,15,2024-12-17/2024-12-23,Tong Street,24.4,17.2
2024-12-23 16:00:00,2024-12-23,16,2024-12-17/2024-12-23,Tong Street,19.0,14.3
2024-12-23 17:00:00,2024-12-23,17,2024-12-17/2024-12-23,Tong Street,7.0,3.1
2024-12-23 18:00:00,2024-12-23,18,2024-12-17/2024-12-23,Tong Street,9.5,6.6
2024-12-23 19:00:00,2024-12-23,19,2024-12-17/2024-12-23,Tong Street,10.0,7.1
2024-12-23 20:00:00,2024-12-23,20,2024-12-17/2024-12-23,Tong Street,11.0,8.7
2024-12-23 21:00:00,2024-12-23,21,2024-12-17/2024-12-23,Tong Street,18.1,16.4
2024-12-23 22:00:00,2024-12-23,22,2024-12-17/2024-12-23,Tong Street,6.0,3.6
2024-12-23 23:00:00,2024-12-23,23,2024-12-17/2024-12-23,Tong Street,6.5,5.3
2024-12-24 00:00:00,2024-12-24,0,2024-12-24/2024-12-30,Tong Street,6.0,5.2
2024-12-24 01:00:00,2024-12-24,1,2024-12-24/2024-12-30,Tong Street,4.6,3.7
2024-12-24 02:00:00,2024-12-24,2,2024-12-24/2024-12-30,Tong Street,1.2,
2024-12-24 03:00:00,2024-12-24,3,2024-12-24/2024-12-30,Tong Street,,
2024-12-24 04:00:00,2024-12-24,4,2024-12-24/2024-12-30,Tong Street,4.1,5.5
2024-12-24 05:00:00,2024-12-24,5,2024-12-24/2024-12-30,Tong Street,3.2,1.4
2024-12-24 06:00:00,2024-12-24,6,2024-12-24/2024-12-30,Tong Street,2.2,
2024-12-24 07:00:00,2024-12-24,7,2024-12-24/2024-12-30,Tong Street,5.0,2.9
2024-12-24 08:00:00,2024-12-24,8,2024-12-24/2024-12-30,Tong Street,3.1,1.1
2024-12-24 09:00:00,2024-12-24,9,2024-12-24/2024-12-30,Tong Street,4.0,0.9
2024-12-24 10:00:00,2024-12-24,10,2024-12-24/2024-12-30,Tong Street,1.6,
2024-12-24 11:00:00,2024-12-24,11,2024-12-24/2024-12-30,Tong Street,2.8,0.2
2024-12-24 12:00:00,2024-12-24,12,2024-12-24/2024-12-30,Tong Street,9.9,9.1
2024-12-24 13:00:00,2024-12-24,13,2024-12-24/2024-12-30,Tong Street,4.1,1.4
2024-12-24 14:00:00,2024-12-24,14,2024-12-24/2024-12-30,Tong Street,0.8,
2024-12-24 15:00:00,2024-12-24,15,2024-12-24/2024-12-30,Tong Street,,
2024-12-24 16:00:00,2024-12-24,16,2024-12-24/2024-12-30,Tong Street,6.1,3.7
2024-12-24 17:00:00,2024-12-24,17,2024-12-24/2024-12-30,Tong Street,1.9,
2024-12-24 18:00:00,2024-12-24,18,2024-12-24/2024-12-30,Tong Street,6.6,3.5
2024-12-24 19:00:00,2024-12-24,19,2024-12-24/2024-12-30,Tong Street,4.8,2.0
2024-12-24 20:00:00,2024-12-24,20,2024-12-24/2024-12-30,Tong Street,7.5,6.1
2024-12-24 21:00:00,2024-12-24,21,2024-12-24/2024-12-30,Tong Street,5.0,1.6
2024-12-24 22:00:00,2024-12-24,22,2024-12-24/2024-12-30,Tong Street,7.3,5.5
2024-12-24 23:00:00,2024-12-24,23,2024-12-24/2024-12-30,Tong Street,4.1,1.5
2024-12-25 00:00:00,2024-12-25,0,2024-12-24/2024-12-30,Tong Street,6.8,4.4
2024-12-25 01:00:00,2024-12-25,1,2024-12-24/2024-12-30,Tong Street,12.1,10.6
2024-12-25 02:00:00,2024-12-25,2,2024-12-24/2024-12-30,Tong Street,5.3,3.1
2024-12-25 03:00:00,2024-12-25,3,2024-12-24/2024-12-30,Tong Street,2.0,
2024-12-25 04:00:00,2024-12-25,4,2024-12-24/2024-12-30,Tong Street,3.5,0.9
2024-12-25 05:00:00,2024-12-25,5,2024-12-24/2024-12-30,Tong Street,5.5,3.3
2024-12-25 06:00:00,2024-12-25,6,2024-12-24/2024-12-30,Tong Street,1.6,
2024-12-25 07:00:00,2024-12-25,7,2024-12-24/2024-12-30,Tong Street,1.8,
2024-12-25 08:00:00,2024-12-25,8,2024-12-24/2024-12-30,Tong Street,2.8,0.9
2024-12-25 09:00:00,2024-12-25,9,2024-12-24/2024-12-30,Tong Street,1.9,0.2
2024-12-25 10:00:00,2024-12-25,10,2024-12-24/2024-12-30,Tong Street,2.5,0.7
2024-12-25 11:00:00,2024-12-25,11,2024-12-24/2024-12-30,Tong Street,5.6,3.8
2024-12-25 12:00:00,2024-12-25,12,2024-12-24/2024-12-30,Tong Street,7.9,6.0
2024-12-25 13:00:00,2024-12-25,13,2024-12-24/2024-12-30,Tong Street,9.2,7.9
2024-12-25 14:00:00,2024-12-25,14,2024-12-24/2024-12-30,Tong Street,3.8,2.1
2024-12-25 15:00:00,2024-12-25,15,2024-12-24/2024-12-30,Tong Street,3.8,1.1
2024-12-25 16:00:00,2024-12-25,16,2024-12-24/2024-12-30,Tong Street,4.6,2.9
2024-12-25 17:00:00,2024-12-25,17,2024-12-24/2024-12-30,Tong Street,6.5,3.8
2024-12-25 18:00:00,2024-12-25,18,2024-12-24/2024-12-30,Tong Street,5.2,2.7
2024-12-25 19:00:00,2024-12-25,19,2024-12-24/2024-12-30,Tong Street,8.4,6.4
2024-12-25 20:00:00,2024-12-25,20,2024-12-24/2024-12-30,Tong Street,0.3,
2024-12-25 21:00:00,2024-12-25,21,2024-12-24/2024-12-30,Tong Street,1.7,
2024-12-25 22:00:00,2024-12-25,22,2024-12-24/2024-12-30,Tong Street,6.1,4.3
2024-12-25 23:00:00,2024-12-25,23,2024-12-24/2024-12-30,Tong Street,7.5,5.3
2024-12-26 00:00:00,2024-12-26,0,2024-12-24/2024-12-30,Tong Street,7.2,5.3
2024-12-26 01:00:00,2024-12-26,1,2024-12-24/2024-12-30,Tong Street,9.6,8.1
2024-12-26 02:00:00,2024-12-26,2,2024-12-24/2024-12-30,Tong Street,15.9,14.8
2024-12-26 03:00:00,2024-12-26,3,2024-12-24/2024-12-30,Tong Street,12.8,11.2
2024-12-26 04:00:00,2024-12-26,4,2024-12-24/2024-12-30,Tong Street,9.5,8.0
2024-12-26 05:00:00,2024-12-26,5,2024-12-24/2024-12-30,Tong Street,6.0,4.2
2024-12-26 06:00:00,2024-12-26,6,2024-12-24/2024-12-30,Tong Street,10.2,9.4
2024-12-26 07:00:00,2024-12-26,7,2024-12-24/2024-12-30,Tong Street,9.4,8.2
2024-12-26 08:00:00,2024-12-26,8,2024-12-24/2024-12-30,Tong Street,8.6,6.5
2024-12-26 09:00:00,2024-12-26,9,2024-12-24/2024-12-30,Tong Street,13.5,10.0
2024-12-26 10:00:00,2024-12-26,10,2024-12-24/2024-12-30,Tong Street,17.2,15.1
2024-12-26 11:00:00,2024-12-26,11,2024-12-24/2024-12-30,Tong Street,15.1,14.1
2024-12-26 12:00:00,2024-12-26,12,2024-12-24/2024-12-30,Tong Street,11.8,10.4
2024-12-26 13:00:00,2024-12-26,13,2024-12-24/2024-12-30,Tong Street,11.9,10.9
2024-12-26 14:00:00,2024-12-26,14,2024-12-24/2024-12-30,Tong Street,15.5,13.6
2024-12-26 15:00:00,2024-12-26,15,2024-12-24/2024-12-30,Tong Street,11.4,8.8
2024-12-26 16:00:00,2024-12-26,16,2024-12-24/2024-12-30,Tong Street,10.0,7.9
2024-12-26 17:00:00,2024-12-26,17,2024-12-24/2024-12-30,Tong Street,15.6,13.9
2024-12-26 18:00:00,2024-12-26,18,2024-12-24/2024-12-30,Tong Street,13.6,11.7
2024-12-26 19:00:00,2024-12-26,19,2024-12-24/2024-12-30,Tong Street,15.7,14.0
2024-12-26 20:00:00,2024-12-26,20,2024-12-24/2024-12-30,Tong Street,12.2,9.9
2024-12-26 21:00:00,2024-12-26,21,2024-12-24/2024-12-30,Tong Street,11.7,9.3
2024-12-26 22:00:00,2024-12-26,22,2024-12-24/2024-12-30,Tong Street,9.5,7.4
2024-12-26 23:00:00,2024-12-26,23,2024-12-24/2024-12-30,Tong Street,13.5,12.0
2024-12-27 00:00:00,2024-12-27,0,2024-12-24/2024-12-30,Tong Street,11.4,10.3
2024-12-27 01:00:00,2024-12-27,1,2024-12-24/2024-12-30,Tong Street,13.8,12.0
2024-12-27 02:00:00,2024-12-27,2,2024-12-24/2024-12-30,Tong Street,18.5,17.4
2024-12-27 03:00:00,2024-12-27,3,2024-12-24/2024-12-30,Tong Street,14.4,13.9
2024-12-27 04:00:00,2024-12-27,4,2024-12-24/2024-12-30,Tong Street,5.4,4.0
2024-12-27 05:00:00,2024-12-27,5,2024-12-24/2024-12-30,Tong Street,9.6,8.6
2024-12-27 06:00:00,2024-12-27,6,2024-12-24/2024-12-30,Tong Street,6.1,4.3
2024-12-27 07:00:00,2024-12-27,7,2024-12-24/2024-12-30,Tong Street,8.4,7.0
2024-12-27 08:00:00,2024-12-27,8,2024-12-24/2024-12-30,Tong Street,9.0,7.2
2024-12-27 09:00:00,2024-12-27,9,2024-12-24/2024-12-30,Tong Street,7.2,5.0
2024-12-27 10:00:00,2024-12-27,10,2024-12-24/2024-12-30,Tong Street,3.8,1.4
2024-12-27 11:00:00,2024-12-27,11,2024-12-24/2024-12-30,Tong Street,9.5,8.1
2024-12-27 12:00:00,2024-12-27,12,2024-12-24/2024-12-30,Tong Street,,
2024-12-27 13:00:00,2024-12-27,13,2024-12-24/2024-12-30,Tong Street,9.0,6.4
2024-12-27 14:00:00,2024-12-27,14,2024-12-24/2024-12-30,Tong Street,15.8,13.6
2024-12-27 15:00:00,2024-12-27,15,2024-12-24/2024-12-30,Tong Street,14.9,12.8
2024-12-27 16:00:00,2024-12-27,16,2024-12-24/2024-12-30,Tong Street,14.1,11.9
2024-12-27 17:00:00,2024-12-27,17,2024-12-24/2024-12-30,Tong Street,17.2,14.5
2024-12-27 18:00:00,2024-12-27,18,2024-12-24/2024-12-30,Tong Street,17.1,14.8
2024-12-27 19:00:00,2024-12-27,19,2024-12-24/2024-12-30,Tong Street,15.0,12.8
2024-12-27 20:00:00,2024-12-27,20,2024-12-24/2024-12-30,Tong Street,11.2,9.2
2024-12-27 21:00:00,2024-12-27,21,2024-12-24/2024-12-30,Tong Street,10.6,9.5
2024-12-27 22:00:00,2024-12-27,22,2024-12-24/2024-12-30,Tong Street,,
2024-12-27 23:00:00,2024-12-27,23,2024-12-24/2024-12-30,Tong Street,,
2024-12-28 00:00:00,2024-12-28,0,2024-12-24/2024-12-30,Tong Street,,
2024-12-28 01:00:00,2024-12-28,1,2024-12-24/2024-12-30,Tong Street,,
2024-12-28 02:00:00,2024-12-28,2,2024-12-24/2024-12-30,Tong Street,,
2024-12-28 03:00:00,2024-12-28,3,2024-12-24/2024-12-30,Tong Street,,
2024-12-28 04:00:00,2024-12-28,4,2024-12-24/2024-12-30,Tong Street,,
2024-12-28 05:00:00,2024-12-28,5,2024-12-24/2024-12-30,Tong Street,,
2024-12-28 06:00:00,2024-12-28,6,2024-12-24/2024-12-30,Tong Street,,0.0
2024-12-28 07:00:00,2024-12-28,7,2024-12-24/2024-12-30,Tong Street,3.9,2.5
2024-12-28 08:00:00,2024-12-28,8,2024-12-24/2024-12-30,Tong Street,6.8,5.3
2024-12-28 09:00:00,2024-12-28,9,2024-12-24/2024-12-30,Tong Street,4.4,2.9
2024-12-28 10:00:00,2024-12-28,10,2024-12-24/2024-12-30,Tong Street,7.3,5.3
2024-12-28 11:00:00,2024-12-28,11,2024-12-24/2024-12-30,Tong Street,8.7,6.2
2024-12-28 12:00:00,2024-12-28,12,2024-12-24/2024-12-30,Tong Street,15.3,13.5
2024-12-28 13:00:00,2024-12-28,13,2024-12-24/2024-12-30,Tong Street,9.2,6.9
2024-12-28 14:00:00,2024-12-28,14,2024-12-24/2024-12-30,Tong Street,5.4,3.0
2024-12-28 15:00:00,2024-12-28,15,2024-12-24/2024-12-30,Tong Street,7.9,5.0
2024-12-28 16:00:00,2024-12-28,16,2024-12-24/2024-12-30,Tong Street,14.3,12.6
2024-12-28 17:00:00,2024-12-28,17,2024-12-24/2024-12-30,Tong Street,13.7,11.5
2024-12-28 18:00:00,2024-12-28,18,2024-12-24/2024-12-30,Tong Street,20.0,17.4
2024-12-28 19:00:00,2024-12-28,19,2024-12-24/2024-12-30,Tong Street,18.2,16.2
2024-12-28 20:00:00,2024-12-28,20,2024-12-24/2024-12-30,Tong Street,9.4,7.4
2024-12-28 21:00:00,2024-12-28,21,2024-12-24/2024-12-30,Tong Street,8.1,6.4
2024-12-28 22:00:00,2024-12-28,22,2024-12-24/2024-12-30,Tong Street,8.4,6.8
2024-12-28 23:00:00,2024-12-28,23,2024-12-24/2024-12-30,Tong Street,8.2,6.4
2024-12-29 00:00:00,2024-12-29,0,2024-12-24/2024-12-30,Tong Street,1.4,
2024-12-29 01:00:00,2024-12-29,1,2024-12-24/2024-12-30,Tong Street,2.1,0.2
2024-12-29 02:00:00,2024-12-29,2,2024-12-24/2024-12-30,Tong Street,4.0,1.9
2024-12-29 03:00:00,2024-12-29,3,2024-12-24/2024-12-30,Tong Street,3.8,2.2
2024-12-29 04:00:00,2024-12-29,4,2024-12-24/2024-12-30,Tong Street,3.4,1.0
2024-12-29 05:00:00,2024-12-29,5,2024-12-24/2024-12-30,Tong Street,4.8,2.9
2024-12-29 06:00:00,2024-12-29,6,2024-12-24/2024-12-30,Tong Street,7.0,4.5
2024-12-29 07:00:00,2024-12-29,7,2024-12-24/2024-12-30,Tong Street,7.0,2.9
2024-12-29 08:00:00,2024-12-29,8,2024-12-24/2024-12-30,Tong Street,,
2024-12-29 09:00:00,2024-12-29,9,2024-12-24/2024-12-30,Tong Street,,
2024-12-29 10:00:00,2024-12-29,10,2024-12-24/2024-12-30,Tong Street,,
2024-12-29 11:00:00,2024-12-29,11,2024-12-24/2024-12-30,Tong Street,,
2024-12-29 12:00:00,2024-12-29,12,2024-12-24/2024-12-30,Tong Street,,
2024-12-29 13:00:00,2024-12-29,13,2024-12-24/2024-12-30,Tong Street,,
2024-12-29 14:00:00,2024-12-29,14,2024-12-24/2024-12-30,Tong Street,,
2024-12-29 15:00:00,2024-12-29,15,2024-12-24/2024-12-30,Tong Street,,
2024-12-29 16:00:00,2024-12-29,16,2024-12-24/2024-12-30,Tong Street,,
2024-12-29 17:00:00,2024-12-29,17,2024-12-24/2024-12-30,Tong Street,,
2024-12-29 18:00:00,2024-12-29,18,2024-12-24/2024-12-30,Tong Street,,
2024-12-29 19:00:00,2024-12-29,19,2024-12-24/2024-12-30,Tong Street,,
2024-12-29 20:00:00,2024-12-29,20,2024-12-24/2024-12-30,Tong Street,,
2024-12-29 21:00:00,2024-12-29,21,2024-12-24/2024-12-30,Tong Street,,
2024-12-29 22:00:00,2024-12-29,22,2024-12-24/2024-12-30,Tong Street,,
2024-12-29 23:00:00,2024-12-29,23,2024-12-24/2024-12-30,Tong Street,,
2024-12-30 00:00:00,2024-12-30,0,2024-12-24/2024-12-30,Tong Street,,
2024-12-30 01:00:00,2024-12-30,1,2024-12-24/2024-12-30,Tong Street,,
2024-12-30 02:00:00,2024-12-30,2,2024-12-24/2024-12-30,Tong Street,,
2024-12-30 03:00:00,2024-12-30,3,2024-12-24/2024-12-30,Tong Street,,
2024-12-30 04:00:00,2024-12-30,4,2024-12-24/2024-12-30,Tong Street,,
2024-12-30 05:00:00,2024-12-30,5,2024-12-24/2024-12-30,Tong Street,,
2024-12-30 06:00:00,2024-12-30,6,2024-12-24/2024-12-30,Tong Street,,
2024-12-30 07:00:00,2024-12-30,7,2024-12-24/2024-12-30,Tong Street,,
2024-12-30 08:00:00,2024-12-30,8,2024-12-24/2024-12-30,Tong Street,,
2024-12-30 09:00:00,2024-12-30,9,2024-12-24/2024-12-30,Tong Street,,
2024-12-30 10:00:00,2024-12-30,10,2024-12-24/2024-12-30,Tong Street,,
2024-12-30 11:00:00,2024-12-30,11,2024-12-24/2024-12-30,Tong Street,6.4,2.3
2024-12-30 12:00:00,2024-12-30,12,2024-12-24/2024-12-30,Tong Street,8.9,4.0
2024-12-30 13:00:00,2024-12-30,13,2024-12-24/2024-12-30,Tong Street,9.5,4.3
2024-12-30 14:00:00,2024-12-30,14,2024-12-24/2024-12-30,Tong Street,7.3,
2024-12-30 15:00:00,2024-12-30,15,2024-12-24/2024-12-30,Tong Street,7.7,0.3
2024-12-30 16:00:00,2024-12-30,16,2024-12-24/2024-12-30,Tong Street,4.6,
2024-12-30 17:00:00,2024-12-30,17,2024-12-24/2024-12-30,Tong Street,4.1,
2024-12-30 18:00:00,2024-12-30,18,2024-12-24/2024-12-30,Tong Street,11.3,4.1
2024-12-30 19:00:00,2024-12-30,19,2024-12-24/2024-12-30,Tong Street,9.5,3.3
2024-12-30 20:00:00,2024-12-30,20,2024-12-24/2024-12-30,Tong Street,5.7,2.0
2024-12-30 21:00:00,2024-12-30,21,2024-12-24/2024-12-30,Tong Street,4.3,2.0
2024-12-30 22:00:00,2024-12-30,22,2024-12-24/2024-12-30,Tong Street,4.2,2.1
2024-12-30 23:00:00,2024-12-30,23,2024-12-24/2024-12-30,Tong Street,4.1,2.3
2024-12-31 00:00:00,2024-12-31,0,2024-12-31/2025-01-06,Tong Street,0.2,
2024-12-31 01:00:00,2024-12-31,1,2024-12-31/2025-01-06,Tong Street,,
2024-12-31 02:00:00,2024-12-31,2,2024-12-31/2025-01-06,Tong Street,3.4,1.9
2024-12-31 03:00:00,2024-12-31,3,2024-12-31/2025-01-06,Tong Street,2.9,0.8
2024-12-31 04:00:00,2024-12-31,4,2024-12-31/2025-01-06,Tong Street,1.4,
2024-12-31 05:00:00,2024-12-31,5,2024-12-31/2025-01-06,Tong Street,0.7,
2024-12-31 06:00:00,2024-12-31,6,2024-12-31/2025-01-06,Tong Street,,
2024-12-31 07:00:00,2024-12-31,7,2024-12-31/2025-01-06,Tong Street,4.9,3.7
2024-12-31 08:00:00,2024-12-31,8,2024-12-31/2025-01-06,Tong Street,4.6,3.4
2024-12-31 09:00:00,2024-12-31,9,2024-12-31/2025-01-06,Tong Street,4.7,2.4
2024-12-31 10:00:00,2024-12-31,10,2024-12-31/2025-01-06,Tong Street,4.5,
2024-12-31 11:00:00,2024-12-31,11,2024-12-31/2025-01-06,Tong Street,4.8,
2024-12-31 12:00:00,2024-12-31,12,2024-12-31/2025-01-06,Tong Street,6.0,
2024-12-31 13:00:00,2024-12-31,13,2024-12-31/2025-01-06,Tong Street,12.7,2.8
2024-12-31 14:00:00,2024-12-31,14,2024-12-31/2025-01-06,Tong Street,9.0,3.0
2024-12-31 15:00:00,2024-12-31,15,2024-12-31/2025-01-06,Tong Street,7.2,3.1
2024-12-31 16:00:00,2024-12-31,16,2024-12-31/2025-01-06,Tong Street,9.5,5.4
2024-12-31 17:00:00,2024-12-31,17,2024-12-31/2025-01-06,Tong Street,6.2,3.6
2024-12-31 18:00:00,2024-12-31,18,2024-12-31/2025-01-06,Tong Street,5.5,3.4
2024-12-31 19:00:00,2024-12-31,19,2024-12-31/2025-01-06,Tong Street,3.1,
2024-12-31 20:00:00,2024-12-31,20,2024-12-31/2025-01-06,Tong Street,2.2,
2024-12-31 21:00:00,2024-12-31,21,2024-12-31/2025-01-06,Tong Street,4.3,1.9
2024-12-31 22:00:00,2024-12-31,22,2024-12-31/2025-01-06,Tong Street,3.3,0.8
2024-12-31 23:00:00,2024-12-31,23,2024-12-31/2025-01-06,Tong Street,4.8,3.5
2025-01-01 00:00:00,2025-01-01,0,2024-12-31/2025-01-06,Tong Street,1.8,0.3
2025-01-01 01:00:00,2025-01-01,1,2024-12-31/2025-01-06,Tong Street,4.4,2.8
2025-01-01 02:00:00,2025-01-01,2,2024-12-31/2025-01-06,Tong Street,1.8,
2025-01-01 03:00:00,2025-01-01,3,2024-12-31/2025-01-06,Tong Street,1.5,
2025-01-01 04:00:00,2025-01-01,4,2024-12-31/2025-01-06,Tong Street,2.8,0.9
2025-01-01 05:00:00,2025-01-01,5,2024-12-31/2025-01-06,Tong Street,7.4,6.1
2025-01-01 06:00:00,2025-01-01,6,2024-12-31/2025-01-06,Tong Street,2.2,0.5
2025-01-01 07:00:00,2025-01-01,7,2024-12-31/2025-01-06,Tong Street,1.7,
2025-01-01 08:00:00,2025-01-01,8,2024-12-31/2025-01-06,Tong Street,1.5,
2025-01-01 09:00:00,2025-01-01,9,2024-12-31/2025-01-06,Tong Street,,
2025-01-01 10:00:00,2025-01-01,10,2024-12-31/2025-01-06,Tong Street,,
2025-01-01 11:00:00,2025-01-01,11,2024-12-31/2025-01-06,Tong Street,6.1,2.7
2025-01-01 12:00:00,2025-01-01,12,2024-12-31/2025-01-06,Tong Street,5.6,2.0
2025-01-01 13:00:00,2025-01-01,13,2024-12-31/2025-01-06,Tong Street,4.7,1.3
2025-01-01 14:00:00,2025-01-01,14,2024-12-31/2025-01-06,Tong Street,3.3,0.4
2025-01-01 15:00:00,2025-01-01,15,2024-12-31/2025-01-06,Tong Street,4.9,1.5
2025-01-01 16:00:00,2025-01-01,16,2024-12-31/2025-01-06,Tong Street,7.9,4.4
2025-01-01 17:00:00,2025-01-01,17,2024-12-31/2025-01-06,Tong Street,1.5,
2025-01-01 18:00:00,2025-01-01,18,2024-12-31/2025-01-06,Tong Street,,
2025-01-01 19:00:00,2025-01-01,19,2024-12-31/2025-01-06,Tong Street,,
2025-01-01 20:00:00,2025-01-01,20,2024-12-31/2025-01-06,Tong Street,10.6,8.1
2025-01-01 21:00:00,2025-01-01,21,2024-12-31/2025-01-06,Tong Street,10.1,5.2
2025-01-01 22:00:00,2025-01-01,22,2024-12-31/2025-01-06,Tong Street,9.4,3.8
2025-01-01 23:00:00,2025-01-01,23,2024-12-31/2025-01-06,Tong Street,8.8,3.5
2025-01-02 00:00:00,2025-01-02,0,2024-12-31/2025-01-06,Tong Street,6.9,2.3
2025-01-02 01:00:00,2025-01-02,1,2024-12-31/2025-01-06,Tong Street,7.7,3.0
2025-01-02 02:00:00,2025-01-02,2,2024-12-31/2025-01-06,Tong Street,6.3,1.9
2025-01-02 03:00:00,2025-01-02,3,2024-12-31/2025-01-06,Tong Street,7.4,4.1
2025-01-02 04:00:00,2025-01-02,4,2024-12-31/2025-01-06,Tong Street,5.6,2.2
2025-01-02 05:00:00,2025-01-02,5,2024-12-31/2025-01-06,Tong Street,5.1,1.7
2025-01-02 06:00:00,2025-01-02,6,2024-12-31/2025-01-06,Tong Street,4.6,1.2
2025-01-02 07:00:00,2025-01-02,7,2024-12-31/2025-01-06,Tong Street,6.4,2.7
2025-01-02 08:00:00,2025-01-02,8,2024-12-31/2025-01-06,Tong Street,6.6,3.7
2025-01-02 09:00:00,2025-01-02,9,2024-12-31/2025-01-06,Tong Street,8.7,5.2
2025-01-02 10:00:00,2025-01-02,10,2024-12-31/2025-01-06,Tong Street,,23.3
2025-01-02 11:00:00,2025-01-02,11,2024-12-31/2025-01-06,Tong Street,,
2025-01-02 12:00:00,2025-01-02,12,2024-12-31/2025-01-06,Tong Street,,27.9
2025-01-02 13:00:00,2025-01-02,13,2024-12-31/2025-01-06,Tong Street,49.4,36.4
2025-01-02 14:00:00,2025-01-02,14,2024-12-31/2025-01-06,Tong Street,13.2,5.7
2025-01-02 15:00:00,2025-01-02,15,2024-12-31/2025-01-06,Tong Street,17.2,8.3
2025-01-02 16:00:00,2025-01-02,16,2024-12-31/2025-01-06,Tong Street,14.7,4.4
2025-01-02 17:00:00,2025-01-02,17,2024-12-31/2025-01-06,Tong Street,17.7,7.0
2025-01-02 18:00:00,2025-01-02,18,2024-12-31/2025-01-06,Tong Street,15.2,7.9
2025-01-02 19:00:00,2025-01-02,19,2024-12-31/2025-01-06,Tong Street,18.8,16.0
2025-01-02 20:00:00,2025-01-02,20,2024-12-31/2025-01-06,Tong Street,20.3,17.8
2025-01-02 21:00:00,2025-01-02,21,2024-12-31/2025-01-06,Tong Street,12.3,8.9
2025-01-02 22:00:00,2025-01-02,22,2024-12-31/2025-01-06,Tong Street,10.6,8.3
2025-01-02 23:00:00,2025-01-02,23,2024-12-31/2025-01-06,Tong Street,9.8,7.2
2025-01-03 00:00:00,2025-01-03,0,2024-12-31/2025-01-06,Tong Street,8.7,6.8
2025-01-03 01:00:00,2025-01-03,1,2024-12-31/2025-01-06,Tong Street,3.2,0.6
2025-01-03 02:00:00,2025-01-03,2,2024-12-31/2025-01-06,Tong Street,6.0,3.4
2025-01-03 03:00:00,2025-01-03,3,2024-12-31/2025-01-06,Tong Street,4.0,0.9
2025-01-03 04:00:00,2025-01-03,4,2024-12-31/2025-01-06,Tong Street,3.3,
2025-01-03 05:00:00,2025-01-03,5,2024-12-31/2025-01-06,Tong Street,3.2,
2025-01-03 06:00:00,2025-01-03,6,2024-12-31/2025-01-06,Tong Street,2.3,
2025-01-03 07:00:00,2025-01-03,7,2024-12-31/2025-01-06,Tong Street,2.4,
2025-01-03 08:00:00,2025-01-03,8,2024-12-31/2025-01-06,Tong Street,4.8,2.0
2025-01-03 09:00:00,2025-01-03,9,2024-12-31/2025-01-06,Tong Street,5.2,1.0
2025-01-03 10:00:00,2025-01-03,10,2024-12-31/2025-01-06,Tong Street,7.9,4.2
2025-01-03 11:00:00,2025-01-03,11,2024-12-31/2025-01-06,Tong Street,,
2025-01-03 12:00:00,2025-01-03,12,2024-12-31/2025-01-06,Tong Street,,
2025-01-03 13:00:00,2025-01-03,13,2024-12-31/2025-01-06,Tong Street,,
2025-01-03 14:00:00,2025-01-03,14,2024-12-31/2025-01-06,Tong Street,,
2025-01-03 15:00:00,2025-01-03,15,2024-12-31/2025-01-06,Tong Street,,
2025-01-03 16:00:00,2025-01-03,16,2024-12-31/2025-01-06,Tong Street,,
2025-01-03 17:00:00,2025-01-03,17,2024-12-31/2025-01-06,Tong Street,,
2025-01-03 18:00:00,2025-01-03,18,2024-12-31/2025-01-06,Tong Street,,
2025-01-03 19:00:00,2025-01-03,19,2024-12-31/2025-01-06,Tong Street,,
2025-01-03 20:00:00,2025-01-03,20,2024-12-31/2025-01-06,Tong Street,,
2025-01-03 21:00:00,2025-01-03,21,2024-12-31/2025-01-06,Tong Street,,
2025-01-03 22:00:00,2025-01-03,22,2024-12-31/2025-01-06,Tong Street,,
2025-01-03 23:00:00,2025-01-03,23,2024-12-31/2025-01-06,Tong Street,,
2025-01-04 00:00:00,2025-01-04,0,2024-12-31/2025-01-06,Tong Street,,
2025-01-04 01:00:00,2025-01-04,1,2024-12-31/2025-01-06,Tong Street,,
2025-01-04 02:00:00,2025-01-04,2,2024-12-31/2025-01-06,Tong Street,,
2025-01-04 03:00:00,2025-01-04,3,2024-12-31/2025-01-06,Tong Street,,
2025-01-04 04:00:00,2025-01-04,4,2024-12-31/2025-01-06,Tong Street,,
2025-01-04 05:00:00,2025-01-04,5,2024-12-31/2025-01-06,Tong Street,,
2025-01-04 06:00:00,2025-01-04,6,2024-12-31/2025-01-06,Tong Street,,
2025-01-04 07:00:00,2025-01-04,7,2024-12-31/2025-01-06,Tong Street,,
2025-01-04 08:00:00,2025-01-04,8,2024-12-31/2025-01-06,Tong Street,,
2025-01-04 09:00:00,2025-01-04,9,2024-12-31/2025-01-06,Tong Street,,
2025-01-04 10:00:00,2025-01-04,10,2024-12-31/2025-01-06,Tong Street,,
2025-01-04 11:00:00,2025-01-04,11,2024-12-31/2025-01-06,Tong Street,,
2025-01-04 12:00:00,2025-01-04,12,2024-12-31/2025-01-06,Tong Street,,
2025-01-04 13:00:00,2025-01-04,13,2024-12-31/2025-01-06,Tong Street,,
2025-01-04 14:00:00,2025-01-04,14,2024-12-31/2025-01-06,Tong Street,,
2025-01-04 15:00:00,2025-01-04,15,2024-12-31/2025-01-06,Tong Street,,
2025-01-04 16:00:00,2025-01-04,16,2024-12-31/2025-01-06,Tong Street,,
2025-01-04 17:00:00,2025-01-04,17,2024-12-31/2025-01-06,Tong Street,,
2025-01-04 18:00:00,2025-01-04,18,2024-12-31/2025-01-06,Tong Street,,
2025-01-04 19:00:00,2025-01-04,19,2024-12-31/2025-01-06,Tong Street,,
2025-01-04 20:00:00,2025-01-04,20,2024-12-31/2025-01-06,Tong Street,,
2025-01-04 21:00:00,2025-01-04,21,2024-12-31/2025-01-06,Tong Street,,
2025-01-04 22:00:00,2025-01-04,22,2024-12-31/2025-01-06,Tong Street,,
2025-01-04 23:00:00,2025-01-04,23,2024-12-31/2025-01-06,Tong Street,,
2025-01-05 00:00:00,2025-01-05,0,2024-12-31/2025-01-06,Tong Street,,
2025-01-05 01:00:00,2025-01-05,1,2024-12-31/2025-01-06,Tong Street,,
2025-01-05 02:00:00,2025-01-05,2,2024-12-31/2025-01-06,Tong Street,,
2025-01-05 03:00:00,2025-01-05,3,2024-12-31/2025-01-06,Tong Street,,
2025-01-05 04:00:00,2025-01-05,4,2024-12-31/2025-01-06,Tong Street,,
2025-01-05 05:00:00,2025-01-05,5,2024-12-31/2025-01-06,Tong Street,,
2025-01-05 06:00:00,2025-01-05,6,2024-12-31/2025-01-06,Tong Street,,
2025-01-05 07:00:00,2025-01-05,7,2024-12-31/2025-01-06,Tong Street,,
2025-01-05 08:00:00,2025-01-05,8,2024-12-31/2025-01-06,Tong Street,,
2025-01-05 09:00:00,2025-01-05,9,2024-12-31/2025-01-06,Tong Street,,
2025-01-05 10:00:00,2025-01-05,10,2024-12-31/2025-01-06,Tong Street,,
2025-01-05 11:00:00,2025-01-05,11,2024-12-31/2025-01-06,Tong Street,,
2025-01-05 12:00:00,2025-01-05,12,2024-12-31/2025-01-06,Tong Street,,
2025-01-05 13:00:00,2025-01-05,13,2024-12-31/2025-01-06,Tong Street,,
2025-01-05 14:00:00,2025-01-05,14,2024-12-31/2025-01-06,Tong Street,,
2025-01-05 15:00:00,2025-01-05,15,2024-12-31/2025-01-06,Tong Street,,
2025-01-05 16:00:00,2025-01-05,16,2024-12-31/2025-01-06,Tong Street,,
2025-01-05 17:00:00,2025-01-05,17,2024-12-31/2025-01-06,Tong Street,,
2025-01-05 18:00:00,2025-01-05,18,2024-12-31/2025-01-06,Tong Street,,
2025-01-05 19:00:00,2025-01-05,19,2024-12-31/2025-01-06,Tong Street,,
2025-01-05 20:00:00,2025-01-05,20,2024-12-31/2025-01-06,Tong Street,,
2025-01-05 21:00:00,2025-01-05,21,2024-12-31/2025-01-06,Tong Street,,
2025-01-05 22:00:00,2025-01-05,22,2024-12-31/2025-01-06,Tong Street,,
2025-01-05 23:00:00,2025-01-05,23,2024-12-31/2025-01-06,Tong Street,,
2025-01-06 00:00:00,2025-01-06,0,2024-12-31/2025-01-06,Tong Street,,
2025-01-06 01:00:00,2025-01-06,1,2024-12-31/2025-01-06,Tong Street,,
2025-01-06 02:00:00,2025-01-06,2,2024-12-31/2025-01-06,Tong Street,,
2025-01-06 03:00:00,2025-01-06,3,2024-12-31/2025-01-06,Tong Street,,
2025-01-06 04:00:00,2025-01-06,4,2024-12-31/2025-01-06,Tong Street,,
2025-01-06 05:00:00,2025-01-06,5,2024-12-31/2025-01-06,Tong Street,,
2025-01-06 06:00:00,2025-01-06,6,2024-12-31/2025-01-06,Tong Street,,
2025-01-06 07:00:00,2025-01-06,7,2024-12-31/2025-01-06,Tong Street,,
2025-01-06 08:00:00,2025-01-06,8,2024-12-31/2025-01-06,Tong Street,,
2025-01-06 09:00:00,2025-01-06,9,2024-12-31/2025-01-06,Tong Street,,
2025-01-06 10:00:00,2025-01-06,10,2024-12-31/2025-01-06,Tong Street,,
2025-01-06 11:00:00,2025-01-06,11,2024-12-31/2025-01-06,Tong Street,,
2025-01-06 12:00:00,2025-01-06,12,2024-12-31/2025-01-06,Tong Street,,
2025-01-06 13:00:00,2025-01-06,13,2024-12-31/2025-01-06,Tong Street,,
2025-01-06 14:00:00,2025-01-06,14,2024-12-31/2025-01-06,Tong Street,,
2025-01-06 15:00:00,2025-01-06,15,2024-12-31/2025-01-06,Tong Street,,
2025-01-06 16:00:00,2025-01-06,16,2024-12-31/2025-01-06,Tong Street,,
2025-01-06 17:00:00,2025-01-06,17,2024-12-31/2025-01-06,Tong Street,,
2025-01-06 18:00:00,2025-01-06,18,2024-12-31/2025-01-06,Tong Street,,
2025-01-06 19:00:00,2025-01-06,19,2024-12-31/2025-01-06,Tong Street,,
2025-01-06 20:00:00,2025-01-06,20,2024-12-31/2025-01-06,Tong Street,,
2025-01-06 21:00:00,2025-01-06,21,2024-12-31/2025-01-06,Tong Street,,
2025-01-06 22:00:00,2025-01-06,22,2024-12-31/2025-01-06,Tong Street,,
2025-01-06 23:00:00,2025-01-06,23,2024-12-31/2025-01-06,Tong Street,,
2025-01-07 00:00:00,2025-01-07,0,2025-01-07/2025-01-13,Tong Street,,
2025-01-07 01:00:00,2025-01-07,1,2025-01-07/2025-01-13,Tong Street,,
2025-01-07 02:00:00,2025-01-07,2,2025-01-07/2025-01-13,Tong Street,,
2025-01-07 03:00:00,2025-01-07,3,2025-01-07/2025-01-13,Tong Street,,
2025-01-07 04:00:00,2025-01-07,4,2025-01-07/2025-01-13,Tong Street,,
2025-01-07 05:00:00,2025-01-07,5,2025-01-07/2025-01-13,Tong Street,,
2025-01-07 06:00:00,2025-01-07,6,2025-01-07/2025-01-13,Tong Street,,
2025-01-07 07:00:00,2025-01-07,7,2025-01-07/2025-01-13,Tong Street,,
2025-01-07 08:00:00,2025-01-07,8,2025-01-07/2025-01-13,Tong Street,,
2025-01-07 09:00:00,2025-01-07,9,2025-01-07/2025-01-13,Tong Street,,
2025-01-07 10:00:00,2025-01-07,10,2025-01-07/2025-01-13,Tong Street,,
2025-01-07 11:00:00,2025-01-07,11,2025-01-07/2025-01-13,Tong Street,,
2025-01-07 12:00:00,2025-01-07,12,2025-01-07/2025-01-13,Tong Street,,
2025-01-07 13:00:00,2025-01-07,13,2025-01-07/2025-01-13,Tong Street,,
2025-01-07 14:00:00,2025-01-07,14,2025-01-07/2025-01-13,Tong Street,,
2025-01-07 15:00:00,2025-01-07,15,2025-01-07/2025-01-13,Tong Street,,
2025-01-07 16:00:00,2025-01-07,16,2025-01-07/2025-01-13,Tong Street,,
2025-01-07 17:00:00,2025-01-07,17,2025-01-07/2025-01-13,Tong Street,,
2025-01-07 18:00:00,2025-01-07,18,2025-01-07/2025-01-13,Tong Street,,
2025-01-07 19:00:00,2025-01-07,19,2025-01-07/2025-01-13,Tong Street,,
2025-01-07 20:00:00,2025-01-07,20,2025-01-07/2025-01-13,Tong Street,,
2025-01-07 21:00:00,2025-01-07,21,2025-01-07/2025-01-13,Tong Street,,
2025-01-07 22:00:00,2025-01-07,22,2025-01-07/2025-01-13,Tong Street,,
2025-01-07 23:00:00,2025-01-07,23,2025-01-07/2025-01-13,Tong Street,,
2025-01-08 00:00:00,2025-01-08,0,2025-01-07/2025-01-13,Tong Street,,
2025-01-08 01:00:00,2025-01-08,1,2025-01-07/2025-01-13,Tong Street,,
2025-01-08 02:00:00,2025-01-08,2,2025-01-07/2025-01-13,Tong Street,,
2025-01-08 03:00:00,2025-01-08,3,2025-01-07/2025-01-13,Tong Street,,
2025-01-08 04:00:00,2025-01-08,4,2025-01-07/2025-01-13,Tong Street,,
2025-01-08 05:00:00,2025-01-08,5,2025-01-07/2025-01-13,Tong Street,,
2025-01-08 06:00:00,2025-01-08,6,2025-01-07/2025-01-13,Tong Street,,
2025-01-08 07:00:00,2025-01-08,7,2025-01-07/2025-01-13,Tong Street,,
2025-01-08 08:00:00,2025-01-08,8,2025-01-07/2025-01-13,Tong Street,,
2025-01-08 09:00:00,2025-01-08,9,2025-01-07/2025-01-13,Tong Street,,
2025-01-08 10:00:00,2025-01-08,10,2025-01-07/2025-01-13,Tong Street,,
2025-01-08 11:00:00,2025-01-08,11,2025-01-07/2025-01-13,Tong Street,,
2025-01-08 12:00:00,2025-01-08,12,2025-01-07/2025-01-13,Tong Street,,
2025-01-08 13:00:00,2025-01-08,13,2025-01-07/2025-01-13,Tong Street,,
2025-01-08 14:00:00,2025-01-08,14,2025-01-07/2025-01-13,Tong Street,,
2025-01-08 15:00:00,2025-01-08,15,2025-01-07/2025-01-13,Tong Street,,
2025-01-08 16:00:00,2025-01-08,16,2025-01-07/2025-01-13,Tong Street,,
2025-01-08 17:00:00,2025-01-08,17,2025-01-07/2025-01-13,Tong Street,,
2025-01-08 18:00:00,2025-01-08,18,2025-01-07/2025-01-13,Tong Street,,
2025-01-08 19:00:00,2025-01-08,19,2025-01-07/2025-01-13,Tong Street,,
2025-01-08 20:00:00,2025-01-08,20,2025-01-07/2025-01-13,Tong Street,,
2025-01-08 21:00:00,2025-01-08,21,2025-01-07/2025-01-13,Tong Street,,
2025-01-08 22:00:00,2025-01-08,22,2025-01-07/2025-01-13,Tong Street,,
2025-01-08 23:00:00,2025-01-08,23,2025-01-07/2025-01-13,Tong Street,,
2025-01-09 00:00:00,2025-01-09,0,2025-01-07/2025-01-13,Tong Street,,
2025-01-09 01:00:00,2025-01-09,1,2025-01-07/2025-01-13,Tong Street,,
2025-01-09 02:00:00,2025-01-09,2,2025-01-07/2025-01-13,Tong Street,,
2025-01-09 03:00:00,2025-01-09,3,2025-01-07/2025-01-13,Tong Street,,
2025-01-09 04:00:00,2025-01-09,4,2025-01-07/2025-01-13,Tong Street,,
2025-01-09 05:00:00,2025-01-09,5,2025-01-07/2025-01-13,Tong Street,,
2025-01-09 06:00:00,2025-01-09,6,2025-01-07/2025-01-13,Tong Street,,
2025-01-09 07:00:00,2025-01-09,7,2025-01-07/2025-01-13,Tong Street,,
2025-01-09 08:00:00,2025-01-09,8,2025-01-07/2025-01-13,Tong Street,,
2025-01-09 09:00:00,2025-01-09,9,2025-01-07/2025-01-13,Tong Street,,
2025-01-09 10:00:00,2025-01-09,10,2025-01-07/2025-01-13,Tong Street,,
2025-01-09 11:00:00,2025-01-09,11,2025-01-07/2025-01-13,Tong Street,,
2025-01-09 12:00:00,2025-01-09,12,2025-01-07/2025-01-13,Tong Street,,
2025-01-09 13:00:00,2025-01-09,13,2025-01-07/2025-01-13,Tong Street,,
2025-01-09 14:00:00,2025-01-09,14,2025-01-07/2025-01-13,Tong Street,,
2025-01-09 15:00:00,2025-01-09,15,2025-01-07/2025-01-13,Tong Street,,
2025-01-09 16:00:00,2025-01-09,16,2025-01-07/2025-01-13,Tong Street,,
2025-01-09 17:00:00,2025-01-09,17,2025-01-07/2025-01-13,Tong Street,,
2025-01-09 18:00:00,2025-01-09,18,2025-01-07/2025-01-13,Tong Street,,
2025-01-09 19:00:00,2025-01-09,19,2025-01-07/2025-01-13,Tong Street,,
2025-01-09 20:00:00,2025-01-09,20,2025-01-07/2025-01-13,Tong Street,,
2025-01-09 21:00:00,2025-01-09,21,2025-01-07/2025-01-13,Tong Street,,
2025-01-09 22:00:00,2025-01-09,22,2025-01-07/2025-01-13,Tong Street,,
2025-01-09 23:00:00,2025-01-09,23,2025-01-07/2025-01-13,Tong Street,,
2025-01-10 00:00:00,2025-01-10,0,2025-01-07/2025-01-13,Tong Street,,
2025-01-10 01:00:00,2025-01-10,1,2025-01-07/2025-01-13,Tong Street,,
2025-01-10 02:00:00,2025-01-10,2,2025-01-07/2025-01-13,Tong Street,,
2025-01-10 03:00:00,2025-01-10,3,2025-01-07/2025-01-13,Tong Street,,
2025-01-10 04:00:00,2025-01-10,4,2025-01-07/2025-01-13,Tong Street,,
2025-01-10 05:00:00,2025-01-10,5,2025-01-07/2025-01-13,Tong Street,,
2025-01-10 06:00:00,2025-01-10,6,2025-01-07/2025-01-13,Tong Street,,
2025-01-10 07:00:00,2025-01-10,7,2025-01-07/2025-01-13,Tong Street,,
2025-01-10 08:00:00,2025-01-10,8,2025-01-07/2025-01-13,Tong Street,,
2025-01-10 09:00:00,2025-01-10,9,2025-01-07/2025-01-13,Tong Street,,
2025-01-10 10:00:00,2025-01-10,10,2025-01-07/2025-01-13,Tong Street,,
2025-01-10 11:00:00,2025-01-10,11,2025-01-07/2025-01-13,Tong Street,,
2025-01-10 12:00:00,2025-01-10,12,2025-01-07/2025-01-13,Tong Street,,
2025-01-10 13:00:00,2025-01-10,13,2025-01-07/2025-01-13,Tong Street,,
2025-01-10 14:00:00,2025-01-10,14,2025-01-07/2025-01-13,Tong Street,,
2025-01-10 15:00:00,2025-01-10,15,2025-01-07/2025-01-13,Tong Street,,
2025-01-10 16:00:00,2025-01-10,16,2025-01-07/2025-01-13,Tong Street,,
2025-01-10 17:00:00,2025-01-10,17,2025-01-07/2025-01-13,Tong Street,,
2025-01-10 18:00:00,2025-01-10,18,2025-01-07/2025-01-13,Tong Street,,
2025-01-10 19:00:00,2025-01-10,19,2025-01-07/2025-01-13,Tong Street,,
2025-01-10 20:00:00,2025-01-10,20,2025-01-07/2025-01-13,Tong Street,,
2025-01-10 21:00:00,2025-01-10,21,2025-01-07/2025-01-13,Tong Street,,
2025-01-10 22:00:00,2025-01-10,22,2025-01-07/2025-01-13,Tong Street,,
2025-01-10 23:00:00,2025-01-10,23,2025-01-07/2025-01-13,Tong Street,,
2025-01-11 00:00:00,2025-01-11,0,2025-01-07/2025-01-13,Tong Street,,
2025-01-11 01:00:00,2025-01-11,1,2025-01-07/2025-01-13,Tong Street,,
2025-01-11 02:00:00,2025-01-11,2,2025-01-07/2025-01-13,Tong Street,,
2025-01-11 03:00:00,2025-01-11,3,2025-01-07/2025-01-13,Tong Street,,
2025-01-11 04:00:00,2025-01-11,4,2025-01-07/2025-01-13,Tong Street,,
2025-01-11 05:00:00,2025-01-11,5,2025-01-07/2025-01-13,Tong Street,,
2025-01-11 06:00:00,2025-01-11,6,2025-01-07/2025-01-13,Tong Street,,
2025-01-11 07:00:00,2025-01-11,7,2025-01-07/2025-01-13,Tong Street,,
2025-01-11 08:00:00,2025-01-11,8,2025-01-07/2025-01-13,Tong Street,,
2025-01-11 09:00:00,2025-01-11,9,2025-01-07/2025-01-13,Tong Street,,
2025-01-11 10:00:00,2025-01-11,10,2025-01-07/2025-01-13,Tong Street,,
2025-01-11 11:00:00,2025-01-11,11,2025-01-07/2025-01-13,Tong Street,,
2025-01-11 12:00:00,2025-01-11,12,2025-01-07/2025-01-13,Tong Street,,
2025-01-11 13:00:00,2025-01-11,13,2025-01-07/2025-01-13,Tong Street,,
2025-01-11 14:00:00,2025-01-11,14,2025-01-07/2025-01-13,Tong Street,,
2025-01-11 15:00:00,2025-01-11,15,2025-01-07/2025-01-13,Tong Street,,
2025-01-11 16:00:00,2025-01-11,16,2025-01-07/2025-01-13,Tong Street,,
2025-01-11 17:00:00,2025-01-11,17,2025-01-07/2025-01-13,Tong Street,,
2025-01-11 18:00:00,2025-01-11,18,2025-01-07/2025-01-13,Tong Street,,
2025-01-11 19:00:00,2025-01-11,19,2025-01-07/2025-01-13,Tong Street,,
2025-01-11 20:00:00,2025-01-11,20,2025-01-07/2025-01-13,Tong Street,,
2025-01-11 21:00:00,2025-01-11,21,2025-01-07/2025-01-13,Tong Street,,
2025-01-11 22:00:00,2025-01-11,22,2025-01-07/2025-01-13,Tong Street,,
2025-01-11 23:00:00,2025-01-11,23,2025-01-07/2025-01-13,Tong Street,,
2025-01-12 00:00:00,2025-01-12,0,2025-01-07/2025-01-13,Tong Street,,
2025-01-12 01:00:00,2025-01-12,1,2025-01-07/2025-01-13,Tong Street,,
2025-01-12 02:00:00,2025-01-12,2,2025-01-07/2025-01-13,Tong Street,,
2025-01-12 03:00:00,2025-01-12,3,2025-01-07/2025-01-13,Tong Street,,
2025-01-12 04:00:00,2025-01-12,4,2025-01-07/2025-01-13,Tong Street,,
2025-01-12 05:00:00,2025-01-12,5,2025-01-07/2025-01-13,Tong Street,,
2025-01-12 06:00:00,2025-01-12,6,2025-01-07/2025-01-13,Tong Street,,
2025-01-12 07:00:00,2025-01-12,7,2025-01-07/2025-01-13,Tong Street,,
2025-01-12 08:00:00,2025-01-12,8,2025-01-07/2025-01-13,Tong Street,,
2025-01-12 09:00:00,2025-01-12,9,2025-01-07/2025-01-13,Tong Street,,
2025-01-12 10:00:00,2025-01-12,10,2025-01-07/2025-01-13,Tong Street,,
2025-01-12 11:00:00,2025-01-12,11,2025-01-07/2025-01-13,Tong Street,,
2025-01-12 12:00:00,2025-01-12,12,2025-01-07/2025-01-13,Tong Street,,
2025-01-12 13:00:00,2025-01-12,13,2025-01-07/2025-01-13,Tong Street,,
2025-01-12 14:00:00,2025-01-12,14,2025-01-07/2025-01-13,Tong Street,,
2025-01-12 15:00:00,2025-01-12,15,2025-01-07/2025-01-13,Tong Street,,
2025-01-12 16:00:00,2025-01-12,16,2025-01-07/2025-01-13,Tong Street,,
2025-01-12 17:00:00,2025-01-12,17,2025-01-07/2025-01-13,Tong Street,,
2025-01-12 18:00:00,2025-01-12,18,2025-01-07/2025-01-13,Tong Street,,
2025-01-12 19:00:00,2025-01-12,19,2025-01-07/2025-01-13,Tong Street,,
2025-01-12 20:00:00,2025-01-12,20,2025-01-07/2025-01-13,Tong Street,,
2025-01-12 21:00:00,2025-01-12,21,2025-01-07/2025-01-13,Tong Street,,
2025-01-12 22:00:00,2025-01-12,22,2025-01-07/2025-01-13,Tong Street,,
2025-01-12 23:00:00,2025-01-12,23,2025-01-07/2025-01-13,Tong Street,,
2025-01-13 00:00:00,2025-01-13,0,2025-01-07/2025-01-13,Tong Street,,
2025-01-13 01:00:00,2025-01-13,1,2025-01-07/2025-01-13,Tong Street,,
2025-01-13 02:00:00,2025-01-13,2,2025-01-07/2025-01-13,Tong Street,,
2025-01-13 03:00:00,2025-01-13,3,2025-01-07/2025-01-13,Tong Street,,
2025-01-13 04:00:00,2025-01-13,4,2025-01-07/2025-01-13,Tong Street,,
2025-01-13 05:00:00,2025-01-13,5,2025-01-07/2025-01-13,Tong Street,,
2025-01-13 06:00:00,2025-01-13,6,2025-01-07/2025-01-13,Tong Street,,
2025-01-13 07:00:00,2025-01-13,7,2025-01-07/2025-01-13,Tong Street,,
2025-01-13 08:00:00,2025-01-13,8,2025-01-07/2025-01-13,Tong Street,,
2025-01-13 09:00:00,2025-01-13,9,2025-01-07/2025-01-13,Tong Street,,
2025-01-13 10:00:00,2025-01-13,10,2025-01-07/2025-01-13,Tong Street,,
2025-01-13 11:00:00,2025-01-13,11,2025-01-07/2025-01-13,Tong Street,,
2025-01-13 12:00:00,2025-01-13,12,2025-01-07/2025-01-13,Tong Street,,
2025-01-13 13:00:00,2025-01-13,13,2025-01-07/2025-01-13,Tong Street,,
2025-01-13 14:00:00,2025-01-13,14,2025-01-07/2025-01-13,Tong Street,,
2025-01-13 15:00:00,2025-01-13,15,2025-01-07/2025-01-13,Tong Street,,
2025-01-13 16:00:00,2025-01-13,16,2025-01-07/2025-01-13,Tong Street,,
2025-01-13 17:00:00,2025-01-13,17,2025-01-07/2025-01-13,Tong Street,,
2025-01-13 18:00:00,2025-01-13,18,2025-01-07/2025-01-13,Tong Street,,
2025-01-13 19:00:00,2025-01-13,19,2025-01-07/2025-01-13,Tong Street,,
2025-01-13 20:00:00,2025-01-13,20,2025-01-07/2025-01-13,Tong Street,,
2025-01-13 21:00:00,2025-01-13,21,2025-01-07/2025-01-13,Tong Street,,
2025-01-13 22:00:00,2025-01-13,22,2025-01-07/2025-01-13,Tong Street,,
2025-01-13 23:00:00,2025-01-13,23,2025-01-07/2025-01-13,Tong Street,,
2025-01-14 00:00:00,2025-01-14,0,2025-01-14/2025-01-20,Tong Street,,
2025-01-14 01:00:00,2025-01-14,1,2025-01-14/2025-01-20,Tong Street,,
2025-01-14 02:00:00,2025-01-14,2,2025-01-14/2025-01-20,Tong Street,,
2025-01-14 03:00:00,2025-01-14,3,2025-01-14/2025-01-20,Tong Street,,
2025-01-14 04:00:00,2025-01-14,4,2025-01-14/2025-01-20,Tong Street,,
2025-01-14 05:00:00,2025-01-14,5,2025-01-14/2025-01-20,Tong Street,,
2025-01-14 06:00:00,2025-01-14,6,2025-01-14/2025-01-20,Tong Street,,
2025-01-14 07:00:00,2025-01-14,7,2025-01-14/2025-01-20,Tong Street,,
2025-01-14 08:00:00,2025-01-14,8,2025-01-14/2025-01-20,Tong Street,,
2025-01-14 09:00:00,2025-01-14,9,2025-01-14/2025-01-20,Tong Street,,
2025-01-14 10:00:00,2025-01-14,10,2025-01-14/2025-01-20,Tong Street,,
2025-01-14 11:00:00,2025-01-14,11,2025-01-14/2025-01-20,Tong Street,,
2025-01-14 12:00:00,2025-01-14,12,2025-01-14/2025-01-20,Tong Street,,
2025-01-14 13:00:00,2025-01-14,13,2025-01-14/2025-01-20,Tong Street,,
2025-01-14 14:00:00,2025-01-14,14,2025-01-14/2025-01-20,Tong Street,,
2025-01-14 15:00:00,2025-01-14,15,2025-01-14/2025-01-20,Tong Street,,
2025-01-14 16:00:00,2025-01-14,16,2025-01-14/2025-01-20,Tong Street,,
2025-01-14 17:00:00,2025-01-14,17,2025-01-14/2025-01-20,Tong Street,,
2025-01-14 18:00:00,2025-01-14,18,2025-01-14/2025-01-20,Tong Street,,
2025-01-14 19:00:00,2025-01-14,19,2025-01-14/2025-01-20,Tong Street,,
2025-01-14 20:00:00,2025-01-14,20,2025-01-14/2025-01-20,Tong Street,,
2025-01-14 21:00:00,2025-01-14,21,2025-01-14/2025-01-20,Tong Street,,
2025-01-14 22:00:00,2025-01-14,22,2025-01-14/2025-01-20,Tong Street,,
2025-01-14 23:00:00,2025-01-14,23,2025-01-14/2025-01-20,Tong Street,,
2025-01-15 00:00:00,2025-01-15,0,2025-01-14/2025-01-20,Tong Street,,
2025-01-15 01:00:00,2025-01-15,1,2025-01-14/2025-01-20,Tong Street,,
2025-01-15 02:00:00,2025-01-15,2,2025-01-14/2025-01-20,Tong Street,,
2025-01-15 03:00:00,2025-01-15,3,2025-01-14/2025-01-20,Tong Street,,
2025-01-15 04:00:00,2025-01-15,4,2025-01-14/2025-01-20,Tong Street,,
2025-01-15 05:00:00,2025-01-15,5,2025-01-14/2025-01-20,Tong Street,,
2025-01-15 06:00:00,2025-01-15,6,2025-01-14/2025-01-20,Tong Street,,
2025-01-15 07:00:00,2025-01-15,7,2025-01-14/2025-01-20,Tong Street,,
2025-01-15 08:00:00,2025-01-15,8,2025-01-14/2025-01-20,Tong Street,,
2025-01-15 09:00:00,2025-01-15,9,2025-01-14/2025-01-20,Tong Street,,
2025-01-15 10:00:00,2025-01-15,10,2025-01-14/2025-01-20,Tong Street,,
2025-01-15 11:00:00,2025-01-15,11,2025-01-14/2025-01-20,Tong Street,,
2025-01-15 12:00:00,2025-01-15,12,2025-01-14/2025-01-20,Tong Street,,
2025-01-15 13:00:00,2025-01-15,13,2025-01-14/2025-01-20,Tong Street,,
2025-01-15 14:00:00,2025-01-15,14,2025-01-14/2025-01-20,Tong Street,,
2025-01-15 15:00:00,2025-01-15,15,2025-01-14/2025-01-20,Tong Street,,
2025-01-15 16:00:00,2025-01-15,16,2025-01-14/2025-01-20,Tong Street,,
2025-01-15 17:00:00,2025-01-15,17,2025-01-14/2025-01-20,Tong Street,,
2025-01-15 18:00:00,2025-01-15,18,2025-01-14/2025-01-20,Tong Street,,
2025-01-15 19:00:00,2025-01-15,19,2025-01-14/2025-01-20,Tong Street,,
2025-01-15 20:00:00,2025-01-15,20,2025-01-14/2025-01-20,Tong Street,,
2025-01-15 21:00:00,2025-01-15,21,2025-01-14/2025-01-20,Tong Street,,
2025-01-15 22:00:00,2025-01-15,22,2025-01-14/2025-01-20,Tong Street,,
2025-01-15 23:00:00,2025-01-15,23,2025-01-14/2025-01-20,Tong Street,,
2025-01-16 00:00:00,2025-01-16,0,2025-01-14/2025-01-20,Tong Street,,
2025-01-16 01:00:00,2025-01-16,1,2025-01-14/2025-01-20,Tong Street,,
2025-01-16 02:00:00,2025-01-16,2,2025-01-14/2025-01-20,Tong Street,,
2025-01-16 03:00:00,2025-01-16,3,2025-01-14/2025-01-20,Tong Street,,
2025-01-16 04:00:00,2025-01-16,4,2025-01-14/2025-01-20,Tong Street,,
2025-01-16 05:00:00,2025-01-16,5,2025-01-14/2025-01-20,Tong Street,,
2025-01-16 06:00:00,2025-01-16,6,2025-01-14/2025-01-20,Tong Street,,
2025-01-16 07:00:00,2025-01-16,7,2025-01-14/2025-01-20,Tong Street,,
2025-01-16 08:00:00,2025-01-16,8,2025-01-14/2025-01-20,Tong Street,,
2025-01-16 09:00:00,2025-01-16,9,2025-01-14/2025-01-20,Tong Street,,
2025-01-16 10:00:00,2025-01-16,10,2025-01-14/2025-01-20,Tong Street,,
2025-01-16 11:00:00,2025-01-16,11,2025-01-14/2025-01-20,Tong Street,,
2025-01-16 12:00:00,2025-01-16,12,2025-01-14/2025-01-20,Tong Street,,
2025-01-16 13:00:00,2025-01-16,13,2025-01-14/2025-01-20,Tong Street,,
2025-01-16 14:00:00,2025-01-16,14,2025-01-14/2025-01-20,Tong Street,,
2025-01-16 15:00:00,2025-01-16,15,2025-01-14/2025-01-20,Tong Street,,
2025-01-16 16:00:00,2025-01-16,16,2025-01-14/2025-01-20,Tong Street,,
2025-01-16 17:00:00,2025-01-16,17,2025-01-14/2025-01-20,Tong Street,,
2025-01-16 18:00:00,2025-01-16,18,2025-01-14/2025-01-20,Tong Street,,
2025-01-16 19:00:00,2025-01-16,19,2025-01-14/2025-01-20,Tong Street,,
2025-01-16 20:00:00,2025-01-16,20,2025-01-14/2025-01-20,Tong Street,,
2025-01-16 21:00:00,2025-01-16,21,2025-01-14/2025-01-20,Tong Street,,
2025-01-16 22:00:00,2025-01-16,22,2025-01-14/2025-01-20,Tong Street,,
2025-01-16 23:00:00,2025-01-16,23,2025-01-14/2025-01-20,Tong Street,,
2025-01-17 00:00:00,2025-01-17,0,2025-01-14/2025-01-20,Tong Street,,
2024-11-01 01:00:00,2024-11-01,1,2024-10-29/2024-11-04,Treadwell Mills,,
2024-11-01 02:00:00,2024-11-01,2,2024-10-29/2024-11-04,Treadwell Mills,,
2024-11-01 03:00:00,2024-11-01,3,2024-10-29/2024-11-04,Treadwell Mills,,
2024-11-01 04:00:00,2024-11-01,4,2024-10-29/2024-11-04,Treadwell Mills,,
2024-11-01 05:00:00,2024-11-01,5,2024-10-29/2024-11-04,Treadwell Mills,,
2024-11-01 06:00:00,2024-11-01,6,2024-10-29/2024-11-04,Treadwell Mills,,
2024-11-01 07:00:00,2024-11-01,7,2024-10-29/2024-11-04,Treadwell Mills,,
2024-11-01 08:00:00,2024-11-01,8,2024-10-29/2024-11-04,Treadwell Mills,,
2024-11-01 09:00:00,2024-11-01,9,2024-10-29/2024-11-04,Treadwell Mills,,
2024-11-01 10:00:00,2024-11-01,10,2024-10-29/2024-11-04,Treadwell Mills,,
2024-11-01 11:00:00,2024-11-01,11,2024-10-29/2024-11-04,Treadwell Mills,,
2024-11-01 12:00:00,2024-11-01,12,2024-10-29/2024-11-04,Treadwell Mills,,
2024-11-01 13:00:00,2024-11-01,13,2024-10-29/2024-11-04,Treadwell Mills,,
2024-11-01 14:00:00,2024-11-01,14,2024-10-29/2024-11-04,Treadwell Mills,,
2024-11-01 15:00:00,2024-11-01,15,2024-10-29/2024-11-04,Treadwell Mills,,
2024-11-01 16:00:00,2024-11-01,16,2024-10-29/2024-11-04,Treadwell Mills,,
2024-11-01 17:00:00,2024-11-01,17,2024-10-29/2024-11-04,Treadwell Mills,,
2024-11-01 18:00:00,2024-11-01,18,2024-10-29/2024-11-04,Treadwell Mills,,
2024-11-01 19:00:00,2024-11-01,19,2024-10-29/2024-11-04,Treadwell Mills,,
2024-11-01 20:00:00,2024-11-01,20,2024-10-29/2024-11-04,Treadwell Mills,,
2024-11-01 21:00:00,2024-11-01,21,2024-10-29/2024-11-04,Treadwell Mills,,
2024-11-01 22:00:00,2024-11-01,22,2024-10-29/2024-11-04,Treadwell Mills,,
2024-11-01 23:00:00,2024-11-01,23,2024-10-29/2024-11-04,Treadwell Mills,,
2024-11-02 00:00:00,2024-11-02,0,2024-10-29/2024-11-04,Treadwell Mills,,
2024-11-02 01:00:00,2024-11-02,1,2024-10-29/2024-11-04,Treadwell Mills,,
2024-11-02 02:00:00,2024-11-02,2,2024-10-29/2024-11-04,Treadwell Mills,,
2024-11-02 03:00:00,2024-11-02,3,2024-10-29/2024-11-04,Treadwell Mills,,
2024-11-02 04:00:00,2024-11-02,4,2024-10-29/2024-11-04,Treadwell Mills,,
2024-11-02 05:00:00,2024-11-02,5,2024-10-29/2024-11-04,Treadwell Mills,,
2024-11-02 06:00:00,2024-11-02,6,2024-10-29/2024-11-04,Treadwell Mills,,
2024-11-02 07:00:00,2024-11-02,7,2024-10-29/2024-11-04,Treadwell Mills,,
2024-11-02 08:00:00,2024-11-02,8,2024-10-29/2024-11-04,Treadwell Mills,,
2024-11-02 09:00:00,2024-11-02,9,2024-10-29/2024-11-04,Treadwell Mills,,
2024-11-02 10:00:00,2024-11-02,10,2024-10-29/2024-11-04,Treadwell Mills,,
2024-11-02 11:00:00,2024-11-02,11,2024-10-29/2024-11-04,Treadwell Mills,,
2024-11-02 12:00:00,2024-11-02,12,2024-10-29/2024-11-04,Treadwell Mills,,
2024-11-02 13:00:00,2024-11-02,13,2024-10-29/2024-11-04,Treadwell Mills,,
2024-11-02 14:00:00,2024-11-02,14,2024-10-29/2024-11-04,Treadwell Mills,,
2024-11-02 15:00:00,2024-11-02,15,2024-10-29/2024-11-04,Treadwell Mills,,
2024-11-02 16:00:00,2024-11-02,16,2024-10-29/2024-11-04,Treadwell Mills,,
2024-11-02 17:00:00,2024-11-02,17,2024-10-29/2024-11-04,Treadwell Mills,,
2024-11-02 18:00:00,2024-11-02,18,2024-10-29/2024-11-04,Treadwell Mills,,
2024-11-02 19:00:00,2024-11-02,19,2024-10-29/2024-11-04,Treadwell Mills,,
2024-11-02 20:00:00,2024-11-02,20,2024-10-29/2024-11-04,Treadwell Mills,,
2024-11-02 21:00:00,2024-11-02,21,2024-10-29/2024-11-04,Treadwell Mills,,
2024-11-02 22:00:00,2024-11-02,22,2024-10-29/2024-11-04,Treadwell Mills,,
2024-11-02 23:00:00,2024-11-02,23,2024-10-29/2024-11-04,Treadwell Mills,,
2024-11-03 00:00:00,2024-11-03,0,2024-10-29/2024-11-04,Treadwell Mills,,
2024-11-03 01:00:00,2024-11-03,1,2024-10-29/2024-11-04,Treadwell Mills,,
2024-11-03 02:00:00,2024-11-03,2,2024-10-29/2024-11-04,Treadwell Mills,,
2024-11-03 03:00:00,2024-11-03,3,2024-10-29/2024-11-04,Treadwell Mills,,
2024-11-03 04:00:00,2024-11-03,4,2024-10-29/2024-11-04,Treadwell Mills,,
2024-11-03 05:00:00,2024-11-03,5,2024-10-29/2024-11-04,Treadwell Mills,,
2024-11-03 06:00:00,2024-11-03,6,2024-10-29/2024-11-04,Treadwell Mills,,
2024-11-03 07:00:00,2024-11-03,7,2024-10-29/2024-11-04,Treadwell Mills,,
2024-11-03 08:00:00,2024-11-03,8,2024-10-29/2024-11-04,Treadwell Mills,,
2024-11-03 09:00:00,2024-11-03,9,2024-10-29/2024-11-04,Treadwell Mills,,
2024-11-03 10:00:00,2024-11-03,10,2024-10-29/2024-11-04,Treadwell Mills,,
2024-11-03 11:00:00,2024-11-03,11,2024-10-29/2024-11-04,Treadwell Mills,,
2024-11-03 12:00:00,2024-11-03,12,2024-10-29/2024-11-04,Treadwell Mills,,
2024-11-03 13:00:00,2024-11-03,13,2024-10-29/2024-11-04,Treadwell Mills,,
2024-11-03 14:00:00,2024-11-03,14,2024-10-29/2024-11-04,Treadwell Mills,,
2024-11-03 15:00:00,2024-11-03,15,2024-10-29/2024-11-04,Treadwell Mills,,
2024-11-03 16:00:00,2024-11-03,16,2024-10-29/2024-11-04,Treadwell Mills,,
2024-11-03 17:00:00,2024-11-03,17,2024-10-29/2024-11-04,Treadwell Mills,,
2024-11-03 18:00:00,2024-11-03,18,2024-10-29/2024-11-04,Treadwell Mills,,
2024-11-03 19:00:00,2024-11-03,19,2024-10-29/2024-11-04,Treadwell Mills,,
2024-11-03 20:00:00,2024-11-03,20,2024-10-29/2024-11-04,Treadwell Mills,,
2024-11-03 21:00:00,2024-11-03,21,2024-10-29/2024-11-04,Treadwell Mills,,
2024-11-03 22:00:00,2024-11-03,22,2024-10-29/2024-11-04,Treadwell Mills,,
2024-11-03 23:00:00,2024-11-03,23,2024-10-29/2024-11-04,Treadwell Mills,,
2024-11-04 00:00:00,2024-11-04,0,2024-10-29/2024-11-04,Treadwell Mills,,
2024-11-04 01:00:00,2024-11-04,1,2024-10-29/2024-11-04,Treadwell Mills,,
2024-11-04 02:00:00,2024-11-04,2,2024-10-29/2024-11-04,Treadwell Mills,,
2024-11-04 03:00:00,2024-11-04,3,2024-10-29/2024-11-04,Treadwell Mills,,
2024-11-04 04:00:00,2024-11-04,4,2024-10-29/2024-11-04,Treadwell Mills,,
2024-11-04 05:00:00,2024-11-04,5,2024-10-29/2024-11-04,Treadwell Mills,,
2024-11-04 06:00:00,2024-11-04,6,2024-10-29/2024-11-04,Treadwell Mills,,
2024-11-04 07:00:00,2024-11-04,7,2024-10-29/2024-11-04,Treadwell Mills,,
2024-11-04 08:00:00,2024-11-04,8,2024-10-29/2024-11-04,Treadwell Mills,,
2024-11-04 09:00:00,2024-11-04,9,2024-10-29/2024-11-04,Treadwell Mills,,
2024-11-04 10:00:00,2024-11-04,10,2024-10-29/2024-11-04,Treadwell Mills,,
2024-11-04 11:00:00,2024-11-04,11,2024-10-29/2024-11-04,Treadwell Mills,,
2024-11-04 12:00:00,2024-11-04,12,2024-10-29/2024-11-04,Treadwell Mills,,
2024-11-04 13:00:00,2024-11-04,13,2024-10-29/2024-11-04,Treadwell Mills,,
2024-11-04 14:00:00,2024-11-04,14,2024-10-29/2024-11-04,Treadwell Mills,,
2024-11-04 15:00:00,2024-11-04,15,2024-10-29/2024-11-04,Treadwell Mills,,
2024-11-04 16:00:00,2024-11-04,16,2024-10-29/2024-11-04,Treadwell Mills,,
2024-11-04 17:00:00,2024-11-04,17,2024-10-29/2024-11-04,Treadwell Mills,,
2024-11-04 18:00:00,2024-11-04,18,2024-10-29/2024-11-04,Treadwell Mills,,
2024-11-04 19:00:00,2024-11-04,19,2024-10-29/2024-11-04,Treadwell Mills,,
2024-11-04 20:00:00,2024-11-04,20,2024-10-29/2024-11-04,Treadwell Mills,,
2024-11-04 21:00:00,2024-11-04,21,2024-10-29/2024-11-04,Treadwell Mills,,
2024-11-04 22:00:00,2024-11-04,22,2024-10-29/2024-11-04,Treadwell Mills,,
2024-11-04 23:00:00,2024-11-04,23,2024-10-29/2024-11-04,Treadwell Mills,,
2024-11-05 00:00:00,2024-11-05,0,2024-11-05/2024-11-11,Treadwell Mills,,
2024-11-05 01:00:00,2024-11-05,1,2024-11-05/2024-11-11,Treadwell Mills,,
2024-11-05 02:00:00,2024-11-05,2,2024-11-05/2024-11-11,Treadwell Mills,,
2024-11-05 03:00:00,2024-11-05,3,2024-11-05/2024-11-11,Treadwell Mills,,
2024-11-05 04:00:00,2024-11-05,4,2024-11-05/2024-11-11,Treadwell Mills,,
2024-11-05 05:00:00,2024-11-05,5,2024-11-05/2024-11-11,Treadwell Mills,,
2024-11-05 06:00:00,2024-11-05,6,2024-11-05/2024-11-11,Treadwell Mills,,
2024-11-05 07:00:00,2024-11-05,7,2024-11-05/2024-11-11,Treadwell Mills,,
2024-11-05 08:00:00,2024-11-05,8,2024-11-05/2024-11-11,Treadwell Mills,,
2024-11-05 09:00:00,2024-11-05,9,2024-11-05/2024-11-11,Treadwell Mills,,
2024-11-05 10:00:00,2024-11-05,10,2024-11-05/2024-11-11,Treadwell Mills,,
2024-11-05 11:00:00,2024-11-05,11,2024-11-05/2024-11-11,Treadwell Mills,,
2024-11-05 12:00:00,2024-11-05,12,2024-11-05/2024-11-11,Treadwell Mills,,
2024-11-05 13:00:00,2024-11-05,13,2024-11-05/2024-11-11,Treadwell Mills,,
2024-11-05 14:00:00,2024-11-05,14,2024-11-05/2024-11-11,Treadwell Mills,,
2024-11-05 15:00:00,2024-11-05,15,2024-11-05/2024-11-11,Treadwell Mills,,
2024-11-05 16:00:00,2024-11-05,16,2024-11-05/2024-11-11,Treadwell Mills,,
2024-11-05 17:00:00,2024-11-05,17,2024-11-05/2024-11-11,Treadwell Mills,,
2024-11-05 18:00:00,2024-11-05,18,2024-11-05/2024-11-11,Treadwell Mills,,
2024-11-05 19:00:00,2024-11-05,19,2024-11-05/2024-11-11,Treadwell Mills,,
2024-11-05 20:00:00,2024-11-05,20,2024-11-05/2024-11-11,Treadwell Mills,,
2024-11-05 21:00:00,2024-11-05,21,2024-11-05/2024-11-11,Treadwell Mills,,
2024-11-05 22:00:00,2024-11-05,22,2024-11-05/2024-11-11,Treadwell Mills,,
2024-11-05 23:00:00,2024-11-05,23,2024-11-05/2024-11-11,Treadwell Mills,,
2024-11-06 00:00:00,2024-11-06,0,2024-11-05/2024-11-11,Treadwell Mills,,
2024-11-06 01:00:00,2024-11-06,1,2024-11-05/2024-11-11,Treadwell Mills,,
2024-11-06 02:00:00,2024-11-06,2,2024-11-05/2024-11-11,Treadwell Mills,,
2024-11-06 03:00:00,2024-11-06,3,2024-11-05/2024-11-11,Treadwell Mills,,
2024-11-06 04:00:00,2024-11-06,4,2024-11-05/2024-11-11,Treadwell Mills,,
2024-11-06 05:00:00,2024-11-06,5,2024-11-05/2024-11-11,Treadwell Mills,,
2024-11-06 06:00:00,2024-11-06,6,2024-11-05/2024-11-11,Treadwell Mills,,
2024-11-06 07:00:00,2024-11-06,7,2024-11-05/2024-11-11,Treadwell Mills,,
2024-11-06 08:00:00,2024-11-06,8,2024-11-05/2024-11-11,Treadwell Mills,,
2024-11-06 09:00:00,2024-11-06,9,2024-11-05/2024-11-11,Treadwell Mills,,
2024-11-06 10:00:00,2024-11-06,10,2024-11-05/2024-11-11,Treadwell Mills,,
2024-11-06 11:00:00,2024-11-06,11,2024-11-05/2024-11-11,Treadwell Mills,,
2024-11-06 12:00:00,2024-11-06,12,2024-11-05/2024-11-11,Treadwell Mills,,
2024-11-06 13:00:00,2024-11-06,13,2024-11-05/2024-11-11,Treadwell Mills,,
2024-11-06 14:00:00,2024-11-06,14,2024-11-05/2024-11-11,Treadwell Mills,,
2024-11-06 15:00:00,2024-11-06,15,2024-11-05/2024-11-11,Treadwell Mills,,
2024-11-06 16:00:00,2024-11-06,16,2024-11-05/2024-11-11,Treadwell Mills,,
2024-11-06 17:00:00,2024-11-06,17,2024-11-05/2024-11-11,Treadwell Mills,,
2024-11-06 18:00:00,2024-11-06,18,2024-11-05/2024-11-11,Treadwell Mills,,
2024-11-06 19:00:00,2024-11-06,19,2024-11-05/2024-11-11,Treadwell Mills,,
2024-11-06 20:00:00,2024-11-06,20,2024-11-05/2024-11-11,Treadwell Mills,,
2024-11-06 21:00:00,2024-11-06,21,2024-11-05/2024-11-11,Treadwell Mills,,
2024-11-06 22:00:00,2024-11-06,22,2024-11-05/2024-11-11,Treadwell Mills,,
2024-11-06 23:00:00,2024-11-06,23,2024-11-05/2024-11-11,Treadwell Mills,,
2024-11-07 00:00:00,2024-11-07,0,2024-11-05/2024-11-11,Treadwell Mills,,
2024-11-07 01:00:00,2024-11-07,1,2024-11-05/2024-11-11,Treadwell Mills,,
2024-11-07 02:00:00,2024-11-07,2,2024-11-05/2024-11-11,Treadwell Mills,,
2024-11-07 03:00:00,2024-11-07,3,2024-11-05/2024-11-11,Treadwell Mills,,
2024-11-07 04:00:00,2024-11-07,4,2024-11-05/2024-11-11,Treadwell Mills,,
2024-11-07 05:00:00,2024-11-07,5,2024-11-05/2024-11-11,Treadwell Mills,,
2024-11-07 06:00:00,2024-11-07,6,2024-11-05/2024-11-11,Treadwell Mills,,
2024-11-07 07:00:00,2024-11-07,7,2024-11-05/2024-11-11,Treadwell Mills,,
2024-11-07 08:00:00,2024-11-07,8,2024-11-05/2024-11-11,Treadwell Mills,,
2024-11-07 09:00:00,2024-11-07,9,2024-11-05/2024-11-11,Treadwell Mills,,
2024-11-07 10:00:00,2024-11-07,10,2024-11-05/2024-11-11,Treadwell Mills,,
2024-11-07 11:00:00,2024-11-07,11,2024-11-05/2024-11-11,Treadwell Mills,,
2024-11-07 12:00:00,2024-11-07,12,2024-11-05/2024-11-11,Treadwell Mills,,
2024-11-07 13:00:00,2024-11-07,13,2024-11-05/2024-11-11,Treadwell Mills,,
2024-11-07 14:00:00,2024-11-07,14,2024-11-05/2024-11-11,Treadwell Mills,,
2024-11-07 15:00:00,2024-11-07,15,2024-11-05/2024-11-11,Treadwell Mills,,
2024-11-07 16:00:00,2024-11-07,16,2024-11-05/2024-11-11,Treadwell Mills,,
2024-11-07 17:00:00,2024-11-07,17,2024-11-05/2024-11-11,Treadwell Mills,,
2024-11-07 18:00:00,2024-11-07,18,2024-11-05/2024-11-11,Treadwell Mills,,
2024-11-07 19:00:00,2024-11-07,19,2024-11-05/2024-11-11,Treadwell Mills,,
2024-11-07 20:00:00,2024-11-07,20,2024-11-05/2024-11-11,Treadwell Mills,,
2024-11-07 21:00:00,2024-11-07,21,2024-11-05/2024-11-11,Treadwell Mills,,
2024-11-07 22:00:00,2024-11-07,22,2024-11-05/2024-11-11,Treadwell Mills,,
2024-11-07 23:00:00,2024-11-07,23,2024-11-05/2024-11-11,Treadwell Mills,,
2024-11-08 00:00:00,2024-11-08,0,2024-11-05/2024-11-11,Treadwell Mills,,
2024-11-08 01:00:00,2024-11-08,1,2024-11-05/2024-11-11,Treadwell Mills,,
2024-11-08 02:00:00,2024-11-08,2,2024-11-05/2024-11-11,Treadwell Mills,,
2024-11-08 03:00:00,2024-11-08,3,2024-11-05/2024-11-11,Treadwell Mills,,
2024-11-08 04:00:00,2024-11-08,4,2024-11-05/2024-11-11,Treadwell Mills,,
2024-11-08 05:00:00,2024-11-08,5,2024-11-05/2024-11-11,Treadwell Mills,,
2024-11-08 06:00:00,2024-11-08,6,2024-11-05/2024-11-11,Treadwell Mills,,
2024-11-08 07:00:00,2024-11-08,7,2024-11-05/2024-11-11,Treadwell Mills,,
2024-11-08 08:00:00,2024-11-08,8,2024-11-05/2024-11-11,Treadwell Mills,,
2024-11-08 09:00:00,2024-11-08,9,2024-11-05/2024-11-11,Treadwell Mills,,
2024-11-08 10:00:00,2024-11-08,10,2024-11-05/2024-11-11,Treadwell Mills,,
2024-11-08 11:00:00,2024-11-08,11,2024-11-05/2024-11-11,Treadwell Mills,,
2024-11-08 12:00:00,2024-11-08,12,2024-11-05/2024-11-11,Treadwell Mills,,
2024-11-08 13:00:00,2024-11-08,13,2024-11-05/2024-11-11,Treadwell Mills,,
2024-11-08 14:00:00,2024-11-08,14,2024-11-05/2024-11-11,Treadwell Mills,,
2024-11-08 15:00:00,2024-11-08,15,2024-11-05/2024-11-11,Treadwell Mills,,
2024-11-08 16:00:00,2024-11-08,16,2024-11-05/2024-11-11,Treadwell Mills,,
2024-11-08 17:00:00,2024-11-08,17,2024-11-05/2024-11-11,Treadwell Mills,,
2024-11-08 18:00:00,2024-11-08,18,2024-11-05/2024-11-11,Treadwell Mills,,
2024-11-08 19:00:00,2024-11-08,19,2024-11-05/2024-11-11,Treadwell Mills,,
2024-11-08 20:00:00,2024-11-08,20,2024-11-05/2024-11-11,Treadwell Mills,,
2024-11-08 21:00:00,2024-11-08,21,2024-11-05/2024-11-11,Treadwell Mills,,
2024-11-08 22:00:00,2024-11-08,22,2024-11-05/2024-11-11,Treadwell Mills,,
2024-11-08 23:00:00,2024-11-08,23,2024-11-05/2024-11-11,Treadwell Mills,,
2024-11-09 00:00:00,2024-11-09,0,2024-11-05/2024-11-11,Treadwell Mills,,
2024-11-09 01:00:00,2024-11-09,1,2024-11-05/2024-11-11,Treadwell Mills,,
2024-11-09 02:00:00,2024-11-09,2,2024-11-05/2024-11-11,Treadwell Mills,,
2024-11-09 03:00:00,2024-11-09,3,2024-11-05/2024-11-11,Treadwell Mills,,
2024-11-09 04:00:00,2024-11-09,4,2024-11-05/2024-11-11,Treadwell Mills,,
2024-11-09 05:00:00,2024-11-09,5,2024-11-05/2024-11-11,Treadwell Mills,,
2024-11-09 06:00:00,2024-11-09,6,2024-11-05/2024-11-11,Treadwell Mills,,
2024-11-09 07:00:00,2024-11-09,7,2024-11-05/2024-11-11,Treadwell Mills,,
2024-11-09 08:00:00,2024-11-09,8,2024-11-05/2024-11-11,Treadwell Mills,,
2024-11-09 09:00:00,2024-11-09,9,2024-11-05/2024-11-11,Treadwell Mills,,
2024-11-09 10:00:00,2024-11-09,10,2024-11-05/2024-11-11,Treadwell Mills,,
2024-11-09 11:00:00,2024-11-09,11,2024-11-05/2024-11-11,Treadwell Mills,,
2024-11-09 12:00:00,2024-11-09,12,2024-11-05/2024-11-11,Treadwell Mills,,
2024-11-09 13:00:00,2024-11-09,13,2024-11-05/2024-11-11,Treadwell Mills,,
2024-11-09 14:00:00,2024-11-09,14,2024-11-05/2024-11-11,Treadwell Mills,,
2024-11-09 15:00:00,2024-11-09,15,2024-11-05/2024-11-11,Treadwell Mills,,
2024-11-09 16:00:00,2024-11-09,16,2024-11-05/2024-11-11,Treadwell Mills,,
2024-11-09 17:00:00,2024-11-09,17,2024-11-05/2024-11-11,Treadwell Mills,,
2024-11-09 18:00:00,2024-11-09,18,2024-11-05/2024-11-11,Treadwell Mills,,
2024-11-09 19:00:00,2024-11-09,19,2024-11-05/2024-11-11,Treadwell Mills,,
2024-11-09 20:00:00,2024-11-09,20,2024-11-05/2024-11-11,Treadwell Mills,,
2024-11-09 21:00:00,2024-11-09,21,2024-11-05/2024-11-11,Treadwell Mills,,
2024-11-09 22:00:00,2024-11-09,22,2024-11-05/2024-11-11,Treadwell Mills,,
2024-11-09 23:00:00,2024-11-09,23,2024-11-05/2024-11-11,Treadwell Mills,,
2024-11-10 00:00:00,2024-11-10,0,2024-11-05/2024-11-11,Treadwell Mills,,
2024-11-10 01:00:00,2024-11-10,1,2024-11-05/2024-11-11,Treadwell Mills,,
2024-11-10 02:00:00,2024-11-10,2,2024-11-05/2024-11-11,Treadwell Mills,,
2024-11-10 03:00:00,2024-11-10,3,2024-11-05/2024-11-11,Treadwell Mills,,
2024-11-10 04:00:00,2024-11-10,4,2024-11-05/2024-11-11,Treadwell Mills,,
2024-11-10 05:00:00,2024-11-10,5,2024-11-05/2024-11-11,Treadwell Mills,,
2024-11-10 06:00:00,2024-11-10,6,2024-11-05/2024-11-11,Treadwell Mills,,
2024-11-10 07:00:00,2024-11-10,7,2024-11-05/2024-11-11,Treadwell Mills,,
2024-11-10 08:00:00,2024-11-10,8,2024-11-05/2024-11-11,Treadwell Mills,,
2024-11-10 09:00:00,2024-11-10,9,2024-11-05/2024-11-11,Treadwell Mills,,
2024-11-10 10:00:00,2024-11-10,10,2024-11-05/2024-11-11,Treadwell Mills,,
2024-11-10 11:00:00,2024-11-10,11,2024-11-05/2024-11-11,Treadwell Mills,,
2024-11-10 12:00:00,2024-11-10,12,2024-11-05/2024-11-11,Treadwell Mills,,
2024-11-10 13:00:00,2024-11-10,13,2024-11-05/2024-11-11,Treadwell Mills,,
2024-11-10 14:00:00,2024-11-10,14,2024-11-05/2024-11-11,Treadwell Mills,,
2024-11-10 15:00:00,2024-11-10,15,2024-11-05/2024-11-11,Treadwell Mills,,
2024-11-10 16:00:00,2024-11-10,16,2024-11-05/2024-11-11,Treadwell Mills,,
2024-11-10 17:00:00,2024-11-10,17,2024-11-05/2024-11-11,Treadwell Mills,,
2024-11-10 18:00:00,2024-11-10,18,2024-11-05/2024-11-11,Treadwell Mills,,
2024-11-10 19:00:00,2024-11-10,19,2024-11-05/2024-11-11,Treadwell Mills,,
2024-11-10 20:00:00,2024-11-10,20,2024-11-05/2024-11-11,Treadwell Mills,,
2024-11-10 21:00:00,2024-11-10,21,2024-11-05/2024-11-11,Treadwell Mills,,
2024-11-10 22:00:00,2024-11-10,22,2024-11-05/2024-11-11,Treadwell Mills,,
2024-11-10 23:00:00,2024-11-10,23,2024-11-05/2024-11-11,Treadwell Mills,,
2024-11-11 00:00:00,2024-11-11,0,2024-11-05/2024-11-11,Treadwell Mills,,
2024-11-11 01:00:00,2024-11-11,1,2024-11-05/2024-11-11,Treadwell Mills,,
2024-11-11 02:00:00,2024-11-11,2,2024-11-05/2024-11-11,Treadwell Mills,,
2024-11-11 03:00:00,2024-11-11,3,2024-11-05/2024-11-11,Treadwell Mills,,
2024-11-11 04:00:00,2024-11-11,4,2024-11-05/2024-11-11,Treadwell Mills,,
2024-11-11 05:00:00,2024-11-11,5,2024-11-05/2024-11-11,Treadwell Mills,,
2024-11-11 06:00:00,2024-11-11,6,2024-11-05/2024-11-11,Treadwell Mills,,
2024-11-11 07:00:00,2024-11-11,7,2024-11-05/2024-11-11,Treadwell Mills,,
2024-11-11 08:00:00,2024-11-11,8,2024-11-05/2024-11-11,Treadwell Mills,,
2024-11-11 09:00:00,2024-11-11,9,2024-11-05/2024-11-11,Treadwell Mills,,
2024-11-11 10:00:00,2024-11-11,10,2024-11-05/2024-11-11,Treadwell Mills,,
2024-11-11 11:00:00,2024-11-11,11,2024-11-05/2024-11-11,Treadwell Mills,,
2024-11-11 12:00:00,2024-11-11,12,2024-11-05/2024-11-11,Treadwell Mills,,
2024-11-11 13:00:00,2024-11-11,13,2024-11-05/2024-11-11,Treadwell Mills,,
2024-11-11 14:00:00,2024-11-11,14,2024-11-05/2024-11-11,Treadwell Mills,,
2024-11-11 15:00:00,2024-11-11,15,2024-11-05/2024-11-11,Treadwell Mills,,
2024-11-11 16:00:00,2024-11-11,16,2024-11-05/2024-11-11,Treadwell Mills,,
2024-11-11 17:00:00,2024-11-11,17,2024-11-05/2024-11-11,Treadwell Mills,,
2024-11-11 18:00:00,2024-11-11,18,2024-11-05/2024-11-11,Treadwell Mills,,
2024-11-11 19:00:00,2024-11-11,19,2024-11-05/2024-11-11,Treadwell Mills,,
2024-11-11 20:00:00,2024-11-11,20,2024-11-05/2024-11-11,Treadwell Mills,,
2024-11-11 21:00:00,2024-11-11,21,2024-11-05/2024-11-11,Treadwell Mills,,
2024-11-11 22:00:00,2024-11-11,22,2024-11-05/2024-11-11,Treadwell Mills,,
2024-11-11 23:00:00,2024-11-11,23,2024-11-05/2024-11-11,Treadwell Mills,,
2024-11-12 00:00:00,2024-11-12,0,2024-11-12/2024-11-18,Treadwell Mills,,
2024-11-12 01:00:00,2024-11-12,1,2024-11-12/2024-11-18,Treadwell Mills,,
2024-11-12 02:00:00,2024-11-12,2,2024-11-12/2024-11-18,Treadwell Mills,,
2024-11-12 03:00:00,2024-11-12,3,2024-11-12/2024-11-18,Treadwell Mills,,
2024-11-12 04:00:00,2024-11-12,4,2024-11-12/2024-11-18,Treadwell Mills,,
2024-11-12 05:00:00,2024-11-12,5,2024-11-12/2024-11-18,Treadwell Mills,,
2024-11-12 06:00:00,2024-11-12,6,2024-11-12/2024-11-18,Treadwell Mills,,
2024-11-12 07:00:00,2024-11-12,7,2024-11-12/2024-11-18,Treadwell Mills,,
2024-11-12 08:00:00,2024-11-12,8,2024-11-12/2024-11-18,Treadwell Mills,,
2024-11-12 09:00:00,2024-11-12,9,2024-11-12/2024-11-18,Treadwell Mills,,
2024-11-12 10:00:00,2024-11-12,10,2024-11-12/2024-11-18,Treadwell Mills,,
2024-11-12 11:00:00,2024-11-12,11,2024-11-12/2024-11-18,Treadwell Mills,,
2024-11-12 12:00:00,2024-11-12,12,2024-11-12/2024-11-18,Treadwell Mills,,
2024-11-12 13:00:00,2024-11-12,13,2024-11-12/2024-11-18,Treadwell Mills,,
2024-11-12 14:00:00,2024-11-12,14,2024-11-12/2024-11-18,Treadwell Mills,,
2024-11-12 15:00:00,2024-11-12,15,2024-11-12/2024-11-18,Treadwell Mills,,
2024-11-12 16:00:00,2024-11-12,16,2024-11-12/2024-11-18,Treadwell Mills,,
2024-11-12 17:00:00,2024-11-12,17,2024-11-12/2024-11-18,Treadwell Mills,,
2024-11-12 18:00:00,2024-11-12,18,2024-11-12/2024-11-18,Treadwell Mills,,
2024-11-12 19:00:00,2024-11-12,19,2024-11-12/2024-11-18,Treadwell Mills,,
2024-11-12 20:00:00,2024-11-12,20,2024-11-12/2024-11-18,Treadwell Mills,,
2024-11-12 21:00:00,2024-11-12,21,2024-11-12/2024-11-18,Treadwell Mills,,
2024-11-12 22:00:00,2024-11-12,22,2024-11-12/2024-11-18,Treadwell Mills,,
2024-11-12 23:00:00,2024-11-12,23,2024-11-12/2024-11-18,Treadwell Mills,,
2024-11-13 00:00:00,2024-11-13,0,2024-11-12/2024-11-18,Treadwell Mills,,
2024-11-13 01:00:00,2024-11-13,1,2024-11-12/2024-11-18,Treadwell Mills,,
2024-11-13 02:00:00,2024-11-13,2,2024-11-12/2024-11-18,Treadwell Mills,,
2024-11-13 03:00:00,2024-11-13,3,2024-11-12/2024-11-18,Treadwell Mills,,
2024-11-13 04:00:00,2024-11-13,4,2024-11-12/2024-11-18,Treadwell Mills,,
2024-11-13 05:00:00,2024-11-13,5,2024-11-12/2024-11-18,Treadwell Mills,,
2024-11-13 06:00:00,2024-11-13,6,2024-11-12/2024-11-18,Treadwell Mills,,
2024-11-13 07:00:00,2024-11-13,7,2024-11-12/2024-11-18,Treadwell Mills,,
2024-11-13 08:00:00,2024-11-13,8,2024-11-12/2024-11-18,Treadwell Mills,,
2024-11-13 09:00:00,2024-11-13,9,2024-11-12/2024-11-18,Treadwell Mills,,
2024-11-13 10:00:00,2024-11-13,10,2024-11-12/2024-11-18,Treadwell Mills,,
2024-11-13 11:00:00,2024-11-13,11,2024-11-12/2024-11-18,Treadwell Mills,,
2024-11-13 12:00:00,2024-11-13,12,2024-11-12/2024-11-18,Treadwell Mills,,
2024-11-13 13:00:00,2024-11-13,13,2024-11-12/2024-11-18,Treadwell Mills,,
2024-11-13 14:00:00,2024-11-13,14,2024-11-12/2024-11-18,Treadwell Mills,,
2024-11-13 15:00:00,2024-11-13,15,2024-11-12/2024-11-18,Treadwell Mills,,
2024-11-13 16:00:00,2024-11-13,16,2024-11-12/2024-11-18,Treadwell Mills,,
2024-11-13 17:00:00,2024-11-13,17,2024-11-12/2024-11-18,Treadwell Mills,,
2024-11-13 18:00:00,2024-11-13,18,2024-11-12/2024-11-18,Treadwell Mills,,
2024-11-13 19:00:00,2024-11-13,19,2024-11-12/2024-11-18,Treadwell Mills,,
2024-11-13 20:00:00,2024-11-13,20,2024-11-12/2024-11-18,Treadwell Mills,,
2024-11-13 21:00:00,2024-11-13,21,2024-11-12/2024-11-18,Treadwell Mills,,
2024-11-13 22:00:00,2024-11-13,22,2024-11-12/2024-11-18,Treadwell Mills,,
2024-11-13 23:00:00,2024-11-13,23,2024-11-12/2024-11-18,Treadwell Mills,,
2024-11-14 00:00:00,2024-11-14,0,2024-11-12/2024-11-18,Treadwell Mills,,
2024-11-14 01:00:00,2024-11-14,1,2024-11-12/2024-11-18,Treadwell Mills,,
2024-11-14 02:00:00,2024-11-14,2,2024-11-12/2024-11-18,Treadwell Mills,,
2024-11-14 03:00:00,2024-11-14,3,2024-11-12/2024-11-18,Treadwell Mills,,
2024-11-14 04:00:00,2024-11-14,4,2024-11-12/2024-11-18,Treadwell Mills,,
2024-11-14 05:00:00,2024-11-14,5,2024-11-12/2024-11-18,Treadwell Mills,,
2024-11-14 06:00:00,2024-11-14,6,2024-11-12/2024-11-18,Treadwell Mills,,
2024-11-14 07:00:00,2024-11-14,7,2024-11-12/2024-11-18,Treadwell Mills,,
2024-11-14 08:00:00,2024-11-14,8,2024-11-12/2024-11-18,Treadwell Mills,,
2024-11-14 09:00:00,2024-11-14,9,2024-11-12/2024-11-18,Treadwell Mills,,
2024-11-14 10:00:00,2024-11-14,10,2024-11-12/2024-11-18,Treadwell Mills,,
2024-11-14 11:00:00,2024-11-14,11,2024-11-12/2024-11-18,Treadwell Mills,,
2024-11-14 12:00:00,2024-11-14,12,2024-11-12/2024-11-18,Treadwell Mills,,
2024-11-14 13:00:00,2024-11-14,13,2024-11-12/2024-11-18,Treadwell Mills,,
2024-11-14 14:00:00,2024-11-14,14,2024-11-12/2024-11-18,Treadwell Mills,,
2024-11-14 15:00:00,2024-11-14,15,2024-11-12/2024-11-18,Treadwell Mills,,
2024-11-14 16:00:00,2024-11-14,16,2024-11-12/2024-11-18,Treadwell Mills,,
2024-11-14 17:00:00,2024-11-14,17,2024-11-12/2024-11-18,Treadwell Mills,,
2024-11-14 18:00:00,2024-11-14,18,2024-11-12/2024-11-18,Treadwell Mills,,
2024-11-14 19:00:00,2024-11-14,19,2024-11-12/2024-11-18,Treadwell Mills,,
2024-11-14 20:00:00,2024-11-14,20,2024-11-12/2024-11-18,Treadwell Mills,,
2024-11-14 21:00:00,2024-11-14,21,2024-11-12/2024-11-18,Treadwell Mills,,
2024-11-14 22:00:00,2024-11-14,22,2024-11-12/2024-11-18,Treadwell Mills,,
2024-11-14 23:00:00,2024-11-14,23,2024-11-12/2024-11-18,Treadwell Mills,,
2024-11-15 00:00:00,2024-11-15,0,2024-11-12/2024-11-18,Treadwell Mills,,
2024-11-15 01:00:00,2024-11-15,1,2024-11-12/2024-11-18,Treadwell Mills,,
2024-11-15 02:00:00,2024-11-15,2,2024-11-12/2024-11-18,Treadwell Mills,,
2024-11-15 03:00:00,2024-11-15,3,2024-11-12/2024-11-18,Treadwell Mills,,
2024-11-15 04:00:00,2024-11-15,4,2024-11-12/2024-11-18,Treadwell Mills,,
2024-11-15 05:00:00,2024-11-15,5,2024-11-12/2024-11-18,Treadwell Mills,,
2024-11-15 06:00:00,2024-11-15,6,2024-11-12/2024-11-18,Treadwell Mills,,
2024-11-15 07:00:00,2024-11-15,7,2024-11-12/2024-11-18,Treadwell Mills,,
2024-11-15 08:00:00,2024-11-15,8,2024-11-12/2024-11-18,Treadwell Mills,,
2024-11-15 09:00:00,2024-11-15,9,2024-11-12/2024-11-18,Treadwell Mills,,
2024-11-15 10:00:00,2024-11-15,10,2024-11-12/2024-11-18,Treadwell Mills,,
2024-11-15 11:00:00,2024-11-15,11,2024-11-12/2024-11-18,Treadwell Mills,,
2024-11-15 12:00:00,2024-11-15,12,2024-11-12/2024-11-18,Treadwell Mills,,
2024-11-15 13:00:00,2024-11-15,13,2024-11-12/2024-11-18,Treadwell Mills,,
2024-11-15 14:00:00,2024-11-15,14,2024-11-12/2024-11-18,Treadwell Mills,,
2024-11-15 15:00:00,2024-11-15,15,2024-11-12/2024-11-18,Treadwell Mills,,
2024-11-15 16:00:00,2024-11-15,16,2024-11-12/2024-11-18,Treadwell Mills,,
2024-11-15 17:00:00,2024-11-15,17,2024-11-12/2024-11-18,Treadwell Mills,,
2024-11-15 18:00:00,2024-11-15,18,2024-11-12/2024-11-18,Treadwell Mills,,
2024-11-15 19:00:00,2024-11-15,19,2024-11-12/2024-11-18,Treadwell Mills,,
2024-11-15 20:00:00,2024-11-15,20,2024-11-12/2024-11-18,Treadwell Mills,,
2024-11-15 21:00:00,2024-11-15,21,2024-11-12/2024-11-18,Treadwell Mills,,
2024-11-15 22:00:00,2024-11-15,22,2024-11-12/2024-11-18,Treadwell Mills,,
2024-11-15 23:00:00,2024-11-15,23,2024-11-12/2024-11-18,Treadwell Mills,,
2024-11-16 00:00:00,2024-11-16,0,2024-11-12/2024-11-18,Treadwell Mills,,
2024-11-16 01:00:00,2024-11-16,1,2024-11-12/2024-11-18,Treadwell Mills,,
2024-11-16 02:00:00,2024-11-16,2,2024-11-12/2024-11-18,Treadwell Mills,,
2024-11-16 03:00:00,2024-11-16,3,2024-11-12/2024-11-18,Treadwell Mills,,
2024-11-16 04:00:00,2024-11-16,4,2024-11-12/2024-11-18,Treadwell Mills,,
2024-11-16 05:00:00,2024-11-16,5,2024-11-12/2024-11-18,Treadwell Mills,,
2024-11-16 06:00:00,2024-11-16,6,2024-11-12/2024-11-18,Treadwell Mills,,
2024-11-16 07:00:00,2024-11-16,7,2024-11-12/2024-11-18,Treadwell Mills,,
2024-11-16 08:00:00,2024-11-16,8,2024-11-12/2024-11-18,Treadwell Mills,,
2024-11-16 09:00:00,2024-11-16,9,2024-11-12/2024-11-18,Treadwell Mills,,
2024-11-16 10:00:00,2024-11-16,10,2024-11-12/2024-11-18,Treadwell Mills,,
2024-11-16 11:00:00,2024-11-16,11,2024-11-12/2024-11-18,Treadwell Mills,,
2024-11-16 12:00:00,2024-11-16,12,2024-11-12/2024-11-18,Treadwell Mills,,
2024-11-16 13:00:00,2024-11-16,13,2024-11-12/2024-11-18,Treadwell Mills,,
2024-11-16 14:00:00,2024-11-16,14,2024-11-12/2024-11-18,Treadwell Mills,,
2024-11-16 15:00:00,2024-11-16,15,2024-11-12/2024-11-18,Treadwell Mills,,
2024-11-16 16:00:00,2024-11-16,16,2024-11-12/2024-11-18,Treadwell Mills,,
2024-11-16 17:00:00,2024-11-16,17,2024-11-12/2024-11-18,Treadwell Mills,,
2024-11-16 18:00:00,2024-11-16,18,2024-11-12/2024-11-18,Treadwell Mills,,
2024-11-16 19:00:00,2024-11-16,19,2024-11-12/2024-11-18,Treadwell Mills,,
2024-11-16 20:00:00,2024-11-16,20,2024-11-12/2024-11-18,Treadwell Mills,,
2024-11-16 21:00:00,2024-11-16,21,2024-11-12/2024-11-18,Treadwell Mills,,
2024-11-16 22:00:00,2024-11-16,22,2024-11-12/2024-11-18,Treadwell Mills,,
2024-11-16 23:00:00,2024-11-16,23,2024-11-12/2024-11-18,Treadwell Mills,,
2024-11-17 00:00:00,2024-11-17,0,2024-11-12/2024-11-18,Treadwell Mills,,
2024-11-17 01:00:00,2024-11-17,1,2024-11-12/2024-11-18,Treadwell Mills,,
2024-11-17 02:00:00,2024-11-17,2,2024-11-12/2024-11-18,Treadwell Mills,,
2024-11-17 03:00:00,2024-11-17,3,2024-11-12/2024-11-18,Treadwell Mills,,
2024-11-17 04:00:00,2024-11-17,4,2024-11-12/2024-11-18,Treadwell Mills,,
2024-11-17 05:00:00,2024-11-17,5,2024-11-12/2024-11-18,Treadwell Mills,,
2024-11-17 06:00:00,2024-11-17,6,2024-11-12/2024-11-18,Treadwell Mills,,
2024-11-17 07:00:00,2024-11-17,7,2024-11-12/2024-11-18,Treadwell Mills,,
2024-11-17 08:00:00,2024-11-17,8,2024-11-12/2024-11-18,Treadwell Mills,,
2024-11-17 09:00:00,2024-11-17,9,2024-11-12/2024-11-18,Treadwell Mills,,
2024-11-17 10:00:00,2024-11-17,10,2024-11-12/2024-11-18,Treadwell Mills,,
2024-11-17 11:00:00,2024-11-17,11,2024-11-12/2024-11-18,Treadwell Mills,,
2024-11-17 12:00:00,2024-11-17,12,2024-11-12/2024-11-18,Treadwell Mills,,
2024-11-17 13:00:00,2024-11-17,13,2024-11-12/2024-11-18,Treadwell Mills,,
2024-11-17 14:00:00,2024-11-17,14,2024-11-12/2024-11-18,Treadwell Mills,,
2024-11-17 15:00:00,2024-11-17,15,2024-11-12/2024-11-18,Treadwell Mills,,
2024-11-17 16:00:00,2024-11-17,16,2024-11-12/2024-11-18,Treadwell Mills,,
2024-11-17 17:00:00,2024-11-17,17,2024-11-12/2024-11-18,Treadwell Mills,,
2024-11-17 18:00:00,2024-11-17,18,2024-11-12/2024-11-18,Treadwell Mills,,
2024-11-17 19:00:00,2024-11-17,19,2024-11-12/2024-11-18,Treadwell Mills,,
2024-11-17 20:00:00,2024-11-17,20,2024-11-12/2024-11-18,Treadwell Mills,,
2024-11-17 21:00:00,2024-11-17,21,2024-11-12/2024-11-18,Treadwell Mills,,
2024-11-17 22:00:00,2024-11-17,22,2024-11-12/2024-11-18,Treadwell Mills,,
2024-11-17 23:00:00,2024-11-17,23,2024-11-12/2024-11-18,Treadwell Mills,,
2024-11-18 00:00:00,2024-11-18,0,2024-11-12/2024-11-18,Treadwell Mills,,
2024-11-18 01:00:00,2024-11-18,1,2024-11-12/2024-11-18,Treadwell Mills,,
2024-11-18 02:00:00,2024-11-18,2,2024-11-12/2024-11-18,Treadwell Mills,,
2024-11-18 03:00:00,2024-11-18,3,2024-11-12/2024-11-18,Treadwell Mills,,
2024-11-18 04:00:00,2024-11-18,4,2024-11-12/2024-11-18,Treadwell Mills,,
2024-11-18 05:00:00,2024-11-18,5,2024-11-12/2024-11-18,Treadwell Mills,,
2024-11-18 06:00:00,2024-11-18,6,2024-11-12/2024-11-18,Treadwell Mills,,
2024-11-18 07:00:00,2024-11-18,7,2024-11-12/2024-11-18,Treadwell Mills,,
2024-11-18 08:00:00,2024-11-18,8,2024-11-12/2024-11-18,Treadwell Mills,,
2024-11-18 09:00:00,2024-11-18,9,2024-11-12/2024-11-18,Treadwell Mills,,
2024-11-18 10:00:00,2024-11-18,10,2024-11-12/2024-11-18,Treadwell Mills,,
2024-11-18 11:00:00,2024-11-18,11,2024-11-12/2024-11-18,Treadwell Mills,,
2024-11-18 12:00:00,2024-11-18,12,2024-11-12/2024-11-18,Treadwell Mills,,
2024-11-18 13:00:00,2024-11-18,13,2024-11-12/2024-11-18,Treadwell Mills,,
2024-11-18 14:00:00,2024-11-18,14,2024-11-12/2024-11-18,Treadwell Mills,,
2024-11-18 15:00:00,2024-11-18,15,2024-11-12/2024-11-18,Treadwell Mills,,
2024-11-18 16:00:00,2024-11-18,16,2024-11-12/2024-11-18,Treadwell Mills,,
2024-11-18 17:00:00,2024-11-18,17,2024-11-12/2024-11-18,Treadwell Mills,,
2024-11-18 18:00:00,2024-11-18,18,2024-11-12/2024-11-18,Treadwell Mills,,
2024-11-18 19:00:00,2024-11-18,19,2024-11-12/2024-11-18,Treadwell Mills,,
2024-11-18 20:00:00,2024-11-18,20,2024-11-12/2024-11-18,Treadwell Mills,,
2024-11-18 21:00:00,2024-11-18,21,2024-11-12/2024-11-18,Treadwell Mills,,
2024-11-18 22:00:00,2024-11-18,22,2024-11-12/2024-11-18,Treadwell Mills,,
2024-11-18 23:00:00,2024-11-18,23,2024-11-12/2024-11-18,Treadwell Mills,,
2024-11-19 00:00:00,2024-11-19,0,2024-11-19/2024-11-25,Treadwell Mills,,
2024-11-19 01:00:00,2024-11-19,1,2024-11-19/2024-11-25,Treadwell Mills,,
2024-11-19 02:00:00,2024-11-19,2,2024-11-19/2024-11-25,Treadwell Mills,,
2024-11-19 03:00:00,2024-11-19,3,2024-11-19/2024-11-25,Treadwell Mills,,
2024-11-19 04:00:00,2024-11-19,4,2024-11-19/2024-11-25,Treadwell Mills,,
2024-11-19 05:00:00,2024-11-19,5,2024-11-19/2024-11-25,Treadwell Mills,,
2024-11-19 06:00:00,2024-11-19,6,2024-11-19/2024-11-25,Treadwell Mills,,
2024-11-19 07:00:00,2024-11-19,7,2024-11-19/2024-11-25,Treadwell Mills,,
2024-11-19 08:00:00,2024-11-19,8,2024-11-19/2024-11-25,Treadwell Mills,,
2024-11-19 09:00:00,2024-11-19,9,2024-11-19/2024-11-25,Treadwell Mills,,
2024-11-19 10:00:00,2024-11-19,10,2024-11-19/2024-11-25,Treadwell Mills,,
2024-11-19 11:00:00,2024-11-19,11,2024-11-19/2024-11-25,Treadwell Mills,,
2024-11-19 12:00:00,2024-11-19,12,2024-11-19/2024-11-25,Treadwell Mills,,
2024-11-19 13:00:00,2024-11-19,13,2024-11-19/2024-11-25,Treadwell Mills,,
2024-11-19 14:00:00,2024-11-19,14,2024-11-19/2024-11-25,Treadwell Mills,,
2024-11-19 15:00:00,2024-11-19,15,2024-11-19/2024-11-25,Treadwell Mills,,
2024-11-19 16:00:00,2024-11-19,16,2024-11-19/2024-11-25,Treadwell Mills,,
2024-11-19 17:00:00,2024-11-19,17,2024-11-19/2024-11-25,Treadwell Mills,,
2024-11-19 18:00:00,2024-11-19,18,2024-11-19/2024-11-25,Treadwell Mills,,
2024-11-19 19:00:00,2024-11-19,19,2024-11-19/2024-11-25,Treadwell Mills,,
2024-11-19 20:00:00,2024-11-19,20,2024-11-19/2024-11-25,Treadwell Mills,,
2024-11-19 21:00:00,2024-11-19,21,2024-11-19/2024-11-25,Treadwell Mills,,
2024-11-19 22:00:00,2024-11-19,22,2024-11-19/2024-11-25,Treadwell Mills,,
2024-11-19 23:00:00,2024-11-19,23,2024-11-19/2024-11-25,Treadwell Mills,,
2024-11-20 00:00:00,2024-11-20,0,2024-11-19/2024-11-25,Treadwell Mills,,
2024-11-20 01:00:00,2024-11-20,1,2024-11-19/2024-11-25,Treadwell Mills,,
2024-11-20 02:00:00,2024-11-20,2,2024-11-19/2024-11-25,Treadwell Mills,,
2024-11-20 03:00:00,2024-11-20,3,2024-11-19/2024-11-25,Treadwell Mills,,
2024-11-20 04:00:00,2024-11-20,4,2024-11-19/2024-11-25,Treadwell Mills,,
2024-11-20 05:00:00,2024-11-20,5,2024-11-19/2024-11-25,Treadwell Mills,,
2024-11-20 06:00:00,2024-11-20,6,2024-11-19/2024-11-25,Treadwell Mills,,
2024-11-20 07:00:00,2024-11-20,7,2024-11-19/2024-11-25,Treadwell Mills,,
2024-11-20 08:00:00,2024-11-20,8,2024-11-19/2024-11-25,Treadwell Mills,,
2024-11-20 09:00:00,2024-11-20,9,2024-11-19/2024-11-25,Treadwell Mills,,
2024-11-20 10:00:00,2024-11-20,10,2024-11-19/2024-11-25,Treadwell Mills,,
2024-11-20 11:00:00,2024-11-20,11,2024-11-19/2024-11-25,Treadwell Mills,,
2024-11-20 12:00:00,2024-11-20,12,2024-11-19/2024-11-25,Treadwell Mills,,
2024-11-20 13:00:00,2024-11-20,13,2024-11-19/2024-11-25,Treadwell Mills,,
2024-11-20 14:00:00,2024-11-20,14,2024-11-19/2024-11-25,Treadwell Mills,,
2024-11-20 15:00:00,2024-11-20,15,2024-11-19/2024-11-25,Treadwell Mills,,
2024-11-20 16:00:00,2024-11-20,16,2024-11-19/2024-11-25,Treadwell Mills,,
2024-11-20 17:00:00,2024-11-20,17,2024-11-19/2024-11-25,Treadwell Mills,,
2024-11-20 18:00:00,2024-11-20,18,2024-11-19/2024-11-25,Treadwell Mills,,
2024-11-20 19:00:00,2024-11-20,19,2024-11-19/2024-11-25,Treadwell Mills,,
2024-11-20 20:00:00,2024-11-20,20,2024-11-19/2024-11-25,Treadwell Mills,,
2024-11-20 21:00:00,2024-11-20,21,2024-11-19/2024-11-25,Treadwell Mills,,
2024-11-20 22:00:00,2024-11-20,22,2024-11-19/2024-11-25,Treadwell Mills,,
2024-11-20 23:00:00,2024-11-20,23,2024-11-19/2024-11-25,Treadwell Mills,,
2024-11-21 00:00:00,2024-11-21,0,2024-11-19/2024-11-25,Treadwell Mills,,
2024-11-21 01:00:00,2024-11-21,1,2024-11-19/2024-11-25,Treadwell Mills,,
2024-11-21 02:00:00,2024-11-21,2,2024-11-19/2024-11-25,Treadwell Mills,,
2024-11-21 03:00:00,2024-11-21,3,2024-11-19/2024-11-25,Treadwell Mills,,
2024-11-21 04:00:00,2024-11-21,4,2024-11-19/2024-11-25,Treadwell Mills,,
2024-11-21 05:00:00,2024-11-21,5,2024-11-19/2024-11-25,Treadwell Mills,,
2024-11-21 06:00:00,2024-11-21,6,2024-11-19/2024-11-25,Treadwell Mills,,
2024-11-21 07:00:00,2024-11-21,7,2024-11-19/2024-11-25,Treadwell Mills,,
2024-11-21 08:00:00,2024-11-21,8,2024-11-19/2024-11-25,Treadwell Mills,,
2024-11-21 09:00:00,2024-11-21,9,2024-11-19/2024-11-25,Treadwell Mills,,
2024-11-21 10:00:00,2024-11-21,10,2024-11-19/2024-11-25,Treadwell Mills,,
2024-11-21 11:00:00,2024-11-21,11,2024-11-19/2024-11-25,Treadwell Mills,,
2024-11-21 12:00:00,2024-11-21,12,2024-11-19/2024-11-25,Treadwell Mills,,
2024-11-21 13:00:00,2024-11-21,13,2024-11-19/2024-11-25,Treadwell Mills,,
2024-11-21 14:00:00,2024-11-21,14,2024-11-19/2024-11-25,Treadwell Mills,,
2024-11-21 15:00:00,2024-11-21,15,2024-11-19/2024-11-25,Treadwell Mills,,
2024-11-21 16:00:00,2024-11-21,16,2024-11-19/2024-11-25,Treadwell Mills,,
2024-11-21 17:00:00,2024-11-21,17,2024-11-19/2024-11-25,Treadwell Mills,,
2024-11-21 18:00:00,2024-11-21,18,2024-11-19/2024-11-25,Treadwell Mills,,
2024-11-21 19:00:00,2024-11-21,19,2024-11-19/2024-11-25,Treadwell Mills,,
2024-11-21 20:00:00,2024-11-21,20,2024-11-19/2024-11-25,Treadwell Mills,,
2024-11-21 21:00:00,2024-11-21,21,2024-11-19/2024-11-25,Treadwell Mills,,
2024-11-21 22:00:00,2024-11-21,22,2024-11-19/2024-11-25,Treadwell Mills,,
2024-11-21 23:00:00,2024-11-21,23,2024-11-19/2024-11-25,Treadwell Mills,,
2024-11-22 00:00:00,2024-11-22,0,2024-11-19/2024-11-25,Treadwell Mills,,
2024-11-22 01:00:00,2024-11-22,1,2024-11-19/2024-11-25,Treadwell Mills,,
2024-11-22 02:00:00,2024-11-22,2,2024-11-19/2024-11-25,Treadwell Mills,,
2024-11-22 03:00:00,2024-11-22,3,2024-11-19/2024-11-25,Treadwell Mills,,
2024-11-22 04:00:00,2024-11-22,4,2024-11-19/2024-11-25,Treadwell Mills,,
2024-11-22 05:00:00,2024-11-22,5,2024-11-19/2024-11-25,Treadwell Mills,,
2024-11-22 06:00:00,2024-11-22,6,2024-11-19/2024-11-25,Treadwell Mills,,
2024-11-22 07:00:00,2024-11-22,7,2024-11-19/2024-11-25,Treadwell Mills,,
2024-11-22 08:00:00,2024-11-22,8,2024-11-19/2024-11-25,Treadwell Mills,,
2024-11-22 09:00:00,2024-11-22,9,2024-11-19/2024-11-25,Treadwell Mills,,
2024-11-22 10:00:00,2024-11-22,10,2024-11-19/2024-11-25,Treadwell Mills,,
2024-11-22 11:00:00,2024-11-22,11,2024-11-19/2024-11-25,Treadwell Mills,,
2024-11-22 12:00:00,2024-11-22,12,2024-11-19/2024-11-25,Treadwell Mills,,
2024-11-22 13:00:00,2024-11-22,13,2024-11-19/2024-11-25,Treadwell Mills,,
2024-11-22 14:00:00,2024-11-22,14,2024-11-19/2024-11-25,Treadwell Mills,,
2024-11-22 15:00:00,2024-11-22,15,2024-11-19/2024-11-25,Treadwell Mills,,
2024-11-22 16:00:00,2024-11-22,16,2024-11-19/2024-11-25,Treadwell Mills,,
2024-11-22 17:00:00,2024-11-22,17,2024-11-19/2024-11-25,Treadwell Mills,,
2024-11-22 18:00:00,2024-11-22,18,2024-11-19/2024-11-25,Treadwell Mills,,
2024-11-22 19:00:00,2024-11-22,19,2024-11-19/2024-11-25,Treadwell Mills,,
2024-11-22 20:00:00,2024-11-22,20,2024-11-19/2024-11-25,Treadwell Mills,,
2024-11-22 21:00:00,2024-11-22,21,2024-11-19/2024-11-25,Treadwell Mills,,
2024-11-22 22:00:00,2024-11-22,22,2024-11-19/2024-11-25,Treadwell Mills,,
2024-11-22 23:00:00,2024-11-22,23,2024-11-19/2024-11-25,Treadwell Mills,,
2024-11-23 00:00:00,2024-11-23,0,2024-11-19/2024-11-25,Treadwell Mills,,
2024-11-23 01:00:00,2024-11-23,1,2024-11-19/2024-11-25,Treadwell Mills,,
2024-11-23 02:00:00,2024-11-23,2,2024-11-19/2024-11-25,Treadwell Mills,,
2024-11-23 03:00:00,2024-11-23,3,2024-11-19/2024-11-25,Treadwell Mills,,
2024-11-23 04:00:00,2024-11-23,4,2024-11-19/2024-11-25,Treadwell Mills,,
2024-11-23 05:00:00,2024-11-23,5,2024-11-19/2024-11-25,Treadwell Mills,,
2024-11-23 06:00:00,2024-11-23,6,2024-11-19/2024-11-25,Treadwell Mills,,
2024-11-23 07:00:00,2024-11-23,7,2024-11-19/2024-11-25,Treadwell Mills,,
2024-11-23 08:00:00,2024-11-23,8,2024-11-19/2024-11-25,Treadwell Mills,,
2024-11-23 09:00:00,2024-11-23,9,2024-11-19/2024-11-25,Treadwell Mills,,
2024-11-23 10:00:00,2024-11-23,10,2024-11-19/2024-11-25,Treadwell Mills,,
2024-11-23 11:00:00,2024-11-23,11,2024-11-19/2024-11-25,Treadwell Mills,,
2024-11-23 12:00:00,2024-11-23,12,2024-11-19/2024-11-25,Treadwell Mills,,
2024-11-23 13:00:00,2024-11-23,13,2024-11-19/2024-11-25,Treadwell Mills,,
2024-11-23 14:00:00,2024-11-23,14,2024-11-19/2024-11-25,Treadwell Mills,,
2024-11-23 15:00:00,2024-11-23,15,2024-11-19/2024-11-25,Treadwell Mills,,
2024-11-23 16:00:00,2024-11-23,16,2024-11-19/2024-11-25,Treadwell Mills,,
2024-11-23 17:00:00,2024-11-23,17,2024-11-19/2024-11-25,Treadwell Mills,,
2024-11-23 18:00:00,2024-11-23,18,2024-11-19/2024-11-25,Treadwell Mills,,
2024-11-23 19:00:00,2024-11-23,19,2024-11-19/2024-11-25,Treadwell Mills,,
2024-11-23 20:00:00,2024-11-23,20,2024-11-19/2024-11-25,Treadwell Mills,,
2024-11-23 21:00:00,2024-11-23,21,2024-11-19/2024-11-25,Treadwell Mills,,
2024-11-23 22:00:00,2024-11-23,22,2024-11-19/2024-11-25,Treadwell Mills,,
2024-11-23 23:00:00,2024-11-23,23,2024-11-19/2024-11-25,Treadwell Mills,,
2024-11-24 00:00:00,2024-11-24,0,2024-11-19/2024-11-25,Treadwell Mills,,
2024-11-24 01:00:00,2024-11-24,1,2024-11-19/2024-11-25,Treadwell Mills,,
2024-11-24 02:00:00,2024-11-24,2,2024-11-19/2024-11-25,Treadwell Mills,,
2024-11-24 03:00:00,2024-11-24,3,2024-11-19/2024-11-25,Treadwell Mills,,
2024-11-24 04:00:00,2024-11-24,4,2024-11-19/2024-11-25,Treadwell Mills,,
2024-11-24 05:00:00,2024-11-24,5,2024-11-19/2024-11-25,Treadwell Mills,,
2024-11-24 06:00:00,2024-11-24,6,2024-11-19/2024-11-25,Treadwell Mills,,
2024-11-24 07:00:00,2024-11-24,7,2024-11-19/2024-11-25,Treadwell Mills,,
2024-11-24 08:00:00,2024-11-24,8,2024-11-19/2024-11-25,Treadwell Mills,,
2024-11-24 09:00:00,2024-11-24,9,2024-11-19/2024-11-25,Treadwell Mills,,
2024-11-24 10:00:00,2024-11-24,10,2024-11-19/2024-11-25,Treadwell Mills,,
2024-11-24 11:00:00,2024-11-24,11,2024-11-19/2024-11-25,Treadwell Mills,,
2024-11-24 12:00:00,2024-11-24,12,2024-11-19/2024-11-25,Treadwell Mills,,
2024-11-24 13:00:00,2024-11-24,13,2024-11-19/2024-11-25,Treadwell Mills,,
2024-11-24 14:00:00,2024-11-24,14,2024-11-19/2024-11-25,Treadwell Mills,,
2024-11-24 15:00:00,2024-11-24,15,2024-11-19/2024-11-25,Treadwell Mills,,
2024-11-24 16:00:00,2024-11-24,16,2024-11-19/2024-11-25,Treadwell Mills,,
2024-11-24 17:00:00,2024-11-24,17,2024-11-19/2024-11-25,Treadwell Mills,,
2024-11-24 18:00:00,2024-11-24,18,2024-11-19/2024-11-25,Treadwell Mills,,
2024-11-24 19:00:00,2024-11-24,19,2024-11-19/2024-11-25,Treadwell Mills,,
2024-11-24 20:00:00,2024-11-24,20,2024-11-19/2024-11-25,Treadwell Mills,,
2024-11-24 21:00:00,2024-11-24,21,2024-11-19/2024-11-25,Treadwell Mills,,
2024-11-24 22:00:00,2024-11-24,22,2024-11-19/2024-11-25,Treadwell Mills,,
2024-11-24 23:00:00,2024-11-24,23,2024-11-19/2024-11-25,Treadwell Mills,,
2024-11-25 00:00:00,2024-11-25,0,2024-11-19/2024-11-25,Treadwell Mills,,
2024-11-25 01:00:00,2024-11-25,1,2024-11-19/2024-11-25,Treadwell Mills,,
2024-11-25 02:00:00,2024-11-25,2,2024-11-19/2024-11-25,Treadwell Mills,,
2024-11-25 03:00:00,2024-11-25,3,2024-11-19/2024-11-25,Treadwell Mills,,
2024-11-25 04:00:00,2024-11-25,4,2024-11-19/2024-11-25,Treadwell Mills,,
2024-11-25 05:00:00,2024-11-25,5,2024-11-19/2024-11-25,Treadwell Mills,,
2024-11-25 06:00:00,2024-11-25,6,2024-11-19/2024-11-25,Treadwell Mills,,
2024-11-25 07:00:00,2024-11-25,7,2024-11-19/2024-11-25,Treadwell Mills,,
2024-11-25 08:00:00,2024-11-25,8,2024-11-19/2024-11-25,Treadwell Mills,,
2024-11-25 09:00:00,2024-11-25,9,2024-11-19/2024-11-25,Treadwell Mills,,
2024-11-25 10:00:00,2024-11-25,10,2024-11-19/2024-11-25,Treadwell Mills,,
2024-11-25 11:00:00,2024-11-25,11,2024-11-19/2024-11-25,Treadwell Mills,,
2024-11-25 12:00:00,2024-11-25,12,2024-11-19/2024-11-25,Treadwell Mills,,
2024-11-25 13:00:00,2024-11-25,13,2024-11-19/2024-11-25,Treadwell Mills,,
2024-11-25 14:00:00,2024-11-25,14,2024-11-19/2024-11-25,Treadwell Mills,,
2024-11-25 15:00:00,2024-11-25,15,2024-11-19/2024-11-25,Treadwell Mills,,
2024-11-25 16:00:00,2024-11-25,16,2024-11-19/2024-11-25,Treadwell Mills,,
2024-11-25 17:00:00,2024-11-25,17,2024-11-19/2024-11-25,Treadwell Mills,,
2024-11-25 18:00:00,2024-11-25,18,2024-11-19/2024-11-25,Treadwell Mills,,
2024-11-25 19:00:00,2024-11-25,19,2024-11-19/2024-11-25,Treadwell Mills,,
2024-11-25 20:00:00,2024-11-25,20,2024-11-19/2024-11-25,Treadwell Mills,,
2024-11-25 21:00:00,2024-11-25,21,2024-11-19/2024-11-25,Treadwell Mills,,
2024-11-25 22:00:00,2024-11-25,22,2024-11-19/2024-11-25,Treadwell Mills,,
2024-11-25 23:00:00,2024-11-25,23,2024-11-19/2024-11-25,Treadwell Mills,,
2024-11-26 00:00:00,2024-11-26,0,2024-11-26/2024-12-02,Treadwell Mills,,
2024-11-26 01:00:00,2024-11-26,1,2024-11-26/2024-12-02,Treadwell Mills,,
2024-11-26 02:00:00,2024-11-26,2,2024-11-26/2024-12-02,Treadwell Mills,,
2024-11-26 03:00:00,2024-11-26,3,2024-11-26/2024-12-02,Treadwell Mills,,
2024-11-26 04:00:00,2024-11-26,4,2024-11-26/2024-12-02,Treadwell Mills,,
2024-11-26 05:00:00,2024-11-26,5,2024-11-26/2024-12-02,Treadwell Mills,,
2024-11-26 06:00:00,2024-11-26,6,2024-11-26/2024-12-02,Treadwell Mills,,
2024-11-26 07:00:00,2024-11-26,7,2024-11-26/2024-12-02,Treadwell Mills,,
2024-11-26 08:00:00,2024-11-26,8,2024-11-26/2024-12-02,Treadwell Mills,,
2024-11-26 09:00:00,2024-11-26,9,2024-11-26/2024-12-02,Treadwell Mills,,
2024-11-26 10:00:00,2024-11-26,10,2024-11-26/2024-12-02,Treadwell Mills,,
2024-11-26 11:00:00,2024-11-26,11,2024-11-26/2024-12-02,Treadwell Mills,,
2024-11-26 12:00:00,2024-11-26,12,2024-11-26/2024-12-02,Treadwell Mills,,
2024-11-26 13:00:00,2024-11-26,13,2024-11-26/2024-12-02,Treadwell Mills,,
2024-11-26 14:00:00,2024-11-26,14,2024-11-26/2024-12-02,Treadwell Mills,,
2024-11-26 15:00:00,2024-11-26,15,2024-11-26/2024-12-02,Treadwell Mills,,
2024-11-26 16:00:00,2024-11-26,16,2024-11-26/2024-12-02,Treadwell Mills,,
2024-11-26 17:00:00,2024-11-26,17,2024-11-26/2024-12-02,Treadwell Mills,,
2024-11-26 18:00:00,2024-11-26,18,2024-11-26/2024-12-02,Treadwell Mills,,
2024-11-26 19:00:00,2024-11-26,19,2024-11-26/2024-12-02,Treadwell Mills,,
2024-11-26 20:00:00,2024-11-26,20,2024-11-26/2024-12-02,Treadwell Mills,,
2024-11-26 21:00:00,2024-11-26,21,2024-11-26/2024-12-02,Treadwell Mills,,
2024-11-26 22:00:00,2024-11-26,22,2024-11-26/2024-12-02,Treadwell Mills,,
2024-11-26 23:00:00,2024-11-26,23,2024-11-26/2024-12-02,Treadwell Mills,,
2024-11-27 00:00:00,2024-11-27,0,2024-11-26/2024-12-02,Treadwell Mills,,
2024-11-27 01:00:00,2024-11-27,1,2024-11-26/2024-12-02,Treadwell Mills,,
2024-11-27 02:00:00,2024-11-27,2,2024-11-26/2024-12-02,Treadwell Mills,,
2024-11-27 03:00:00,2024-11-27,3,2024-11-26/2024-12-02,Treadwell Mills,,
2024-11-27 04:00:00,2024-11-27,4,2024-11-26/2024-12-02,Treadwell Mills,,
2024-11-27 05:00:00,2024-11-27,5,2024-11-26/2024-12-02,Treadwell Mills,,
2024-11-27 06:00:00,2024-11-27,6,2024-11-26/2024-12-02,Treadwell Mills,,
2024-11-27 07:00:00,2024-11-27,7,2024-11-26/2024-12-02,Treadwell Mills,,
2024-11-27 08:00:00,2024-11-27,8,2024-11-26/2024-12-02,Treadwell Mills,,
2024-11-27 09:00:00,2024-11-27,9,2024-11-26/2024-12-02,Treadwell Mills,,
2024-11-27 10:00:00,2024-11-27,10,2024-11-26/2024-12-02,Treadwell Mills,,
2024-11-27 11:00:00,2024-11-27,11,2024-11-26/2024-12-02,Treadwell Mills,,
2024-11-27 12:00:00,2024-11-27,12,2024-11-26/2024-12-02,Treadwell Mills,,
2024-11-27 13:00:00,2024-11-27,13,2024-11-26/2024-12-02,Treadwell Mills,,
2024-11-27 14:00:00,2024-11-27,14,2024-11-26/2024-12-02,Treadwell Mills,,
2024-11-27 15:00:00,2024-11-27,15,2024-11-26/2024-12-02,Treadwell Mills,,
2024-11-27 16:00:00,2024-11-27,16,2024-11-26/2024-12-02,Treadwell Mills,,
2024-11-27 17:00:00,2024-11-27,17,2024-11-26/2024-12-02,Treadwell Mills,,
2024-11-27 18:00:00,2024-11-27,18,2024-11-26/2024-12-02,Treadwell Mills,,
2024-11-27 19:00:00,2024-11-27,19,2024-11-26/2024-12-02,Treadwell Mills,,
2024-11-27 20:00:00,2024-11-27,20,2024-11-26/2024-12-02,Treadwell Mills,,
2024-11-27 21:00:00,2024-11-27,21,2024-11-26/2024-12-02,Treadwell Mills,,
2024-11-27 22:00:00,2024-11-27,22,2024-11-26/2024-12-02,Treadwell Mills,,
2024-11-27 23:00:00,2024-11-27,23,2024-11-26/2024-12-02,Treadwell Mills,,
2024-11-28 00:00:00,2024-11-28,0,2024-11-26/2024-12-02,Treadwell Mills,,
2024-11-28 01:00:00,2024-11-28,1,2024-11-26/2024-12-02,Treadwell Mills,,
2024-11-28 02:00:00,2024-11-28,2,2024-11-26/2024-12-02,Treadwell Mills,,
2024-11-28 03:00:00,2024-11-28,3,2024-11-26/2024-12-02,Treadwell Mills,,
2024-11-28 04:00:00,2024-11-28,4,2024-11-26/2024-12-02,Treadwell Mills,,
2024-11-28 05:00:00,2024-11-28,5,2024-11-26/2024-12-02,Treadwell Mills,,
2024-11-28 06:00:00,2024-11-28,6,2024-11-26/2024-12-02,Treadwell Mills,,
2024-11-28 07:00:00,2024-11-28,7,2024-11-26/2024-12-02,Treadwell Mills,,
2024-11-28 08:00:00,2024-11-28,8,2024-11-26/2024-12-02,Treadwell Mills,,
2024-11-28 09:00:00,2024-11-28,9,2024-11-26/2024-12-02,Treadwell Mills,,
2024-11-28 10:00:00,2024-11-28,10,2024-11-26/2024-12-02,Treadwell Mills,,
2024-11-28 11:00:00,2024-11-28,11,2024-11-26/2024-12-02,Treadwell Mills,,
2024-11-28 12:00:00,2024-11-28,12,2024-11-26/2024-12-02,Treadwell Mills,,
2024-11-28 13:00:00,2024-11-28,13,2024-11-26/2024-12-02,Treadwell Mills,,
2024-11-28 14:00:00,2024-11-28,14,2024-11-26/2024-12-02,Treadwell Mills,,
2024-11-28 15:00:00,2024-11-28,15,2024-11-26/2024-12-02,Treadwell Mills,,
2024-11-28 16:00:00,2024-11-28,16,2024-11-26/2024-12-02,Treadwell Mills,,
2024-11-28 17:00:00,2024-11-28,17,2024-11-26/2024-12-02,Treadwell Mills,,
2024-11-28 18:00:00,2024-11-28,18,2024-11-26/2024-12-02,Treadwell Mills,,
2024-11-28 19:00:00,2024-11-28,19,2024-11-26/2024-12-02,Treadwell Mills,,
2024-11-28 20:00:00,2024-11-28,20,2024-11-26/2024-12-02,Treadwell Mills,,
2024-11-28 21:00:00,2024-11-28,21,2024-11-26/2024-12-02,Treadwell Mills,,
2024-11-28 22:00:00,2024-11-28,22,2024-11-26/2024-12-02,Treadwell Mills,,
2024-11-28 23:00:00,2024-11-28,23,2024-11-26/2024-12-02,Treadwell Mills,,
2024-11-29 00:00:00,2024-11-29,0,2024-11-26/2024-12-02,Treadwell Mills,,
2024-11-29 01:00:00,2024-11-29,1,2024-11-26/2024-12-02,Treadwell Mills,,
2024-11-29 02:00:00,2024-11-29,2,2024-11-26/2024-12-02,Treadwell Mills,,
2024-11-29 03:00:00,2024-11-29,3,2024-11-26/2024-12-02,Treadwell Mills,,
2024-11-29 04:00:00,2024-11-29,4,2024-11-26/2024-12-02,Treadwell Mills,,
2024-11-29 05:00:00,2024-11-29,5,2024-11-26/2024-12-02,Treadwell Mills,,
2024-11-29 06:00:00,2024-11-29,6,2024-11-26/2024-12-02,Treadwell Mills,,
2024-11-29 07:00:00,2024-11-29,7,2024-11-26/2024-12-02,Treadwell Mills,,
2024-11-29 08:00:00,2024-11-29,8,2024-11-26/2024-12-02,Treadwell Mills,,
2024-11-29 09:00:00,2024-11-29,9,2024-11-26/2024-12-02,Treadwell Mills,,
2024-11-29 10:00:00,2024-11-29,10,2024-11-26/2024-12-02,Treadwell Mills,,
2024-11-29 11:00:00,2024-11-29,11,2024-11-26/2024-12-02,Treadwell Mills,,
2024-11-29 12:00:00,2024-11-29,12,2024-11-26/2024-12-02,Treadwell Mills,,
2024-11-29 13:00:00,2024-11-29,13,2024-11-26/2024-12-02,Treadwell Mills,,
2024-11-29 14:00:00,2024-11-29,14,2024-11-26/2024-12-02,Treadwell Mills,,
2024-11-29 15:00:00,2024-11-29,15,2024-11-26/2024-12-02,Treadwell Mills,,
2024-11-29 16:00:00,2024-11-29,16,2024-11-26/2024-12-02,Treadwell Mills,,
2024-11-29 17:00:00,2024-11-29,17,2024-11-26/2024-12-02,Treadwell Mills,,
2024-11-29 18:00:00,2024-11-29,18,2024-11-26/2024-12-02,Treadwell Mills,,
2024-11-29 19:00:00,2024-11-29,19,2024-11-26/2024-12-02,Treadwell Mills,,
2024-11-29 20:00:00,2024-11-29,20,2024-11-26/2024-12-02,Treadwell Mills,,
2024-11-29 21:00:00,2024-11-29,21,2024-11-26/2024-12-02,Treadwell Mills,,
2024-11-29 22:00:00,2024-11-29,22,2024-11-26/2024-12-02,Treadwell Mills,,
2024-11-29 23:00:00,2024-11-29,23,2024-11-26/2024-12-02,Treadwell Mills,,
2024-11-30 00:00:00,2024-11-30,0,2024-11-26/2024-12-02,Treadwell Mills,,
2024-11-30 01:00:00,2024-11-30,1,2024-11-26/2024-12-02,Treadwell Mills,,
2024-11-30 02:00:00,2024-11-30,2,2024-11-26/2024-12-02,Treadwell Mills,,
2024-11-30 03:00:00,2024-11-30,3,2024-11-26/2024-12-02,Treadwell Mills,,
2024-11-30 04:00:00,2024-11-30,4,2024-11-26/2024-12-02,Treadwell Mills,,
2024-11-30 05:00:00,2024-11-30,5,2024-11-26/2024-12-02,Treadwell Mills,,
2024-11-30 06:00:00,2024-11-30,6,2024-11-26/2024-12-02,Treadwell Mills,,
2024-11-30 07:00:00,2024-11-30,7,2024-11-26/2024-12-02,Treadwell Mills,,
2024-11-30 08:00:00,2024-11-30,8,2024-11-26/2024-12-02,Treadwell Mills,,
2024-11-30 09:00:00,2024-11-30,9,2024-11-26/2024-12-02,Treadwell Mills,,
2024-11-30 10:00:00,2024-11-30,10,2024-11-26/2024-12-02,Treadwell Mills,,
2024-11-30 11:00:00,2024-11-30,11,2024-11-26/2024-12-02,Treadwell Mills,,
2024-11-30 12:00:00,2024-11-30,12,2024-11-26/2024-12-02,Treadwell Mills,,
2024-11-30 13:00:00,2024-11-30,13,2024-11-26/2024-12-02,Treadwell Mills,,
2024-11-30 14:00:00,2024-11-30,14,2024-11-26/2024-12-02,Treadwell Mills,,
2024-11-30 15:00:00,2024-11-30,15,2024-11-26/2024-12-02,Treadwell Mills,,
2024-11-30 16:00:00,2024-11-30,16,2024-11-26/2024-12-02,Treadwell Mills,,
2024-11-30 17:00:00,2024-11-30,17,2024-11-26/2024-12-02,Treadwell Mills,,
2024-11-30 18:00:00,2024-11-30,18,2024-11-26/2024-12-02,Treadwell Mills,,
2024-11-30 19:00:00,2024-11-30,19,2024-11-26/2024-12-02,Treadwell Mills,,
2024-11-30 20:00:00,2024-11-30,20,2024-11-26/2024-12-02,Treadwell Mills,,
2024-11-30 21:00:00,2024-11-30,21,2024-11-26/2024-12-02,Treadwell Mills,,
2024-11-30 22:00:00,2024-11-30,22,2024-11-26/2024-12-02,Treadwell Mills,,
2024-11-30 23:00:00,2024-11-30,23,2024-11-26/2024-12-02,Treadwell Mills,,
2024-12-01 00:00:00,2024-12-01,0,2024-11-26/2024-12-02,Treadwell Mills,,
2024-12-01 01:00:00,2024-12-01,1,2024-11-26/2024-12-02,Treadwell Mills,,
2024-12-01 02:00:00,2024-12-01,2,2024-11-26/2024-12-02,Treadwell Mills,,
2024-12-01 03:00:00,2024-12-01,3,2024-11-26/2024-12-02,Treadwell Mills,,
2024-12-01 04:00:00,2024-12-01,4,2024-11-26/2024-12-02,Treadwell Mills,,
2024-12-01 05:00:00,2024-12-01,5,2024-11-26/2024-12-02,Treadwell Mills,,
2024-12-01 06:00:00,2024-12-01,6,2024-11-26/2024-12-02,Treadwell Mills,,
2024-12-01 07:00:00,2024-12-01,7,2024-11-26/2024-12-02,Treadwell Mills,,
2024-12-01 08:00:00,2024-12-01,8,2024-11-26/2024-12-02,Treadwell Mills,,
2024-12-01 09:00:00,2024-12-01,9,2024-11-26/2024-12-02,Treadwell Mills,,
2024-12-01 10:00:00,2024-12-01,10,2024-11-26/2024-12-02,Treadwell Mills,,
2024-12-01 11:00:00,2024-12-01,11,2024-11-26/2024-12-02,Treadwell Mills,,
2024-12-01 12:00:00,2024-12-01,12,2024-11-26/2024-12-02,Treadwell Mills,,
2024-12-01 13:00:00,2024-12-01,13,2024-11-26/2024-12-02,Treadwell Mills,,
2024-12-01 14:00:00,2024-12-01,14,2024-11-26/2024-12-02,Treadwell Mills,,
2024-12-01 15:00:00,2024-12-01,15,2024-11-26/2024-12-02,Treadwell Mills,,
2024-12-01 16:00:00,2024-12-01,16,2024-11-26/2024-12-02,Treadwell Mills,,
2024-12-01 17:00:00,2024-12-01,17,2024-11-26/2024-12-02,Treadwell Mills,,
2024-12-01 18:00:00,2024-12-01,18,2024-11-26/2024-12-02,Treadwell Mills,,
2024-12-01 19:00:00,2024-12-01,19,2024-11-26/2024-12-02,Treadwell Mills,,
2024-12-01 20:00:00,2024-12-01,20,2024-11-26/2024-12-02,Treadwell Mills,,
2024-12-01 21:00:00,2024-12-01,21,2024-11-26/2024-12-02,Treadwell Mills,,
2024-12-01 22:00:00,2024-12-01,22,2024-11-26/2024-12-02,Treadwell Mills,,
2024-12-01 23:00:00,2024-12-01,23,2024-11-26/2024-12-02,Treadwell Mills,,
2024-12-02 00:00:00,2024-12-02,0,2024-11-26/2024-12-02,Treadwell Mills,,
2024-12-02 01:00:00,2024-12-02,1,2024-11-26/2024-12-02,Treadwell Mills,,
2024-12-02 02:00:00,2024-12-02,2,2024-11-26/2024-12-02,Treadwell Mills,,
2024-12-02 03:00:00,2024-12-02,3,2024-11-26/2024-12-02,Treadwell Mills,,
2024-12-02 04:00:00,2024-12-02,4,2024-11-26/2024-12-02,Treadwell Mills,,
2024-12-02 05:00:00,2024-12-02,5,2024-11-26/2024-12-02,Treadwell Mills,,
2024-12-02 06:00:00,2024-12-02,6,2024-11-26/2024-12-02,Treadwell Mills,,
2024-12-02 07:00:00,2024-12-02,7,2024-11-26/2024-12-02,Treadwell Mills,,
2024-12-02 08:00:00,2024-12-02,8,2024-11-26/2024-12-02,Treadwell Mills,,
2024-12-02 09:00:00,2024-12-02,9,2024-11-26/2024-12-02,Treadwell Mills,,
2024-12-02 10:00:00,2024-12-02,10,2024-11-26/2024-12-02,Treadwell Mills,,
2024-12-02 11:00:00,2024-12-02,11,2024-11-26/2024-12-02,Treadwell Mills,,
2024-12-02 12:00:00,2024-12-02,12,2024-11-26/2024-12-02,Treadwell Mills,,
2024-12-02 13:00:00,2024-12-02,13,2024-11-26/2024-12-02,Treadwell Mills,,
2024-12-02 14:00:00,2024-12-02,14,2024-11-26/2024-12-02,Treadwell Mills,,
2024-12-02 15:00:00,2024-12-02,15,2024-11-26/2024-12-02,Treadwell Mills,,
2024-12-02 16:00:00,2024-12-02,16,2024-11-26/2024-12-02,Treadwell Mills,,
2024-12-02 17:00:00,2024-12-02,17,2024-11-26/2024-12-02,Treadwell Mills,,
2024-12-02 18:00:00,2024-12-02,18,2024-11-26/2024-12-02,Treadwell Mills,,
2024-12-02 19:00:00,2024-12-02,19,2024-11-26/2024-12-02,Treadwell Mills,,
2024-12-02 20:00:00,2024-12-02,20,2024-11-26/2024-12-02,Treadwell Mills,,
2024-12-02 21:00:00,2024-12-02,21,2024-11-26/2024-12-02,Treadwell Mills,,
2024-12-02 22:00:00,2024-12-02,22,2024-11-26/2024-12-02,Treadwell Mills,,
2024-12-02 23:00:00,2024-12-02,23,2024-11-26/2024-12-02,Treadwell Mills,,
2024-12-03 00:00:00,2024-12-03,0,2024-12-03/2024-12-09,Treadwell Mills,,
2024-12-03 01:00:00,2024-12-03,1,2024-12-03/2024-12-09,Treadwell Mills,,
2024-12-03 02:00:00,2024-12-03,2,2024-12-03/2024-12-09,Treadwell Mills,,
2024-12-03 03:00:00,2024-12-03,3,2024-12-03/2024-12-09,Treadwell Mills,,
2024-12-03 04:00:00,2024-12-03,4,2024-12-03/2024-12-09,Treadwell Mills,,
2024-12-03 05:00:00,2024-12-03,5,2024-12-03/2024-12-09,Treadwell Mills,,
2024-12-03 06:00:00,2024-12-03,6,2024-12-03/2024-12-09,Treadwell Mills,,
2024-12-03 07:00:00,2024-12-03,7,2024-12-03/2024-12-09,Treadwell Mills,,
2024-12-03 08:00:00,2024-12-03,8,2024-12-03/2024-12-09,Treadwell Mills,,
2024-12-03 09:00:00,2024-12-03,9,2024-12-03/2024-12-09,Treadwell Mills,,
2024-12-03 10:00:00,2024-12-03,10,2024-12-03/2024-12-09,Treadwell Mills,,
2024-12-03 11:00:00,2024-12-03,11,2024-12-03/2024-12-09,Treadwell Mills,,
2024-12-03 12:00:00,2024-12-03,12,2024-12-03/2024-12-09,Treadwell Mills,,
2024-12-03 13:00:00,2024-12-03,13,2024-12-03/2024-12-09,Treadwell Mills,,
2024-12-03 14:00:00,2024-12-03,14,2024-12-03/2024-12-09,Treadwell Mills,,
2024-12-03 15:00:00,2024-12-03,15,2024-12-03/2024-12-09,Treadwell Mills,,
2024-12-03 16:00:00,2024-12-03,16,2024-12-03/2024-12-09,Treadwell Mills,,
2024-12-03 17:00:00,2024-12-03,17,2024-12-03/2024-12-09,Treadwell Mills,,
2024-12-03 18:00:00,2024-12-03,18,2024-12-03/2024-12-09,Treadwell Mills,,
2024-12-03 19:00:00,2024-12-03,19,2024-12-03/2024-12-09,Treadwell Mills,,
2024-12-03 20:00:00,2024-12-03,20,2024-12-03/2024-12-09,Treadwell Mills,,
2024-12-03 21:00:00,2024-12-03,21,2024-12-03/2024-12-09,Treadwell Mills,,
2024-12-03 22:00:00,2024-12-03,22,2024-12-03/2024-12-09,Treadwell Mills,,
2024-12-03 23:00:00,2024-12-03,23,2024-12-03/2024-12-09,Treadwell Mills,,
2024-12-04 00:00:00,2024-12-04,0,2024-12-03/2024-12-09,Treadwell Mills,,
2024-12-04 01:00:00,2024-12-04,1,2024-12-03/2024-12-09,Treadwell Mills,,
2024-12-04 02:00:00,2024-12-04,2,2024-12-03/2024-12-09,Treadwell Mills,,
2024-12-04 03:00:00,2024-12-04,3,2024-12-03/2024-12-09,Treadwell Mills,,
2024-12-04 04:00:00,2024-12-04,4,2024-12-03/2024-12-09,Treadwell Mills,,
2024-12-04 05:00:00,2024-12-04,5,2024-12-03/2024-12-09,Treadwell Mills,,
2024-12-04 06:00:00,2024-12-04,6,2024-12-03/2024-12-09,Treadwell Mills,,
2024-12-04 07:00:00,2024-12-04,7,2024-12-03/2024-12-09,Treadwell Mills,,
2024-12-04 08:00:00,2024-12-04,8,2024-12-03/2024-12-09,Treadwell Mills,,
2024-12-04 09:00:00,2024-12-04,9,2024-12-03/2024-12-09,Treadwell Mills,,
2024-12-04 10:00:00,2024-12-04,10,2024-12-03/2024-12-09,Treadwell Mills,,
2024-12-04 11:00:00,2024-12-04,11,2024-12-03/2024-12-09,Treadwell Mills,,
2024-12-04 12:00:00,2024-12-04,12,2024-12-03/2024-12-09,Treadwell Mills,,
2024-12-04 13:00:00,2024-12-04,13,2024-12-03/2024-12-09,Treadwell Mills,,
2024-12-04 14:00:00,2024-12-04,14,2024-12-03/2024-12-09,Treadwell Mills,,
2024-12-04 15:00:00,2024-12-04,15,2024-12-03/2024-12-09,Treadwell Mills,,
2024-12-04 16:00:00,2024-12-04,16,2024-12-03/2024-12-09,Treadwell Mills,,
2024-12-04 17:00:00,2024-12-04,17,2024-12-03/2024-12-09,Treadwell Mills,,
2024-12-04 18:00:00,2024-12-04,18,2024-12-03/2024-12-09,Treadwell Mills,,
2024-12-04 19:00:00,2024-12-04,19,2024-12-03/2024-12-09,Treadwell Mills,,
2024-12-04 20:00:00,2024-12-04,20,2024-12-03/2024-12-09,Treadwell Mills,,
2024-12-04 21:00:00,2024-12-04,21,2024-12-03/2024-12-09,Treadwell Mills,,
2024-12-04 22:00:00,2024-12-04,22,2024-12-03/2024-12-09,Treadwell Mills,,
2024-12-04 23:00:00,2024-12-04,23,2024-12-03/2024-12-09,Treadwell Mills,,
2024-12-05 00:00:00,2024-12-05,0,2024-12-03/2024-12-09,Treadwell Mills,,
2024-12-05 01:00:00,2024-12-05,1,2024-12-03/2024-12-09,Treadwell Mills,,
2024-12-05 02:00:00,2024-12-05,2,2024-12-03/2024-12-09,Treadwell Mills,,
2024-12-05 03:00:00,2024-12-05,3,2024-12-03/2024-12-09,Treadwell Mills,,
2024-12-05 04:00:00,2024-12-05,4,2024-12-03/2024-12-09,Treadwell Mills,,
2024-12-05 05:00:00,2024-12-05,5,2024-12-03/2024-12-09,Treadwell Mills,,
2024-12-05 06:00:00,2024-12-05,6,2024-12-03/2024-12-09,Treadwell Mills,,
2024-12-05 07:00:00,2024-12-05,7,2024-12-03/2024-12-09,Treadwell Mills,,
2024-12-05 08:00:00,2024-12-05,8,2024-12-03/2024-12-09,Treadwell Mills,,
2024-12-05 09:00:00,2024-12-05,9,2024-12-03/2024-12-09,Treadwell Mills,,
2024-12-05 10:00:00,2024-12-05,10,2024-12-03/2024-12-09,Treadwell Mills,,
2024-12-05 11:00:00,2024-12-05,11,2024-12-03/2024-12-09,Treadwell Mills,,
2024-12-05 12:00:00,2024-12-05,12,2024-12-03/2024-12-09,Treadwell Mills,,
2024-12-05 13:00:00,2024-12-05,13,2024-12-03/2024-12-09,Treadwell Mills,,
2024-12-05 14:00:00,2024-12-05,14,2024-12-03/2024-12-09,Treadwell Mills,,
2024-12-05 15:00:00,2024-12-05,15,2024-12-03/2024-12-09,Treadwell Mills,,
2024-12-05 16:00:00,2024-12-05,16,2024-12-03/2024-12-09,Treadwell Mills,,
2024-12-05 17:00:00,2024-12-05,17,2024-12-03/2024-12-09,Treadwell Mills,,
2024-12-05 18:00:00,2024-12-05,18,2024-12-03/2024-12-09,Treadwell Mills,,
2024-12-05 19:00:00,2024-12-05,19,2024-12-03/2024-12-09,Treadwell Mills,,
2024-12-05 20:00:00,2024-12-05,20,2024-12-03/2024-12-09,Treadwell Mills,,
2024-12-05 21:00:00,2024-12-05,21,2024-12-03/2024-12-09,Treadwell Mills,,
2024-12-05 22:00:00,2024-12-05,22,2024-12-03/2024-12-09,Treadwell Mills,,
2024-12-05 23:00:00,2024-12-05,23,2024-12-03/2024-12-09,Treadwell Mills,,
2024-12-06 00:00:00,2024-12-06,0,2024-12-03/2024-12-09,Treadwell Mills,,
2024-12-06 01:00:00,2024-12-06,1,2024-12-03/2024-12-09,Treadwell Mills,,
2024-12-06 02:00:00,2024-12-06,2,2024-12-03/2024-12-09,Treadwell Mills,,
2024-12-06 03:00:00,2024-12-06,3,2024-12-03/2024-12-09,Treadwell Mills,,
2024-12-06 04:00:00,2024-12-06,4,2024-12-03/2024-12-09,Treadwell Mills,,
2024-12-06 05:00:00,2024-12-06,5,2024-12-03/2024-12-09,Treadwell Mills,,
2024-12-06 06:00:00,2024-12-06,6,2024-12-03/2024-12-09,Treadwell Mills,,
2024-12-06 07:00:00,2024-12-06,7,2024-12-03/2024-12-09,Treadwell Mills,,
2024-12-06 08:00:00,2024-12-06,8,2024-12-03/2024-12-09,Treadwell Mills,,
2024-12-06 09:00:00,2024-12-06,9,2024-12-03/2024-12-09,Treadwell Mills,,
2024-12-06 10:00:00,2024-12-06,10,2024-12-03/2024-12-09,Treadwell Mills,,
2024-12-06 11:00:00,2024-12-06,11,2024-12-03/2024-12-09,Treadwell Mills,,
2024-12-06 12:00:00,2024-12-06,12,2024-12-03/2024-12-09,Treadwell Mills,,
2024-12-06 13:00:00,2024-12-06,13,2024-12-03/2024-12-09,Treadwell Mills,,
2024-12-06 14:00:00,2024-12-06,14,2024-12-03/2024-12-09,Treadwell Mills,,
2024-12-06 15:00:00,2024-12-06,15,2024-12-03/2024-12-09,Treadwell Mills,,
2024-12-06 16:00:00,2024-12-06,16,2024-12-03/2024-12-09,Treadwell Mills,,
2024-12-06 17:00:00,2024-12-06,17,2024-12-03/2024-12-09,Treadwell Mills,,
2024-12-06 18:00:00,2024-12-06,18,2024-12-03/2024-12-09,Treadwell Mills,,
2024-12-06 19:00:00,2024-12-06,19,2024-12-03/2024-12-09,Treadwell Mills,,
2024-12-06 20:00:00,2024-12-06,20,2024-12-03/2024-12-09,Treadwell Mills,,
2024-12-06 21:00:00,2024-12-06,21,2024-12-03/2024-12-09,Treadwell Mills,,
2024-12-06 22:00:00,2024-12-06,22,2024-12-03/2024-12-09,Treadwell Mills,,
2024-12-06 23:00:00,2024-12-06,23,2024-12-03/2024-12-09,Treadwell Mills,,
2024-12-07 00:00:00,2024-12-07,0,2024-12-03/2024-12-09,Treadwell Mills,,
2024-12-07 01:00:00,2024-12-07,1,2024-12-03/2024-12-09,Treadwell Mills,,
2024-12-07 02:00:00,2024-12-07,2,2024-12-03/2024-12-09,Treadwell Mills,,
2024-12-07 03:00:00,2024-12-07,3,2024-12-03/2024-12-09,Treadwell Mills,,
2024-12-07 04:00:00,2024-12-07,4,2024-12-03/2024-12-09,Treadwell Mills,,
2024-12-07 05:00:00,2024-12-07,5,2024-12-03/2024-12-09,Treadwell Mills,,
2024-12-07 06:00:00,2024-12-07,6,2024-12-03/2024-12-09,Treadwell Mills,,
2024-12-07 07:00:00,2024-12-07,7,2024-12-03/2024-12-09,Treadwell Mills,,
2024-12-07 08:00:00,2024-12-07,8,2024-12-03/2024-12-09,Treadwell Mills,,
2024-12-07 09:00:00,2024-12-07,9,2024-12-03/2024-12-09,Treadwell Mills,,
2024-12-07 10:00:00,2024-12-07,10,2024-12-03/2024-12-09,Treadwell Mills,,
2024-12-07 11:00:00,2024-12-07,11,2024-12-03/2024-12-09,Treadwell Mills,,
2024-12-07 12:00:00,2024-12-07,12,2024-12-03/2024-12-09,Treadwell Mills,,
2024-12-07 13:00:00,2024-12-07,13,2024-12-03/2024-12-09,Treadwell Mills,,
2024-12-07 14:00:00,2024-12-07,14,2024-12-03/2024-12-09,Treadwell Mills,,
2024-12-07 15:00:00,2024-12-07,15,2024-12-03/2024-12-09,Treadwell Mills,,
2024-12-07 16:00:00,2024-12-07,16,2024-12-03/2024-12-09,Treadwell Mills,,
2024-12-07 17:00:00,2024-12-07,17,2024-12-03/2024-12-09,Treadwell Mills,,
2024-12-07 18:00:00,2024-12-07,18,2024-12-03/2024-12-09,Treadwell Mills,,
2024-12-07 19:00:00,2024-12-07,19,2024-12-03/2024-12-09,Treadwell Mills,,
2024-12-07 20:00:00,2024-12-07,20,2024-12-03/2024-12-09,Treadwell Mills,,
2024-12-07 21:00:00,2024-12-07,21,2024-12-03/2024-12-09,Treadwell Mills,,
2024-12-07 22:00:00,2024-12-07,22,2024-12-03/2024-12-09,Treadwell Mills,,
2024-12-07 23:00:00,2024-12-07,23,2024-12-03/2024-12-09,Treadwell Mills,,
2024-12-08 00:00:00,2024-12-08,0,2024-12-03/2024-12-09,Treadwell Mills,,
2024-12-08 01:00:00,2024-12-08,1,2024-12-03/2024-12-09,Treadwell Mills,,
2024-12-08 02:00:00,2024-12-08,2,2024-12-03/2024-12-09,Treadwell Mills,,
2024-12-08 03:00:00,2024-12-08,3,2024-12-03/2024-12-09,Treadwell Mills,,
2024-12-08 04:00:00,2024-12-08,4,2024-12-03/2024-12-09,Treadwell Mills,,
2024-12-08 05:00:00,2024-12-08,5,2024-12-03/2024-12-09,Treadwell Mills,,
2024-12-08 06:00:00,2024-12-08,6,2024-12-03/2024-12-09,Treadwell Mills,,
2024-12-08 07:00:00,2024-12-08,7,2024-12-03/2024-12-09,Treadwell Mills,,
2024-12-08 08:00:00,2024-12-08,8,2024-12-03/2024-12-09,Treadwell Mills,,
2024-12-08 09:00:00,2024-12-08,9,2024-12-03/2024-12-09,Treadwell Mills,,
2024-12-08 10:00:00,2024-12-08,10,2024-12-03/2024-12-09,Treadwell Mills,,
2024-12-08 11:00:00,2024-12-08,11,2024-12-03/2024-12-09,Treadwell Mills,,
2024-12-08 12:00:00,2024-12-08,12,2024-12-03/2024-12-09,Treadwell Mills,,
2024-12-08 13:00:00,2024-12-08,13,2024-12-03/2024-12-09,Treadwell Mills,,
2024-12-08 14:00:00,2024-12-08,14,2024-12-03/2024-12-09,Treadwell Mills,,
2024-12-08 15:00:00,2024-12-08,15,2024-12-03/2024-12-09,Treadwell Mills,,
2024-12-08 16:00:00,2024-12-08,16,2024-12-03/2024-12-09,Treadwell Mills,,
2024-12-08 17:00:00,2024-12-08,17,2024-12-03/2024-12-09,Treadwell Mills,,
2024-12-08 18:00:00,2024-12-08,18,2024-12-03/2024-12-09,Treadwell Mills,,
2024-12-08 19:00:00,2024-12-08,19,2024-12-03/2024-12-09,Treadwell Mills,,
2024-12-08 20:00:00,2024-12-08,20,2024-12-03/2024-12-09,Treadwell Mills,,
2024-12-08 21:00:00,2024-12-08,21,2024-12-03/2024-12-09,Treadwell Mills,,
2024-12-08 22:00:00,2024-12-08,22,2024-12-03/2024-12-09,Treadwell Mills,,
2024-12-08 23:00:00,2024-12-08,23,2024-12-03/2024-12-09,Treadwell Mills,,
2024-12-09 00:00:00,2024-12-09,0,2024-12-03/2024-12-09,Treadwell Mills,,
2024-12-09 01:00:00,2024-12-09,1,2024-12-03/2024-12-09,Treadwell Mills,,
2024-12-09 02:00:00,2024-12-09,2,2024-12-03/2024-12-09,Treadwell Mills,,
2024-12-09 03:00:00,2024-12-09,3,2024-12-03/2024-12-09,Treadwell Mills,,
2024-12-09 04:00:00,2024-12-09,4,2024-12-03/2024-12-09,Treadwell Mills,,
2024-12-09 05:00:00,2024-12-09,5,2024-12-03/2024-12-09,Treadwell Mills,,
2024-12-09 06:00:00,2024-12-09,6,2024-12-03/2024-12-09,Treadwell Mills,,
2024-12-09 07:00:00,2024-12-09,7,2024-12-03/2024-12-09,Treadwell Mills,,
2024-12-09 08:00:00,2024-12-09,8,2024-12-03/2024-12-09,Treadwell Mills,,
2024-12-09 09:00:00,2024-12-09,9,2024-12-03/2024-12-09,Treadwell Mills,,
2024-12-09 10:00:00,2024-12-09,10,2024-12-03/2024-12-09,Treadwell Mills,,
2024-12-09 11:00:00,2024-12-09,11,2024-12-03/2024-12-09,Treadwell Mills,,
2024-12-09 12:00:00,2024-12-09,12,2024-12-03/2024-12-09,Treadwell Mills,,
2024-12-09 13:00:00,2024-12-09,13,2024-12-03/2024-12-09,Treadwell Mills,,
2024-12-09 14:00:00,2024-12-09,14,2024-12-03/2024-12-09,Treadwell Mills,,
2024-12-09 15:00:00,2024-12-09,15,2024-12-03/2024-12-09,Treadwell Mills,,
2024-12-09 16:00:00,2024-12-09,16,2024-12-03/2024-12-09,Treadwell Mills,,
2024-12-09 17:00:00,2024-12-09,17,2024-12-03/2024-12-09,Treadwell Mills,,
2024-12-09 18:00:00,2024-12-09,18,2024-12-03/2024-12-09,Treadwell Mills,,
2024-12-09 19:00:00,2024-12-09,19,2024-12-03/2024-12-09,Treadwell Mills,,
2024-12-09 20:00:00,2024-12-09,20,2024-12-03/2024-12-09,Treadwell Mills,,
2024-12-09 21:00:00,2024-12-09,21,2024-12-03/2024-12-09,Treadwell Mills,,
2024-12-09 22:00:00,2024-12-09,22,2024-12-03/2024-12-09,Treadwell Mills,,
2024-12-09 23:00:00,2024-12-09,23,2024-12-03/2024-12-09,Treadwell Mills,,
2024-12-10 00:00:00,2024-12-10,0,2024-12-10/2024-12-16,Treadwell Mills,,
2024-12-10 01:00:00,2024-12-10,1,2024-12-10/2024-12-16,Treadwell Mills,,
2024-12-10 02:00:00,2024-12-10,2,2024-12-10/2024-12-16,Treadwell Mills,,
2024-12-10 03:00:00,2024-12-10,3,2024-12-10/2024-12-16,Treadwell Mills,,
2024-12-10 04:00:00,2024-12-10,4,2024-12-10/2024-12-16,Treadwell Mills,,
2024-12-10 05:00:00,2024-12-10,5,2024-12-10/2024-12-16,Treadwell Mills,,
2024-12-10 06:00:00,2024-12-10,6,2024-12-10/2024-12-16,Treadwell Mills,,
2024-12-10 07:00:00,2024-12-10,7,2024-12-10/2024-12-16,Treadwell Mills,,
2024-12-10 08:00:00,2024-12-10,8,2024-12-10/2024-12-16,Treadwell Mills,,
2024-12-10 09:00:00,2024-12-10,9,2024-12-10/2024-12-16,Treadwell Mills,,
2024-12-10 10:00:00,2024-12-10,10,2024-12-10/2024-12-16,Treadwell Mills,,
2024-12-10 11:00:00,2024-12-10,11,2024-12-10/2024-12-16,Treadwell Mills,,
2024-12-10 12:00:00,2024-12-10,12,2024-12-10/2024-12-16,Treadwell Mills,,
2024-12-10 13:00:00,2024-12-10,13,2024-12-10/2024-12-16,Treadwell Mills,,
2024-12-10 14:00:00,2024-12-10,14,2024-12-10/2024-12-16,Treadwell Mills,,
2024-12-10 15:00:00,2024-12-10,15,2024-12-10/2024-12-16,Treadwell Mills,,
2024-12-10 16:00:00,2024-12-10,16,2024-12-10/2024-12-16,Treadwell Mills,,
2024-12-10 17:00:00,2024-12-10,17,2024-12-10/2024-12-16,Treadwell Mills,,
2024-12-10 18:00:00,2024-12-10,18,2024-12-10/2024-12-16,Treadwell Mills,,
2024-12-10 19:00:00,2024-12-10,19,2024-12-10/2024-12-16,Treadwell Mills,,
2024-12-10 20:00:00,2024-12-10,20,2024-12-10/2024-12-16,Treadwell Mills,,
2024-12-10 21:00:00,2024-12-10,21,2024-12-10/2024-12-16,Treadwell Mills,,
2024-12-10 22:00:00,2024-12-10,22,2024-12-10/2024-12-16,Treadwell Mills,,
2024-12-10 23:00:00,2024-12-10,23,2024-12-10/2024-12-16,Treadwell Mills,,
2024-12-11 00:00:00,2024-12-11,0,2024-12-10/2024-12-16,Treadwell Mills,,
2024-12-11 01:00:00,2024-12-11,1,2024-12-10/2024-12-16,Treadwell Mills,,
2024-12-11 02:00:00,2024-12-11,2,2024-12-10/2024-12-16,Treadwell Mills,,
2024-12-11 03:00:00,2024-12-11,3,2024-12-10/2024-12-16,Treadwell Mills,,
2024-12-11 04:00:00,2024-12-11,4,2024-12-10/2024-12-16,Treadwell Mills,,
2024-12-11 05:00:00,2024-12-11,5,2024-12-10/2024-12-16,Treadwell Mills,,
2024-12-11 06:00:00,2024-12-11,6,2024-12-10/2024-12-16,Treadwell Mills,,
2024-12-11 07:00:00,2024-12-11,7,2024-12-10/2024-12-16,Treadwell Mills,,
2024-12-11 08:00:00,2024-12-11,8,2024-12-10/2024-12-16,Treadwell Mills,,
2024-12-11 09:00:00,2024-12-11,9,2024-12-10/2024-12-16,Treadwell Mills,,
2024-12-11 10:00:00,2024-12-11,10,2024-12-10/2024-12-16,Treadwell Mills,,
2024-12-11 11:00:00,2024-12-11,11,2024-12-10/2024-12-16,Treadwell Mills,,
2024-12-11 12:00:00,2024-12-11,12,2024-12-10/2024-12-16,Treadwell Mills,,
2024-12-11 13:00:00,2024-12-11,13,2024-12-10/2024-12-16,Treadwell Mills,,
2024-12-11 14:00:00,2024-12-11,14,2024-12-10/2024-12-16,Treadwell Mills,,
2024-12-11 15:00:00,2024-12-11,15,2024-12-10/2024-12-16,Treadwell Mills,,
2024-12-11 16:00:00,2024-12-11,16,2024-12-10/2024-12-16,Treadwell Mills,,
2024-12-11 17:00:00,2024-12-11,17,2024-12-10/2024-12-16,Treadwell Mills,,
2024-12-11 18:00:00,2024-12-11,18,2024-12-10/2024-12-16,Treadwell Mills,,
2024-12-11 19:00:00,2024-12-11,19,2024-12-10/2024-12-16,Treadwell Mills,,
2024-12-11 20:00:00,2024-12-11,20,2024-12-10/2024-12-16,Treadwell Mills,,
2024-12-11 21:00:00,2024-12-11,21,2024-12-10/2024-12-16,Treadwell Mills,,
2024-12-11 22:00:00,2024-12-11,22,2024-12-10/2024-12-16,Treadwell Mills,,
2024-12-11 23:00:00,2024-12-11,23,2024-12-10/2024-12-16,Treadwell Mills,,
2024-12-12 00:00:00,2024-12-12,0,2024-12-10/2024-12-16,Treadwell Mills,,
2024-12-12 01:00:00,2024-12-12,1,2024-12-10/2024-12-16,Treadwell Mills,,
2024-12-12 02:00:00,2024-12-12,2,2024-12-10/2024-12-16,Treadwell Mills,,
2024-12-12 03:00:00,2024-12-12,3,2024-12-10/2024-12-16,Treadwell Mills,,
2024-12-12 04:00:00,2024-12-12,4,2024-12-10/2024-12-16,Treadwell Mills,,
2024-12-12 05:00:00,2024-12-12,5,2024-12-10/2024-12-16,Treadwell Mills,,
2024-12-12 06:00:00,2024-12-12,6,2024-12-10/2024-12-16,Treadwell Mills,,
2024-12-12 07:00:00,2024-12-12,7,2024-12-10/2024-12-16,Treadwell Mills,,
2024-12-12 08:00:00,2024-12-12,8,2024-12-10/2024-12-16,Treadwell Mills,,
2024-12-12 09:00:00,2024-12-12,9,2024-12-10/2024-12-16,Treadwell Mills,,
2024-12-12 10:00:00,2024-12-12,10,2024-12-10/2024-12-16,Treadwell Mills,,
2024-12-12 11:00:00,2024-12-12,11,2024-12-10/2024-12-16,Treadwell Mills,,
2024-12-12 12:00:00,2024-12-12,12,2024-12-10/2024-12-16,Treadwell Mills,,
2024-12-12 13:00:00,2024-12-12,13,2024-12-10/2024-12-16,Treadwell Mills,,
2024-12-12 14:00:00,2024-12-12,14,2024-12-10/2024-12-16,Treadwell Mills,,
2024-12-12 15:00:00,2024-12-12,15,2024-12-10/2024-12-16,Treadwell Mills,,
2024-12-12 16:00:00,2024-12-12,16,2024-12-10/2024-12-16,Treadwell Mills,,
2024-12-12 17:00:00,2024-12-12,17,2024-12-10/2024-12-16,Treadwell Mills,,
2024-12-12 18:00:00,2024-12-12,18,2024-12-10/2024-12-16,Treadwell Mills,,
2024-12-12 19:00:00,2024-12-12,19,2024-12-10/2024-12-16,Treadwell Mills,,
2024-12-12 20:00:00,2024-12-12,20,2024-12-10/2024-12-16,Treadwell Mills,,
2024-12-12 21:00:00,2024-12-12,21,2024-12-10/2024-12-16,Treadwell Mills,,
2024-12-12 22:00:00,2024-12-12,22,2024-12-10/2024-12-16,Treadwell Mills,,
2024-12-12 23:00:00,2024-12-12,23,2024-12-10/2024-12-16,Treadwell Mills,,
2024-12-13 00:00:00,2024-12-13,0,2024-12-10/2024-12-16,Treadwell Mills,,
2024-12-13 01:00:00,2024-12-13,1,2024-12-10/2024-12-16,Treadwell Mills,,
2024-12-13 02:00:00,2024-12-13,2,2024-12-10/2024-12-16,Treadwell Mills,,
2024-12-13 03:00:00,2024-12-13,3,2024-12-10/2024-12-16,Treadwell Mills,,
2024-12-13 04:00:00,2024-12-13,4,2024-12-10/2024-12-16,Treadwell Mills,,
2024-12-13 05:00:00,2024-12-13,5,2024-12-10/2024-12-16,Treadwell Mills,,
2024-12-13 06:00:00,2024-12-13,6,2024-12-10/2024-12-16,Treadwell Mills,,
2024-12-13 07:00:00,2024-12-13,7,2024-12-10/2024-12-16,Treadwell Mills,,
2024-12-13 08:00:00,2024-12-13,8,2024-12-10/2024-12-16,Treadwell Mills,,
2024-12-13 09:00:00,2024-12-13,9,2024-12-10/2024-12-16,Treadwell Mills,,
2024-12-13 10:00:00,2024-12-13,10,2024-12-10/2024-12-16,Treadwell Mills,,
2024-12-13 11:00:00,2024-12-13,11,2024-12-10/2024-12-16,Treadwell Mills,,
2024-12-13 12:00:00,2024-12-13,12,2024-12-10/2024-12-16,Treadwell Mills,,
2024-12-13 13:00:00,2024-12-13,13,2024-12-10/2024-12-16,Treadwell Mills,,
2024-12-13 14:00:00,2024-12-13,14,2024-12-10/2024-12-16,Treadwell Mills,,
2024-12-13 15:00:00,2024-12-13,15,2024-12-10/2024-12-16,Treadwell Mills,,
2024-12-13 16:00:00,2024-12-13,16,2024-12-10/2024-12-16,Treadwell Mills,,
2024-12-13 17:00:00,2024-12-13,17,2024-12-10/2024-12-16,Treadwell Mills,,
2024-12-13 18:00:00,2024-12-13,18,2024-12-10/2024-12-16,Treadwell Mills,,
2024-12-13 19:00:00,2024-12-13,19,2024-12-10/2024-12-16,Treadwell Mills,,
2024-12-13 20:00:00,2024-12-13,20,2024-12-10/2024-12-16,Treadwell Mills,,
2024-12-13 21:00:00,2024-12-13,21,2024-12-10/2024-12-16,Treadwell Mills,,
2024-12-13 22:00:00,2024-12-13,22,2024-12-10/2024-12-16,Treadwell Mills,,
2024-12-13 23:00:00,2024-12-13,23,2024-12-10/2024-12-16,Treadwell Mills,,
2024-12-14 00:00:00,2024-12-14,0,2024-12-10/2024-12-16,Treadwell Mills,,
2024-12-14 01:00:00,2024-12-14,1,2024-12-10/2024-12-16,Treadwell Mills,,
2024-12-14 02:00:00,2024-12-14,2,2024-12-10/2024-12-16,Treadwell Mills,,
2024-12-14 03:00:00,2024-12-14,3,2024-12-10/2024-12-16,Treadwell Mills,,
2024-12-14 04:00:00,2024-12-14,4,2024-12-10/2024-12-16,Treadwell Mills,,
2024-12-14 05:00:00,2024-12-14,5,2024-12-10/2024-12-16,Treadwell Mills,,
2024-12-14 06:00:00,2024-12-14,6,2024-12-10/2024-12-16,Treadwell Mills,,
2024-12-14 07:00:00,2024-12-14,7,2024-12-10/2024-12-16,Treadwell Mills,,
2024-12-14 08:00:00,2024-12-14,8,2024-12-10/2024-12-16,Treadwell Mills,,
2024-12-14 09:00:00,2024-12-14,9,2024-12-10/2024-12-16,Treadwell Mills,,
2024-12-14 10:00:00,2024-12-14,10,2024-12-10/2024-12-16,Treadwell Mills,,
2024-12-14 11:00:00,2024-12-14,11,2024-12-10/2024-12-16,Treadwell Mills,,
2024-12-14 12:00:00,2024-12-14,12,2024-12-10/2024-12-16,Treadwell Mills,,
2024-12-14 13:00:00,2024-12-14,13,2024-12-10/2024-12-16,Treadwell Mills,,
2024-12-14 14:00:00,2024-12-14,14,2024-12-10/2024-12-16,Treadwell Mills,,
2024-12-14 15:00:00,2024-12-14,15,2024-12-10/2024-12-16,Treadwell Mills,,
2024-12-14 16:00:00,2024-12-14,16,2024-12-10/2024-12-16,Treadwell Mills,,
2024-12-14 17:00:00,2024-12-14,17,2024-12-10/2024-12-16,Treadwell Mills,,
2024-12-14 18:00:00,2024-12-14,18,2024-12-10/2024-12-16,Treadwell Mills,,
2024-12-14 19:00:00,2024-12-14,19,2024-12-10/2024-12-16,Treadwell Mills,,
2024-12-14 20:00:00,2024-12-14,20,2024-12-10/2024-12-16,Treadwell Mills,,
2024-12-14 21:00:00,2024-12-14,21,2024-12-10/2024-12-16,Treadwell Mills,,
2024-12-14 22:00:00,2024-12-14,22,2024-12-10/2024-12-16,Treadwell Mills,,
2024-12-14 23:00:00,2024-12-14,23,2024-12-10/2024-12-16,Treadwell Mills,,
2024-12-15 00:00:00,2024-12-15,0,2024-12-10/2024-12-16,Treadwell Mills,,
2024-12-15 01:00:00,2024-12-15,1,2024-12-10/2024-12-16,Treadwell Mills,,
2024-12-15 02:00:00,2024-12-15,2,2024-12-10/2024-12-16,Treadwell Mills,,
2024-12-15 03:00:00,2024-12-15,3,2024-12-10/2024-12-16,Treadwell Mills,,
2024-12-15 04:00:00,2024-12-15,4,2024-12-10/2024-12-16,Treadwell Mills,,
2024-12-15 05:00:00,2024-12-15,5,2024-12-10/2024-12-16,Treadwell Mills,,
2024-12-15 06:00:00,2024-12-15,6,2024-12-10/2024-12-16,Treadwell Mills,,
2024-12-15 07:00:00,2024-12-15,7,2024-12-10/2024-12-16,Treadwell Mills,,
2024-12-15 08:00:00,2024-12-15,8,2024-12-10/2024-12-16,Treadwell Mills,,
2024-12-15 09:00:00,2024-12-15,9,2024-12-10/2024-12-16,Treadwell Mills,,
2024-12-15 10:00:00,2024-12-15,10,2024-12-10/2024-12-16,Treadwell Mills,,
2024-12-15 11:00:00,2024-12-15,11,2024-12-10/2024-12-16,Treadwell Mills,,
2024-12-15 12:00:00,2024-12-15,12,2024-12-10/2024-12-16,Treadwell Mills,,
2024-12-15 13:00:00,2024-12-15,13,2024-12-10/2024-12-16,Treadwell Mills,,
2024-12-15 14:00:00,2024-12-15,14,2024-12-10/2024-12-16,Treadwell Mills,,
2024-12-15 15:00:00,2024-12-15,15,2024-12-10/2024-12-16,Treadwell Mills,,
2024-12-15 16:00:00,2024-12-15,16,2024-12-10/2024-12-16,Treadwell Mills,,
2024-12-15 17:00:00,2024-12-15,17,2024-12-10/2024-12-16,Treadwell Mills,,
2024-12-15 18:00:00,2024-12-15,18,2024-12-10/2024-12-16,Treadwell Mills,,
2024-12-15 19:00:00,2024-12-15,19,2024-12-10/2024-12-16,Treadwell Mills,,
2024-12-15 20:00:00,2024-12-15,20,2024-12-10/2024-12-16,Treadwell Mills,,
2024-12-15 21:00:00,2024-12-15,21,2024-12-10/2024-12-16,Treadwell Mills,,
2024-12-15 22:00:00,2024-12-15,22,2024-12-10/2024-12-16,Treadwell Mills,,
2024-12-15 23:00:00,2024-12-15,23,2024-12-10/2024-12-16,Treadwell Mills,,
2024-12-16 00:00:00,2024-12-16,0,2024-12-10/2024-12-16,Treadwell Mills,,
2024-12-16 01:00:00,2024-12-16,1,2024-12-10/2024-12-16,Treadwell Mills,,
2024-12-16 02:00:00,2024-12-16,2,2024-12-10/2024-12-16,Treadwell Mills,,
2024-12-16 03:00:00,2024-12-16,3,2024-12-10/2024-12-16,Treadwell Mills,,
2024-12-16 04:00:00,2024-12-16,4,2024-12-10/2024-12-16,Treadwell Mills,,
2024-12-16 05:00:00,2024-12-16,5,2024-12-10/2024-12-16,Treadwell Mills,,
2024-12-16 06:00:00,2024-12-16,6,2024-12-10/2024-12-16,Treadwell Mills,,
2024-12-16 07:00:00,2024-12-16,7,2024-12-10/2024-12-16,Treadwell Mills,,
2024-12-16 08:00:00,2024-12-16,8,2024-12-10/2024-12-16,Treadwell Mills,,
2024-12-16 09:00:00,2024-12-16,9,2024-12-10/2024-12-16,Treadwell Mills,,
2024-12-16 10:00:00,2024-12-16,10,2024-12-10/2024-12-16,Treadwell Mills,,
2024-12-16 11:00:00,2024-12-16,11,2024-12-10/2024-12-16,Treadwell Mills,,
2024-12-16 12:00:00,2024-12-16,12,2024-12-10/2024-12-16,Treadwell Mills,,
2024-12-16 13:00:00,2024-12-16,13,2024-12-10/2024-12-16,Treadwell Mills,,
2024-12-16 14:00:00,2024-12-16,14,2024-12-10/2024-12-16,Treadwell Mills,,
2024-12-16 15:00:00,2024-12-16,15,2024-12-10/2024-12-16,Treadwell Mills,,
2024-12-16 16:00:00,2024-12-16,16,2024-12-10/2024-12-16,Treadwell Mills,,
2024-12-16 17:00:00,2024-12-16,17,2024-12-10/2024-12-16,Treadwell Mills,,
2024-12-16 18:00:00,2024-12-16,18,2024-12-10/2024-12-16,Treadwell Mills,,
2024-12-16 19:00:00,2024-12-16,19,2024-12-10/2024-12-16,Treadwell Mills,,
2024-12-16 20:00:00,2024-12-16,20,2024-12-10/2024-12-16,Treadwell Mills,,
2024-12-16 21:00:00,2024-12-16,21,2024-12-10/2024-12-16,Treadwell Mills,,
2024-12-16 22:00:00,2024-12-16,22,2024-12-10/2024-12-16,Treadwell Mills,,
2024-12-16 23:00:00,2024-12-16,23,2024-12-10/2024-12-16,Treadwell Mills,,
2024-12-17 00:00:00,2024-12-17,0,2024-12-17/2024-12-23,Treadwell Mills,,
2024-12-17 01:00:00,2024-12-17,1,2024-12-17/2024-12-23,Treadwell Mills,,
2024-12-17 02:00:00,2024-12-17,2,2024-12-17/2024-12-23,Treadwell Mills,,
2024-12-17 03:00:00,2024-12-17,3,2024-12-17/2024-12-23,Treadwell Mills,,
2024-12-17 04:00:00,2024-12-17,4,2024-12-17/2024-12-23,Treadwell Mills,,
2024-12-17 05:00:00,2024-12-17,5,2024-12-17/2024-12-23,Treadwell Mills,,
2024-12-17 06:00:00,2024-12-17,6,2024-12-17/2024-12-23,Treadwell Mills,,
2024-12-17 07:00:00,2024-12-17,7,2024-12-17/2024-12-23,Treadwell Mills,,
2024-12-17 08:00:00,2024-12-17,8,2024-12-17/2024-12-23,Treadwell Mills,,
2024-12-17 09:00:00,2024-12-17,9,2024-12-17/2024-12-23,Treadwell Mills,,
2024-12-17 10:00:00,2024-12-17,10,2024-12-17/2024-12-23,Treadwell Mills,,
2024-12-17 11:00:00,2024-12-17,11,2024-12-17/2024-12-23,Treadwell Mills,,
2024-12-17 12:00:00,2024-12-17,12,2024-12-17/2024-12-23,Treadwell Mills,,
2024-12-17 13:00:00,2024-12-17,13,2024-12-17/2024-12-23,Treadwell Mills,,
2024-12-17 14:00:00,2024-12-17,14,2024-12-17/2024-12-23,Treadwell Mills,,
2024-12-17 15:00:00,2024-12-17,15,2024-12-17/2024-12-23,Treadwell Mills,,
2024-12-17 16:00:00,2024-12-17,16,2024-12-17/2024-12-23,Treadwell Mills,,
2024-12-17 17:00:00,2024-12-17,17,2024-12-17/2024-12-23,Treadwell Mills,,
2024-12-17 18:00:00,2024-12-17,18,2024-12-17/2024-12-23,Treadwell Mills,,
2024-12-17 19:00:00,2024-12-17,19,2024-12-17/2024-12-23,Treadwell Mills,,
2024-12-17 20:00:00,2024-12-17,20,2024-12-17/2024-12-23,Treadwell Mills,,
2024-12-17 21:00:00,2024-12-17,21,2024-12-17/2024-12-23,Treadwell Mills,,
2024-12-17 22:00:00,2024-12-17,22,2024-12-17/2024-12-23,Treadwell Mills,,
2024-12-17 23:00:00,2024-12-17,23,2024-12-17/2024-12-23,Treadwell Mills,,
2024-12-18 00:00:00,2024-12-18,0,2024-12-17/2024-12-23,Treadwell Mills,,
2024-12-18 01:00:00,2024-12-18,1,2024-12-17/2024-12-23,Treadwell Mills,,
2024-12-18 02:00:00,2024-12-18,2,2024-12-17/2024-12-23,Treadwell Mills,,
2024-12-18 03:00:00,2024-12-18,3,2024-12-17/2024-12-23,Treadwell Mills,,
2024-12-18 04:00:00,2024-12-18,4,2024-12-17/2024-12-23,Treadwell Mills,,
2024-12-18 05:00:00,2024-12-18,5,2024-12-17/2024-12-23,Treadwell Mills,,
2024-12-18 06:00:00,2024-12-18,6,2024-12-17/2024-12-23,Treadwell Mills,,
2024-12-18 07:00:00,2024-12-18,7,2024-12-17/2024-12-23,Treadwell Mills,,
2024-12-18 08:00:00,2024-12-18,8,2024-12-17/2024-12-23,Treadwell Mills,,
2024-12-18 09:00:00,2024-12-18,9,2024-12-17/2024-12-23,Treadwell Mills,,
2024-12-18 10:00:00,2024-12-18,10,2024-12-17/2024-12-23,Treadwell Mills,,
2024-12-18 11:00:00,2024-12-18,11,2024-12-17/2024-12-23,Treadwell Mills,,
2024-12-18 12:00:00,2024-12-18,12,2024-12-17/2024-12-23,Treadwell Mills,,
2024-12-18 13:00:00,2024-12-18,13,2024-12-17/2024-12-23,Treadwell Mills,,
2024-12-18 14:00:00,2024-12-18,14,2024-12-17/2024-12-23,Treadwell Mills,,
2024-12-18 15:00:00,2024-12-18,15,2024-12-17/2024-12-23,Treadwell Mills,,
2024-12-18 16:00:00,2024-12-18,16,2024-12-17/2024-12-23,Treadwell Mills,,
2024-12-18 17:00:00,2024-12-18,17,2024-12-17/2024-12-23,Treadwell Mills,,
2024-12-18 18:00:00,2024-12-18,18,2024-12-17/2024-12-23,Treadwell Mills,,
2024-12-18 19:00:00,2024-12-18,19,2024-12-17/2024-12-23,Treadwell Mills,,
2024-12-18 20:00:00,2024-12-18,20,2024-12-17/2024-12-23,Treadwell Mills,,
2024-12-18 21:00:00,2024-12-18,21,2024-12-17/2024-12-23,Treadwell Mills,,
2024-12-18 22:00:00,2024-12-18,22,2024-12-17/2024-12-23,Treadwell Mills,,
2024-12-18 23:00:00,2024-12-18,23,2024-12-17/2024-12-23,Treadwell Mills,,
2024-12-19 00:00:00,2024-12-19,0,2024-12-17/2024-12-23,Treadwell Mills,,
2024-12-19 01:00:00,2024-12-19,1,2024-12-17/2024-12-23,Treadwell Mills,,
2024-12-19 02:00:00,2024-12-19,2,2024-12-17/2024-12-23,Treadwell Mills,,
2024-12-19 03:00:00,2024-12-19,3,2024-12-17/2024-12-23,Treadwell Mills,,
2024-12-19 04:00:00,2024-12-19,4,2024-12-17/2024-12-23,Treadwell Mills,,
2024-12-19 05:00:00,2024-12-19,5,2024-12-17/2024-12-23,Treadwell Mills,,
2024-12-19 06:00:00,2024-12-19,6,2024-12-17/2024-12-23,Treadwell Mills,,
2024-12-19 07:00:00,2024-12-19,7,2024-12-17/2024-12-23,Treadwell Mills,,
2024-12-19 08:00:00,2024-12-19,8,2024-12-17/2024-12-23,Treadwell Mills,,
2024-12-19 09:00:00,2024-12-19,9,2024-12-17/2024-12-23,Treadwell Mills,,
2024-12-19 10:00:00,2024-12-19,10,2024-12-17/2024-12-23,Treadwell Mills,,
2024-12-19 11:00:00,2024-12-19,11,2024-12-17/2024-12-23,Treadwell Mills,,
2024-12-19 12:00:00,2024-12-19,12,2024-12-17/2024-12-23,Treadwell Mills,,
2024-12-19 13:00:00,2024-12-19,13,2024-12-17/2024-12-23,Treadwell Mills,,
2024-12-19 14:00:00,2024-12-19,14,2024-12-17/2024-12-23,Treadwell Mills,,
2024-12-19 15:00:00,2024-12-19,15,2024-12-17/2024-12-23,Treadwell Mills,,
2024-12-19 16:00:00,2024-12-19,16,2024-12-17/2024-12-23,Treadwell Mills,,
2024-12-19 17:00:00,2024-12-19,17,2024-12-17/2024-12-23,Treadwell Mills,,
2024-12-19 18:00:00,2024-12-19,18,2024-12-17/2024-12-23,Treadwell Mills,,
2024-12-19 19:00:00,2024-12-19,19,2024-12-17/2024-12-23,Treadwell Mills,,
2024-12-19 20:00:00,2024-12-19,20,2024-12-17/2024-12-23,Treadwell Mills,,
2024-12-19 21:00:00,2024-12-19,21,2024-12-17/2024-12-23,Treadwell Mills,,
2024-12-19 22:00:00,2024-12-19,22,2024-12-17/2024-12-23,Treadwell Mills,,
2024-12-19 23:00:00,2024-12-19,23,2024-12-17/2024-12-23,Treadwell Mills,,
2024-12-20 00:00:00,2024-12-20,0,2024-12-17/2024-12-23,Treadwell Mills,,
2024-12-20 01:00:00,2024-12-20,1,2024-12-17/2024-12-23,Treadwell Mills,,
2024-12-20 02:00:00,2024-12-20,2,2024-12-17/2024-12-23,Treadwell Mills,,
2024-12-20 03:00:00,2024-12-20,3,2024-12-17/2024-12-23,Treadwell Mills,,
2024-12-20 04:00:00,2024-12-20,4,2024-12-17/2024-12-23,Treadwell Mills,,
2024-12-20 05:00:00,2024-12-20,5,2024-12-17/2024-12-23,Treadwell Mills,,
2024-12-20 06:00:00,2024-12-20,6,2024-12-17/2024-12-23,Treadwell Mills,,
2024-12-20 07:00:00,2024-12-20,7,2024-12-17/2024-12-23,Treadwell Mills,,
2024-12-20 08:00:00,2024-12-20,8,2024-12-17/2024-12-23,Treadwell Mills,,
2024-12-20 09:00:00,2024-12-20,9,2024-12-17/2024-12-23,Treadwell Mills,,
2024-12-20 10:00:00,2024-12-20,10,2024-12-17/2024-12-23,Treadwell Mills,,
2024-12-20 11:00:00,2024-12-20,11,2024-12-17/2024-12-23,Treadwell Mills,,
2024-12-20 12:00:00,2024-12-20,12,2024-12-17/2024-12-23,Treadwell Mills,,
2024-12-20 13:00:00,2024-12-20,13,2024-12-17/2024-12-23,Treadwell Mills,,
2024-12-20 14:00:00,2024-12-20,14,2024-12-17/2024-12-23,Treadwell Mills,,
2024-12-20 15:00:00,2024-12-20,15,2024-12-17/2024-12-23,Treadwell Mills,,
2024-12-20 16:00:00,2024-12-20,16,2024-12-17/2024-12-23,Treadwell Mills,,
2024-12-20 17:00:00,2024-12-20,17,2024-12-17/2024-12-23,Treadwell Mills,,
2024-12-20 18:00:00,2024-12-20,18,2024-12-17/2024-12-23,Treadwell Mills,,
2024-12-20 19:00:00,2024-12-20,19,2024-12-17/2024-12-23,Treadwell Mills,,
2024-12-20 20:00:00,2024-12-20,20,2024-12-17/2024-12-23,Treadwell Mills,,
2024-12-20 21:00:00,2024-12-20,21,2024-12-17/2024-12-23,Treadwell Mills,,
2024-12-20 22:00:00,2024-12-20,22,2024-12-17/2024-12-23,Treadwell Mills,,
2024-12-20 23:00:00,2024-12-20,23,2024-12-17/2024-12-23,Treadwell Mills,,
2024-12-21 00:00:00,2024-12-21,0,2024-12-17/2024-12-23,Treadwell Mills,,
2024-12-21 01:00:00,2024-12-21,1,2024-12-17/2024-12-23,Treadwell Mills,12.6,6.4
2024-12-21 02:00:00,2024-12-21,2,2024-12-17/2024-12-23,Treadwell Mills,12.2,6.3
2024-12-21 03:00:00,2024-12-21,3,2024-12-17/2024-12-23,Treadwell Mills,11.8,5.9
2024-12-21 04:00:00,2024-12-21,4,2024-12-17/2024-12-23,Treadwell Mills,12.4,6.3
2024-12-21 05:00:00,2024-12-21,5,2024-12-17/2024-12-23,Treadwell Mills,8.6,5.5
2024-12-21 06:00:00,2024-12-21,6,2024-12-17/2024-12-23,Treadwell Mills,6.8,4.5
2024-12-21 07:00:00,2024-12-21,7,2024-12-17/2024-12-23,Treadwell Mills,5.3,3.1
2024-12-21 08:00:00,2024-12-21,8,2024-12-17/2024-12-23,Treadwell Mills,2.9,1.7
2024-12-21 09:00:00,2024-12-21,9,2024-12-17/2024-12-23,Treadwell Mills,3.8,2.4
2024-12-21 10:00:00,2024-12-21,10,2024-12-17/2024-12-23,Treadwell Mills,3.9,2.3
2024-12-21 11:00:00,2024-12-21,11,2024-12-17/2024-12-23,Treadwell Mills,5.2,2.7
2024-12-21 12:00:00,2024-12-21,12,2024-12-17/2024-12-23,Treadwell Mills,8.7,5.1
2024-12-21 13:00:00,2024-12-21,13,2024-12-17/2024-12-23,Treadwell Mills,21.8,11.9
2024-12-21 14:00:00,2024-12-21,14,2024-12-17/2024-12-23,Treadwell Mills,20.6,12.2
2024-12-21 15:00:00,2024-12-21,15,2024-12-17/2024-12-23,Treadwell Mills,17.1,9.6
2024-12-21 16:00:00,2024-12-21,16,2024-12-17/2024-12-23,Treadwell Mills,20.6,10.9
2024-12-21 17:00:00,2024-12-21,17,2024-12-17/2024-12-23,Treadwell Mills,14.1,8.1
2024-12-21 18:00:00,2024-12-21,18,2024-12-17/2024-12-23,Treadwell Mills,14.6,7.7
2024-12-21 19:00:00,2024-12-21,19,2024-12-17/2024-12-23,Treadwell Mills,6.8,4.0
2024-12-21 20:00:00,2024-12-21,20,2024-12-17/2024-12-23,Treadwell Mills,8.9,4.8
2024-12-21 21:00:00,2024-12-21,21,2024-12-17/2024-12-23,Treadwell Mills,9.5,5.4
2024-12-21 22:00:00,2024-12-21,22,2024-12-17/2024-12-23,Treadwell Mills,11.3,5.7
2024-12-21 23:00:00,2024-12-21,23,2024-12-17/2024-12-23,Treadwell Mills,14.9,7.1
2024-12-22 00:00:00,2024-12-22,0,2024-12-17/2024-12-23,Treadwell Mills,15.4,7.4
2024-12-22 01:00:00,2024-12-22,1,2024-12-17/2024-12-23,Treadwell Mills,10.4,5.2
2024-12-22 02:00:00,2024-12-22,2,2024-12-17/2024-12-23,Treadwell Mills,10.4,4.6
2024-12-22 03:00:00,2024-12-22,3,2024-12-17/2024-12-23,Treadwell Mills,8.9,3.9
2024-12-22 04:00:00,2024-12-22,4,2024-12-17/2024-12-23,Treadwell Mills,6.1,3.4
2024-12-22 05:00:00,2024-12-22,5,2024-12-17/2024-12-23,Treadwell Mills,8.3,4.2
2024-12-22 06:00:00,2024-12-22,6,2024-12-17/2024-12-23,Treadwell Mills,5.2,2.6
2024-12-22 07:00:00,2024-12-22,7,2024-12-17/2024-12-23,Treadwell Mills,9.3,3.4
2024-12-22 08:00:00,2024-12-22,8,2024-12-17/2024-12-23,Treadwell Mills,4.7,2.0
2024-12-22 09:00:00,2024-12-22,9,2024-12-17/2024-12-23,Treadwell Mills,7.0,3.2
2024-12-22 10:00:00,2024-12-22,10,2024-12-17/2024-12-23,Treadwell Mills,7.5,3.4
2024-12-22 11:00:00,2024-12-22,11,2024-12-17/2024-12-23,Treadwell Mills,4.9,2.9
2024-12-22 12:00:00,2024-12-22,12,2024-12-17/2024-12-23,Treadwell Mills,6.3,3.5
2024-12-22 13:00:00,2024-12-22,13,2024-12-17/2024-12-23,Treadwell Mills,3.7,2.0
2024-12-22 14:00:00,2024-12-22,14,2024-12-17/2024-12-23,Treadwell Mills,8.8,4.3
2024-12-22 15:00:00,2024-12-22,15,2024-12-17/2024-12-23,Treadwell Mills,10.1,5.6
2024-12-22 16:00:00,2024-12-22,16,2024-12-17/2024-12-23,Treadwell Mills,12.5,6.4
2024-12-22 17:00:00,2024-12-22,17,2024-12-17/2024-12-23,Treadwell Mills,19.8,10.3
2024-12-22 18:00:00,2024-12-22,18,2024-12-17/2024-12-23,Treadwell Mills,21.0,10.0
2024-12-22 19:00:00,2024-12-22,19,2024-12-17/2024-12-23,Treadwell Mills,19.6,10.0
2024-12-22 20:00:00,2024-12-22,20,2024-12-17/2024-12-23,Treadwell Mills,20.4,10.4
2024-12-22 21:00:00,2024-12-22,21,2024-12-17/2024-12-23,Treadwell Mills,21.2,10.5
2024-12-22 22:00:00,2024-12-22,22,2024-12-17/2024-12-23,Treadwell Mills,20.3,10.1
2024-12-22 23:00:00,2024-12-22,23,2024-12-17/2024-12-23,Treadwell Mills,19.3,9.5
2024-12-23 00:00:00,2024-12-23,0,2024-12-17/2024-12-23,Treadwell Mills,17.1,8.4
2024-12-23 01:00:00,2024-12-23,1,2024-12-17/2024-12-23,Treadwell Mills,16.4,8.0
2024-12-23 02:00:00,2024-12-23,2,2024-12-17/2024-12-23,Treadwell Mills,14.9,7.3
2024-12-23 03:00:00,2024-12-23,3,2024-12-17/2024-12-23,Treadwell Mills,14.6,7.2
2024-12-23 04:00:00,2024-12-23,4,2024-12-17/2024-12-23,Treadwell Mills,15.0,7.2
2024-12-23 05:00:00,2024-12-23,5,2024-12-17/2024-12-23,Treadwell Mills,14.4,7.0
2024-12-23 06:00:00,2024-12-23,6,2024-12-17/2024-12-23,Treadwell Mills,14.6,7.0
2024-12-23 07:00:00,2024-12-23,7,2024-12-17/2024-12-23,Treadwell Mills,13.8,6.5
2024-12-23 08:00:00,2024-12-23,8,2024-12-17/2024-12-23,Treadwell Mills,34.0,8.4
2024-12-23 09:00:00,2024-12-23,9,2024-12-17/2024-12-23,Treadwell Mills,69.6,13.6
2024-12-23 10:00:00,2024-12-23,10,2024-12-17/2024-12-23,Treadwell Mills,62.6,13.9
2024-12-23 11:00:00,2024-12-23,11,2024-12-17/2024-12-23,Treadwell Mills,23.9,7.9
2024-12-23 12:00:00,2024-12-23,12,2024-12-17/2024-12-23,Treadwell Mills,16.8,7.9
2024-12-23 13:00:00,2024-12-23,13,2024-12-17/2024-12-23,Treadwell Mills,13.0,6.9
2024-12-23 14:00:00,2024-12-23,14,2024-12-17/2024-12-23,Treadwell Mills,14.5,8.2
2024-12-23 15:00:00,2024-12-23,15,2024-12-17/2024-12-23,Treadwell Mills,11.8,6.6
2024-12-23 16:00:00,2024-12-23,16,2024-12-17/2024-12-23,Treadwell Mills,8.0,5.4
2024-12-23 17:00:00,2024-12-23,17,2024-12-17/2024-12-23,Treadwell Mills,7.1,5.2
2024-12-23 18:00:00,2024-12-23,18,2024-12-17/2024-12-23,Treadwell Mills,10.5,8.4
2024-12-23 19:00:00,2024-12-23,19,2024-12-17/2024-12-23,Treadwell Mills,11.2,9.6
2024-12-23 20:00:00,2024-12-23,20,2024-12-17/2024-12-23,Treadwell Mills,10.9,9.6
2024-12-23 21:00:00,2024-12-23,21,2024-12-17/2024-12-23,Treadwell Mills,7.6,6.6
2024-12-23 22:00:00,2024-12-23,22,2024-12-17/2024-12-23,Treadwell Mills,5.0,4.1
2024-12-23 23:00:00,2024-12-23,23,2024-12-17/2024-12-23,Treadwell Mills,4.7,3.8
2024-12-24 00:00:00,2024-12-24,0,2024-12-24/2024-12-30,Treadwell Mills,3.1,2.7
2024-12-24 01:00:00,2024-12-24,1,2024-12-24/2024-12-30,Treadwell Mills,2.1,1.8
2024-12-24 02:00:00,2024-12-24,2,2024-12-24/2024-12-30,Treadwell Mills,2.7,2.1
2024-12-24 03:00:00,2024-12-24,3,2024-12-24/2024-12-30,Treadwell Mills,3.6,2.9
2024-12-24 04:00:00,2024-12-24,4,2024-12-24/2024-12-30,Treadwell Mills,2.0,1.5
2024-12-24 05:00:00,2024-12-24,5,2024-12-24/2024-12-30,Treadwell Mills,2.2,1.4
2024-12-24 06:00:00,2024-12-24,6,2024-12-24/2024-12-30,Treadwell Mills,1.5,1.0
2024-12-24 07:00:00,2024-12-24,7,2024-12-24/2024-12-30,Treadwell Mills,1.8,1.2
2024-12-24 08:00:00,2024-12-24,8,2024-12-24/2024-12-30,Treadwell Mills,4.2,2.1
2024-12-24 09:00:00,2024-12-24,9,2024-12-24/2024-12-30,Treadwell Mills,3.4,1.1
2024-12-24 10:00:00,2024-12-24,10,2024-12-24/2024-12-30,Treadwell Mills,2.8,1.2
2024-12-24 11:00:00,2024-12-24,11,2024-12-24/2024-12-30,Treadwell Mills,2.9,1.1
2024-12-24 12:00:00,2024-12-24,12,2024-12-24/2024-12-30,Treadwell Mills,2.8,1.4
2024-12-24 13:00:00,2024-12-24,13,2024-12-24/2024-12-30,Treadwell Mills,1.9,1.2
2024-12-24 14:00:00,2024-12-24,14,2024-12-24/2024-12-30,Treadwell Mills,2.0,1.2
2024-12-24 15:00:00,2024-12-24,15,2024-12-24/2024-12-30,Treadwell Mills,3.2,1.8
2024-12-24 16:00:00,2024-12-24,16,2024-12-24/2024-12-30,Treadwell Mills,4.5,3.0
2024-12-24 17:00:00,2024-12-24,17,2024-12-24/2024-12-30,Treadwell Mills,5.5,4.2
2024-12-24 18:00:00,2024-12-24,18,2024-12-24/2024-12-30,Treadwell Mills,3.6,2.8
2024-12-24 19:00:00,2024-12-24,19,2024-12-24/2024-12-30,Treadwell Mills,3.9,3.1
2024-12-24 20:00:00,2024-12-24,20,2024-12-24/2024-12-30,Treadwell Mills,4.2,3.6
2024-12-24 21:00:00,2024-12-24,21,2024-12-24/2024-12-30,Treadwell Mills,5.0,4.2
2024-12-24 22:00:00,2024-12-24,22,2024-12-24/2024-12-30,Treadwell Mills,5.5,4.4
2024-12-24 23:00:00,2024-12-24,23,2024-12-24/2024-12-30,Treadwell Mills,4.3,3.1
2024-12-25 00:00:00,2024-12-25,0,2024-12-24/2024-12-30,Treadwell Mills,5.5,4.4
2024-12-25 01:00:00,2024-12-25,1,2024-12-24/2024-12-30,Treadwell Mills,5.2,4.5
2024-12-25 02:00:00,2024-12-25,2,2024-12-24/2024-12-30,Treadwell Mills,2.4,2.0
2024-12-25 03:00:00,2024-12-25,3,2024-12-24/2024-12-30,Treadwell Mills,1.6,1.3
2024-12-25 04:00:00,2024-12-25,4,2024-12-24/2024-12-30,Treadwell Mills,2.7,1.8
2024-12-25 05:00:00,2024-12-25,5,2024-12-24/2024-12-30,Treadwell Mills,2.7,1.9
2024-12-25 06:00:00,2024-12-25,6,2024-12-24/2024-12-30,Treadwell Mills,0.6,0.4
2024-12-25 07:00:00,2024-12-25,7,2024-12-24/2024-12-30,Treadwell Mills,0.3,0.3
2024-12-25 08:00:00,2024-12-25,8,2024-12-24/2024-12-30,Treadwell Mills,0.9,0.6
2024-12-25 09:00:00,2024-12-25,9,2024-12-24/2024-12-30,Treadwell Mills,1.2,0.9
2024-12-25 10:00:00,2024-12-25,10,2024-12-24/2024-12-30,Treadwell Mills,2.1,1.5
2024-12-25 11:00:00,2024-12-25,11,2024-12-24/2024-12-30,Treadwell Mills,4.2,2.7
2024-12-25 12:00:00,2024-12-25,12,2024-12-24/2024-12-30,Treadwell Mills,4.0,3.1
2024-12-25 13:00:00,2024-12-25,13,2024-12-24/2024-12-30,Treadwell Mills,2.8,1.8
2024-12-25 14:00:00,2024-12-25,14,2024-12-24/2024-12-30,Treadwell Mills,2.7,1.9
2024-12-25 15:00:00,2024-12-25,15,2024-12-24/2024-12-30,Treadwell Mills,2.0,1.5
2024-12-25 16:00:00,2024-12-25,16,2024-12-24/2024-12-30,Treadwell Mills,1.9,1.5
2024-12-25 17:00:00,2024-12-25,17,2024-12-24/2024-12-30,Treadwell Mills,3.3,2.6
2024-12-25 18:00:00,2024-12-25,18,2024-12-24/2024-12-30,Treadwell Mills,2.8,2.1
2024-12-25 19:00:00,2024-12-25,19,2024-12-24/2024-12-30,Treadwell Mills,3.3,2.6
2024-12-25 20:00:00,2024-12-25,20,2024-12-24/2024-12-30,Treadwell Mills,3.8,2.9
2024-12-25 21:00:00,2024-12-25,21,2024-12-24/2024-12-30,Treadwell Mills,4.0,3.0
2024-12-25 22:00:00,2024-12-25,22,2024-12-24/2024-12-30,Treadwell Mills,4.3,3.3
2024-12-25 23:00:00,2024-12-25,23,2024-12-24/2024-12-30,Treadwell Mills,3.3,2.4
2024-12-26 00:00:00,2024-12-26,0,2024-12-24/2024-12-30,Treadwell Mills,4.0,3.3
2024-12-26 01:00:00,2024-12-26,1,2024-12-24/2024-12-30,Treadwell Mills,4.9,4.1
2024-12-26 02:00:00,2024-12-26,2,2024-12-24/2024-12-30,Treadwell Mills,8.0,6.8
2024-12-26 03:00:00,2024-12-26,3,2024-12-24/2024-12-30,Treadwell Mills,11.6,10.4
2024-12-26 04:00:00,2024-12-26,4,2024-12-24/2024-12-30,Treadwell Mills,10.0,8.9
2024-12-26 05:00:00,2024-12-26,5,2024-12-24/2024-12-30,Treadwell Mills,7.4,6.6
2024-12-26 06:00:00,2024-12-26,6,2024-12-24/2024-12-30,Treadwell Mills,8.1,7.3
2024-12-26 07:00:00,2024-12-26,7,2024-12-24/2024-12-30,Treadwell Mills,8.8,7.9
2024-12-26 08:00:00,2024-12-26,8,2024-12-24/2024-12-30,Treadwell Mills,9.7,8.6
2024-12-26 09:00:00,2024-12-26,9,2024-12-24/2024-12-30,Treadwell Mills,7.3,5.7
2024-12-26 10:00:00,2024-12-26,10,2024-12-24/2024-12-30,Treadwell Mills,9.5,7.9
2024-12-26 11:00:00,2024-12-26,11,2024-12-24/2024-12-30,Treadwell Mills,14.1,11.0
2024-12-26 12:00:00,2024-12-26,12,2024-12-24/2024-12-30,Treadwell Mills,8.7,7.4
2024-12-26 13:00:00,2024-12-26,13,2024-12-24/2024-12-30,Treadwell Mills,13.2,11.6
2024-12-26 14:00:00,2024-12-26,14,2024-12-24/2024-12-30,Treadwell Mills,12.1,9.5
2024-12-26 15:00:00,2024-12-26,15,2024-12-24/2024-12-30,Treadwell Mills,9.4,8.0
2024-12-26 16:00:00,2024-12-26,16,2024-12-24/2024-12-30,Treadwell Mills,12.3,10.9
2024-12-26 17:00:00,2024-12-26,17,2024-12-24/2024-12-30,Treadwell Mills,14.2,12.5
2024-12-26 18:00:00,2024-12-26,18,2024-12-24/2024-12-30,Treadwell Mills,15.1,13.4
2024-12-26 19:00:00,2024-12-26,19,2024-12-24/2024-12-30,Treadwell Mills,16.8,15.1
2024-12-26 20:00:00,2024-12-26,20,2024-12-24/2024-12-30,Treadwell Mills,13.3,12.0
2024-12-26 21:00:00,2024-12-26,21,2024-12-24/2024-12-30,Treadwell Mills,13.9,12.8
2024-12-26 22:00:00,2024-12-26,22,2024-12-24/2024-12-30,Treadwell Mills,11.1,10.1
2024-12-26 23:00:00,2024-12-26,23,2024-12-24/2024-12-30,Treadwell Mills,11.9,10.7
2024-12-27 00:00:00,2024-12-27,0,2024-12-24/2024-12-30,Treadwell Mills,14.7,13.4
2024-12-27 01:00:00,2024-12-27,1,2024-12-24/2024-12-30,Treadwell Mills,11.7,10.4
2024-12-27 02:00:00,2024-12-27,2,2024-12-24/2024-12-30,Treadwell Mills,8.5,7.9
2024-12-27 03:00:00,2024-12-27,3,2024-12-24/2024-12-30,Treadwell Mills,8.9,8.1
2024-12-27 04:00:00,2024-12-27,4,2024-12-24/2024-12-30,Treadwell Mills,9.2,8.4
2024-12-27 05:00:00,2024-12-27,5,2024-12-24/2024-12-30,Treadwell Mills,4.8,4.4
2024-12-27 06:00:00,2024-12-27,6,2024-12-24/2024-12-30,Treadwell Mills,6.7,6.0
2024-12-27 07:00:00,2024-12-27,7,2024-12-24/2024-12-30,Treadwell Mills,5.1,4.4
2024-12-27 08:00:00,2024-12-27,8,2024-12-24/2024-12-30,Treadwell Mills,5.2,4.7
2024-12-27 09:00:00,2024-12-27,9,2024-12-24/2024-12-30,Treadwell Mills,8.1,6.8
2024-12-27 10:00:00,2024-12-27,10,2024-12-24/2024-12-30,Treadwell Mills,10.8,8.8
2024-12-27 11:00:00,2024-12-27,11,2024-12-24/2024-12-30,Treadwell Mills,7.0,5.2
2024-12-27 12:00:00,2024-12-27,12,2024-12-24/2024-12-30,Treadwell Mills,5.9,4.6
2024-12-27 13:00:00,2024-12-27,13,2024-12-24/2024-12-30,Treadwell Mills,5.3,4.4
2024-12-27 14:00:00,2024-12-27,14,2024-12-24/2024-12-30,Treadwell Mills,7.3,5.9
2024-12-27 15:00:00,2024-12-27,15,2024-12-24/2024-12-30,Treadwell Mills,8.4,7.0
2024-12-27 16:00:00,2024-12-27,16,2024-12-24/2024-12-30,Treadwell Mills,7.9,6.5
2024-12-27 17:00:00,2024-12-27,17,2024-12-24/2024-12-30,Treadwell Mills,9.4,8.1
2024-12-27 18:00:00,2024-12-27,18,2024-12-24/2024-12-30,Treadwell Mills,10.2,9.0
2024-12-27 19:00:00,2024-12-27,19,2024-12-24/2024-12-30,Treadwell Mills,10.0,9.1
2024-12-27 20:00:00,2024-12-27,20,2024-12-24/2024-12-30,Treadwell Mills,11.3,9.7
2024-12-27 21:00:00,2024-12-27,21,2024-12-24/2024-12-30,Treadwell Mills,8.9,8.1
2024-12-27 22:00:00,2024-12-27,22,2024-12-24/2024-12-30,Treadwell Mills,9.3,8.5
2024-12-27 23:00:00,2024-12-27,23,2024-12-24/2024-12-30,Treadwell Mills,10.8,9.8
2024-12-28 00:00:00,2024-12-28,0,2024-12-24/2024-12-30,Treadwell Mills,11.5,10.3
2024-12-28 01:00:00,2024-12-28,1,2024-12-24/2024-12-30,Treadwell Mills,11.6,10.5
2024-12-28 02:00:00,2024-12-28,2,2024-12-24/2024-12-30,Treadwell Mills,11.8,10.9
2024-12-28 03:00:00,2024-12-28,3,2024-12-24/2024-12-30,Treadwell Mills,9.8,9.1
2024-12-28 04:00:00,2024-12-28,4,2024-12-24/2024-12-30,Treadwell Mills,13.2,12.2
2024-12-28 05:00:00,2024-12-28,5,2024-12-24/2024-12-30,Treadwell Mills,10.9,10.0
2024-12-28 06:00:00,2024-12-28,6,2024-12-24/2024-12-30,Treadwell Mills,8.7,7.8
2024-12-28 07:00:00,2024-12-28,7,2024-12-24/2024-12-30,Treadwell Mills,8.9,8.0
2024-12-28 08:00:00,2024-12-28,8,2024-12-24/2024-12-30,Treadwell Mills,6.8,6.1
2024-12-28 09:00:00,2024-12-28,9,2024-12-24/2024-12-30,Treadwell Mills,7.1,6.0
2024-12-28 10:00:00,2024-12-28,10,2024-12-24/2024-12-30,Treadwell Mills,10.8,9.4
2024-12-28 11:00:00,2024-12-28,11,2024-12-24/2024-12-30,Treadwell Mills,14.8,9.4
2024-12-28 12:00:00,2024-12-28,12,2024-12-24/2024-12-30,Treadwell Mills,5.9,3.7
2024-12-28 13:00:00,2024-12-28,13,2024-12-24/2024-12-30,Treadwell Mills,3.7,2.6
2024-12-28 14:00:00,2024-12-28,14,2024-12-24/2024-12-30,Treadwell Mills,2.8,1.9
2024-12-28 15:00:00,2024-12-28,15,2024-12-24/2024-12-30,Treadwell Mills,2.5,1.9
2024-12-28 16:00:00,2024-12-28,16,2024-12-24/2024-12-30,Treadwell Mills,4.0,3.0
2024-12-28 17:00:00,2024-12-28,17,2024-12-24/2024-12-30,Treadwell Mills,4.8,4.1
2024-12-28 18:00:00,2024-12-28,18,2024-12-24/2024-12-30,Treadwell Mills,4.6,4.0
2024-12-28 19:00:00,2024-12-28,19,2024-12-24/2024-12-30,Treadwell Mills,4.1,3.5
2024-12-28 20:00:00,2024-12-28,20,2024-12-24/2024-12-30,Treadwell Mills,5.2,4.3
2024-12-28 21:00:00,2024-12-28,21,2024-12-24/2024-12-30,Treadwell Mills,6.8,6.0
2024-12-28 22:00:00,2024-12-28,22,2024-12-24/2024-12-30,Treadwell Mills,6.5,5.6
2024-12-28 23:00:00,2024-12-28,23,2024-12-24/2024-12-30,Treadwell Mills,2.2,1.9
2024-12-29 00:00:00,2024-12-29,0,2024-12-24/2024-12-30,Treadwell Mills,1.9,1.6
2024-12-29 01:00:00,2024-12-29,1,2024-12-24/2024-12-30,Treadwell Mills,3.1,2.6
2024-12-29 02:00:00,2024-12-29,2,2024-12-24/2024-12-30,Treadwell Mills,1.9,1.6
2024-12-29 03:00:00,2024-12-29,3,2024-12-24/2024-12-30,Treadwell Mills,2.8,1.9
2024-12-29 04:00:00,2024-12-29,4,2024-12-24/2024-12-30,Treadwell Mills,3.0,2.1
2024-12-29 05:00:00,2024-12-29,5,2024-12-24/2024-12-30,Treadwell Mills,2.8,1.6
2024-12-29 06:00:00,2024-12-29,6,2024-12-24/2024-12-30,Treadwell Mills,5.0,2.5
2024-12-29 07:00:00,2024-12-29,7,2024-12-24/2024-12-30,Treadwell Mills,6.6,2.9
2024-12-29 08:00:00,2024-12-29,8,2024-12-24/2024-12-30,Treadwell Mills,5.4,2.8
2024-12-29 09:00:00,2024-12-29,9,2024-12-24/2024-12-30,Treadwell Mills,6.1,2.9
2024-12-29 10:00:00,2024-12-29,10,2024-12-24/2024-12-30,Treadwell Mills,6.9,3.3
2024-12-29 11:00:00,2024-12-29,11,2024-12-24/2024-12-30,Treadwell Mills,7.1,3.3
2024-12-29 12:00:00,2024-12-29,12,2024-12-24/2024-12-30,Treadwell Mills,10.8,3.8
2024-12-29 13:00:00,2024-12-29,13,2024-12-24/2024-12-30,Treadwell Mills,13.0,4.7
2024-12-29 14:00:00,2024-12-29,14,2024-12-24/2024-12-30,Treadwell Mills,12.3,4.3
2024-12-29 15:00:00,2024-12-29,15,2024-12-24/2024-12-30,Treadwell Mills,13.1,4.5
2024-12-29 16:00:00,2024-12-29,16,2024-12-24/2024-12-30,Treadwell Mills,7.2,3.8
2024-12-29 17:00:00,2024-12-29,17,2024-12-24/2024-12-30,Treadwell Mills,4.1,2.8
2024-12-29 18:00:00,2024-12-29,18,2024-12-24/2024-12-30,Treadwell Mills,3.2,2.5
2024-12-29 19:00:00,2024-12-29,19,2024-12-24/2024-12-30,Treadwell Mills,5.8,3.4
2024-12-29 20:00:00,2024-12-29,20,2024-12-24/2024-12-30,Treadwell Mills,11.4,7.6
2024-12-29 21:00:00,2024-12-29,21,2024-12-24/2024-12-30,Treadwell Mills,7.9,4.8
2024-12-29 22:00:00,2024-12-29,22,2024-12-24/2024-12-30,Treadwell Mills,7.9,4.9
2024-12-29 23:00:00,2024-12-29,23,2024-12-24/2024-12-30,Treadwell Mills,8.7,5.7
2024-12-30 00:00:00,2024-12-30,0,2024-12-24/2024-12-30,Treadwell Mills,7.2,4.3
2024-12-30 01:00:00,2024-12-30,1,2024-12-24/2024-12-30,Treadwell Mills,7.0,4.5
2024-12-30 02:00:00,2024-12-30,2,2024-12-24/2024-12-30,Treadwell Mills,5.5,3.3
2024-12-30 03:00:00,2024-12-30,3,2024-12-24/2024-12-30,Treadwell Mills,3.9,2.1
2024-12-30 04:00:00,2024-12-30,4,2024-12-24/2024-12-30,Treadwell Mills,3.3,1.9
2024-12-30 05:00:00,2024-12-30,5,2024-12-24/2024-12-30,Treadwell Mills,3.3,1.8
2024-12-30 06:00:00,2024-12-30,6,2024-12-24/2024-12-30,Treadwell Mills,4.0,2.3
2024-12-30 07:00:00,2024-12-30,7,2024-12-24/2024-12-30,Treadwell Mills,5.7,3.9
2024-12-30 08:00:00,2024-12-30,8,2024-12-24/2024-12-30,Treadwell Mills,5.1,3.2
2024-12-30 09:00:00,2024-12-30,9,2024-12-24/2024-12-30,Treadwell Mills,3.6,2.4
2024-12-30 10:00:00,2024-12-30,10,2024-12-24/2024-12-30,Treadwell Mills,3.3,2.0
2024-12-30 11:00:00,2024-12-30,11,2024-12-24/2024-12-30,Treadwell Mills,6.2,2.9
2024-12-30 12:00:00,2024-12-30,12,2024-12-24/2024-12-30,Treadwell Mills,7.8,3.3
2024-12-30 13:00:00,2024-12-30,13,2024-12-24/2024-12-30,Treadwell Mills,11.8,3.7
2024-12-30 14:00:00,2024-12-30,14,2024-12-24/2024-12-30,Treadwell Mills,14.1,4.4
2024-12-30 15:00:00,2024-12-30,15,2024-12-24/2024-12-30,Treadwell Mills,8.4,3.2
2024-12-30 16:00:00,2024-12-30,16,2024-12-24/2024-12-30,Treadwell Mills,7.8,3.6
2024-12-30 17:00:00,2024-12-30,17,2024-12-24/2024-12-30,Treadwell Mills,8.7,4.8
2024-12-30 18:00:00,2024-12-30,18,2024-12-24/2024-12-30,Treadwell Mills,10.5,6.1
2024-12-30 19:00:00,2024-12-30,19,2024-12-24/2024-12-30,Treadwell Mills,7.8,4.9
2024-12-30 20:00:00,2024-12-30,20,2024-12-24/2024-12-30,Treadwell Mills,5.7,4.0
2024-12-30 21:00:00,2024-12-30,21,2024-12-24/2024-12-30,Treadwell Mills,4.6,3.8
2024-12-30 22:00:00,2024-12-30,22,2024-12-24/2024-12-30,Treadwell Mills,4.3,3.4
2024-12-30 23:00:00,2024-12-30,23,2024-12-24/2024-12-30,Treadwell Mills,3.4,2.7
2024-12-31 00:00:00,2024-12-31,0,2024-12-31/2025-01-06,Treadwell Mills,2.9,2.1
2024-12-31 01:00:00,2024-12-31,1,2024-12-31/2025-01-06,Treadwell Mills,1.7,1.2
2024-12-31 02:00:00,2024-12-31,2,2024-12-31/2025-01-06,Treadwell Mills,2.0,1.4
2024-12-31 03:00:00,2024-12-31,3,2024-12-31/2025-01-06,Treadwell Mills,2.9,1.7
2024-12-31 04:00:00,2024-12-31,4,2024-12-31/2025-01-06,Treadwell Mills,3.1,1.6
2024-12-31 05:00:00,2024-12-31,5,2024-12-31/2025-01-06,Treadwell Mills,1.8,1.2
2024-12-31 06:00:00,2024-12-31,6,2024-12-31/2025-01-06,Treadwell Mills,1.9,1.0
2024-12-31 07:00:00,2024-12-31,7,2024-12-31/2025-01-06,Treadwell Mills,1.5,0.8
2024-12-31 08:00:00,2024-12-31,8,2024-12-31/2025-01-06,Treadwell Mills,2.0,1.1
2024-12-31 09:00:00,2024-12-31,9,2024-12-31/2025-01-06,Treadwell Mills,3.2,1.4
2024-12-31 10:00:00,2024-12-31,10,2024-12-31/2025-01-06,Treadwell Mills,5.2,1.9
2024-12-31 11:00:00,2024-12-31,11,2024-12-31/2025-01-06,Treadwell Mills,8.6,2.8
2024-12-31 12:00:00,2024-12-31,12,2024-12-31/2025-01-06,Treadwell Mills,13.5,3.9
2024-12-31 13:00:00,2024-12-31,13,2024-12-31/2025-01-06,Treadwell Mills,12.0,4.2
2024-12-31 14:00:00,2024-12-31,14,2024-12-31/2025-01-06,Treadwell Mills,11.7,4.3
2024-12-31 15:00:00,2024-12-31,15,2024-12-31/2025-01-06,Treadwell Mills,11.8,4.5
2024-12-31 16:00:00,2024-12-31,16,2024-12-31/2025-01-06,Treadwell Mills,8.9,4.1
2024-12-31 17:00:00,2024-12-31,17,2024-12-31/2025-01-06,Treadwell Mills,7.1,4.1
2024-12-31 18:00:00,2024-12-31,18,2024-12-31/2025-01-06,Treadwell Mills,4.8,2.8
2024-12-31 19:00:00,2024-12-31,19,2024-12-31/2025-01-06,Treadwell Mills,4.5,2.7
2024-12-31 20:00:00,2024-12-31,20,2024-12-31/2025-01-06,Treadwell Mills,2.9,2.1
2024-12-31 21:00:00,2024-12-31,21,2024-12-31/2025-01-06,Treadwell Mills,2.8,1.7
2024-12-31 22:00:00,2024-12-31,22,2024-12-31/2025-01-06,Treadwell Mills,3.0,2.3
2024-12-31 23:00:00,2024-12-31,23,2024-12-31/2025-01-06,Treadwell Mills,2.2,1.5
2025-01-01 00:00:00,2025-01-01,0,2024-12-31/2025-01-06,Treadwell Mills,2.6,2.0
2025-01-01 01:00:00,2025-01-01,1,2024-12-31/2025-01-06,Treadwell Mills,5.5,4.5
2025-01-01 02:00:00,2025-01-01,2,2024-12-31/2025-01-06,Treadwell Mills,1.9,1.4
2025-01-01 03:00:00,2025-01-01,3,2024-12-31/2025-01-06,Treadwell Mills,1.7,1.2
2025-01-01 04:00:00,2025-01-01,4,2024-12-31/2025-01-06,Treadwell Mills,0.8,0.7
2025-01-01 05:00:00,2025-01-01,5,2024-12-31/2025-01-06,Treadwell Mills,0.9,0.6
2025-01-01 06:00:00,2025-01-01,6,2024-12-31/2025-01-06,Treadwell Mills,0.7,0.5
2025-01-01 07:00:00,2025-01-01,7,2024-12-31/2025-01-06,Treadwell Mills,0.8,0.4
2025-01-01 08:00:00,2025-01-01,8,2024-12-31/2025-01-06,Treadwell Mills,1.0,0.6
2025-01-01 09:00:00,2025-01-01,9,2024-12-31/2025-01-06,Treadwell Mills,4.1,1.8
2025-01-01 10:00:00,2025-01-01,10,2024-12-31/2025-01-06,Treadwell Mills,5.1,2.5
2025-01-01 11:00:00,2025-01-01,11,2024-12-31/2025-01-06,Treadwell Mills,4.5,2.5
2025-01-01 12:00:00,2025-01-01,12,2024-12-31/2025-01-06,Treadwell Mills,5.0,2.7
2025-01-01 13:00:00,2025-01-01,13,2024-12-31/2025-01-06,Treadwell Mills,5.0,2.7
2025-01-01 14:00:00,2025-01-01,14,2024-12-31/2025-01-06,Treadwell Mills,4.1,2.3
2025-01-01 15:00:00,2025-01-01,15,2024-12-31/2025-01-06,Treadwell Mills,5.8,2.7
2025-01-01 16:00:00,2025-01-01,16,2024-12-31/2025-01-06,Treadwell Mills,4.0,2.2
2025-01-01 17:00:00,2025-01-01,17,2024-12-31/2025-01-06,Treadwell Mills,1.8,1.2
2025-01-01 18:00:00,2025-01-01,18,2024-12-31/2025-01-06,Treadwell Mills,6.3,2.3
2025-01-01 19:00:00,2025-01-01,19,2024-12-31/2025-01-06,Treadwell Mills,5.8,2.8
2025-01-01 20:00:00,2025-01-01,20,2024-12-31/2025-01-06,Treadwell Mills,9.9,4.8
2025-01-01 21:00:00,2025-01-01,21,2024-12-31/2025-01-06,Treadwell Mills,9.9,5.2
2025-01-01 22:00:00,2025-01-01,22,2024-12-31/2025-01-06,Treadwell Mills,9.7,5.0
2025-01-01 23:00:00,2025-01-01,23,2024-12-31/2025-01-06,Treadwell Mills,8.7,4.6
2025-01-02 00:00:00,2025-01-02,0,2024-12-31/2025-01-06,Treadwell Mills,8.5,4.6
2025-01-02 01:00:00,2025-01-02,1,2024-12-31/2025-01-06,Treadwell Mills,7.2,3.8
2025-01-02 02:00:00,2025-01-02,2,2024-12-31/2025-01-06,Treadwell Mills,6.8,4.0
2025-01-02 03:00:00,2025-01-02,3,2024-12-31/2025-01-06,Treadwell Mills,6.4,3.7
2025-01-02 04:00:00,2025-01-02,4,2024-12-31/2025-01-06,Treadwell Mills,4.7,2.8
2025-01-02 05:00:00,2025-01-02,5,2024-12-31/2025-01-06,Treadwell Mills,4.4,2.5
2025-01-02 06:00:00,2025-01-02,6,2024-12-31/2025-01-06,Treadwell Mills,5.2,2.7
2025-01-02 07:00:00,2025-01-02,7,2024-12-31/2025-01-06,Treadwell Mills,6.1,3.1
2025-01-02 08:00:00,2025-01-02,8,2024-12-31/2025-01-06,Treadwell Mills,7.6,4.7
2025-01-02 09:00:00,2025-01-02,9,2024-12-31/2025-01-06,Treadwell Mills,5.6,3.0
2025-01-02 10:00:00,2025-01-02,10,2024-12-31/2025-01-06,Treadwell Mills,5.6,2.9
2025-01-02 11:00:00,2025-01-02,11,2024-12-31/2025-01-06,Treadwell Mills,5.5,3.1
2025-01-02 12:00:00,2025-01-02,12,2024-12-31/2025-01-06,Treadwell Mills,6.3,3.4
2025-01-02 13:00:00,2025-01-02,13,2024-12-31/2025-01-06,Treadwell Mills,15.5,3.9
2025-01-02 14:00:00,2025-01-02,14,2024-12-31/2025-01-06,Treadwell Mills,55.2,6.6
2025-01-02 15:00:00,2025-01-02,15,2024-12-31/2025-01-06,Treadwell Mills,40.9,6.6
2025-01-02 16:00:00,2025-01-02,16,2024-12-31/2025-01-06,Treadwell Mills,31.9,5.3
2025-01-02 17:00:00,2025-01-02,17,2024-12-31/2025-01-06,Treadwell Mills,26.4,7.0
2025-01-02 18:00:00,2025-01-02,18,2024-12-31/2025-01-06,Treadwell Mills,26.5,6.8
2025-01-02 19:00:00,2025-01-02,19,2024-12-31/2025-01-06,Treadwell Mills,20.1,6.0
2025-01-02 20:00:00,2025-01-02,20,2024-12-31/2025-01-06,Treadwell Mills,13.8,7.4
2025-01-02 21:00:00,2025-01-02,21,2024-12-31/2025-01-06,Treadwell Mills,12.6,7.5
2025-01-02 22:00:00,2025-01-02,22,2024-12-31/2025-01-06,Treadwell Mills,6.2,4.3
2025-01-02 23:00:00,2025-01-02,23,2024-12-31/2025-01-06,Treadwell Mills,5.5,4.1
2025-01-03 00:00:00,2025-01-03,0,2024-12-31/2025-01-06,Treadwell Mills,5.8,4.2
2025-01-03 01:00:00,2025-01-03,1,2024-12-31/2025-01-06,Treadwell Mills,3.9,2.7
2025-01-03 02:00:00,2025-01-03,2,2024-12-31/2025-01-06,Treadwell Mills,4.5,2.8
2025-01-03 03:00:00,2025-01-03,3,2024-12-31/2025-01-06,Treadwell Mills,3.8,2.1
2025-01-03 04:00:00,2025-01-03,4,2024-12-31/2025-01-06,Treadwell Mills,4.7,2.0
2025-01-03 05:00:00,2025-01-03,5,2024-12-31/2025-01-06,Treadwell Mills,4.2,2.2
2025-01-03 06:00:00,2025-01-03,6,2024-12-31/2025-01-06,Treadwell Mills,3.8,2.5
2025-01-03 07:00:00,2025-01-03,7,2024-12-31/2025-01-06,Treadwell Mills,3.3,2.1
2025-01-03 08:00:00,2025-01-03,8,2024-12-31/2025-01-06,Treadwell Mills,5.8,3.3
2025-01-03 09:00:00,2025-01-03,9,2024-12-31/2025-01-06,Treadwell Mills,4.6,2.6
2025-01-03 10:00:00,2025-01-03,10,2024-12-31/2025-01-06,Treadwell Mills,6.0,3.1
2025-01-03 11:00:00,2025-01-03,11,2024-12-31/2025-01-06,Treadwell Mills,7.2,3.4
2025-01-03 12:00:00,2025-01-03,12,2024-12-31/2025-01-06,Treadwell Mills,7.7,4.0
2025-01-03 13:00:00,2025-01-03,13,2024-12-31/2025-01-06,Treadwell Mills,5.0,2.5
2025-01-03 14:00:00,2025-01-03,14,2024-12-31/2025-01-06,Treadwell Mills,4.5,2.5
2025-01-03 15:00:00,2025-01-03,15,2024-12-31/2025-01-06,Treadwell Mills,5.8,3.1
2025-01-03 16:00:00,2025-01-03,16,2024-12-31/2025-01-06,Treadwell Mills,7.5,4.8
2025-01-03 17:00:00,2025-01-03,17,2024-12-31/2025-01-06,Treadwell Mills,8.0,5.4
2025-01-03 18:00:00,2025-01-03,18,2024-12-31/2025-01-06,Treadwell Mills,10.5,7.4
2025-01-03 19:00:00,2025-01-03,19,2024-12-31/2025-01-06,Treadwell Mills,11.8,9.2
2025-01-03 20:00:00,2025-01-03,20,2024-12-31/2025-01-06,Treadwell Mills,10.6,7.2
2025-01-03 21:00:00,2025-01-03,21,2024-12-31/2025-01-06,Treadwell Mills,9.3,6.4
2025-01-03 22:00:00,2025-01-03,22,2024-12-31/2025-01-06,Treadwell Mills,19.2,10.9
2025-01-03 23:00:00,2025-01-03,23,2024-12-31/2025-01-06,Treadwell Mills,28.2,15.7
2025-01-04 00:00:00,2025-01-04,0,2024-12-31/2025-01-06,Treadwell Mills,18.5,10.8
2025-01-04 01:00:00,2025-01-04,1,2024-12-31/2025-01-06,Treadwell Mills,19.1,12.3
2025-01-04 02:00:00,2025-01-04,2,2024-12-31/2025-01-06,Treadwell Mills,11.4,8.3
2025-01-04 03:00:00,2025-01-04,3,2024-12-31/2025-01-06,Treadwell Mills,9.6,6.9
2025-01-04 04:00:00,2025-01-04,4,2024-12-31/2025-01-06,Treadwell Mills,6.5,4.8
2025-01-04 05:00:00,2025-01-04,5,2024-12-31/2025-01-06,Treadwell Mills,6.1,4.5
2025-01-04 06:00:00,2025-01-04,6,2024-12-31/2025-01-06,Treadwell Mills,10.0,8.2
2025-01-04 07:00:00,2025-01-04,7,2024-12-31/2025-01-06,Treadwell Mills,9.7,6.6
2025-01-04 08:00:00,2025-01-04,8,2024-12-31/2025-01-06,Treadwell Mills,32.1,26.7
2025-01-04 09:00:00,2025-01-04,9,2024-12-31/2025-01-06,Treadwell Mills,14.3,11.1
2025-01-04 10:00:00,2025-01-04,10,2024-12-31/2025-01-06,Treadwell Mills,14.2,11.7
2025-01-04 11:00:00,2025-01-04,11,2024-12-31/2025-01-06,Treadwell Mills,15.2,12.0
2025-01-04 12:00:00,2025-01-04,12,2024-12-31/2025-01-06,Treadwell Mills,12.9,10.1
2025-01-04 13:00:00,2025-01-04,13,2024-12-31/2025-01-06,Treadwell Mills,10.4,8.2
2025-01-04 14:00:00,2025-01-04,14,2024-12-31/2025-01-06,Treadwell Mills,7.2,5.8
2025-01-04 15:00:00,2025-01-04,15,2024-12-31/2025-01-06,Treadwell Mills,9.2,6.6
2025-01-04 16:00:00,2025-01-04,16,2024-12-31/2025-01-06,Treadwell Mills,21.7,16.3
2025-01-04 17:00:00,2025-01-04,17,2024-12-31/2025-01-06,Treadwell Mills,27.0,22.5
2025-01-04 18:00:00,2025-01-04,18,2024-12-31/2025-01-06,Treadwell Mills,24.0,19.5
2025-01-04 19:00:00,2025-01-04,19,2024-12-31/2025-01-06,Treadwell Mills,19.0,15.7
2025-01-04 20:00:00,2025-01-04,20,2024-12-31/2025-01-06,Treadwell Mills,23.4,19.8
2025-01-04 21:00:00,2025-01-04,21,2024-12-31/2025-01-06,Treadwell Mills,27.0,23.2
2025-01-04 22:00:00,2025-01-04,22,2024-12-31/2025-01-06,Treadwell Mills,28.5,25.3
2025-01-04 23:00:00,2025-01-04,23,2024-12-31/2025-01-06,Treadwell Mills,29.3,25.6
2025-01-05 00:00:00,2025-01-05,0,2024-12-31/2025-01-06,Treadwell Mills,22.3,17.6
2025-01-05 01:00:00,2025-01-05,1,2024-12-31/2025-01-06,Treadwell Mills,15.2,10.8
2025-01-05 02:00:00,2025-01-05,2,2024-12-31/2025-01-06,Treadwell Mills,17.4,15.5
2025-01-05 03:00:00,2025-01-05,3,2024-12-31/2025-01-06,Treadwell Mills,71.1,64.8
2025-01-05 04:00:00,2025-01-05,4,2024-12-31/2025-01-06,Treadwell Mills,52.6,48.1
2025-01-05 05:00:00,2025-01-05,5,2024-12-31/2025-01-06,Treadwell Mills,39.7,35.7
2025-01-05 06:00:00,2025-01-05,6,2024-12-31/2025-01-06,Treadwell Mills,1.7,1.3
2025-01-05 07:00:00,2025-01-05,7,2024-12-31/2025-01-06,Treadwell Mills,8.0,7.0
2025-01-05 08:00:00,2025-01-05,8,2024-12-31/2025-01-06,Treadwell Mills,1.8,1.5
2025-01-05 09:00:00,2025-01-05,9,2024-12-31/2025-01-06,Treadwell Mills,0.4,0.3
2025-01-05 10:00:00,2025-01-05,10,2024-12-31/2025-01-06,Treadwell Mills,1.5,0.8
2025-01-05 11:00:00,2025-01-05,11,2024-12-31/2025-01-06,Treadwell Mills,5.0,1.6
2025-01-05 12:00:00,2025-01-05,12,2024-12-31/2025-01-06,Treadwell Mills,6.1,1.8
2025-01-05 13:00:00,2025-01-05,13,2024-12-31/2025-01-06,Treadwell Mills,3.7,1.5
2025-01-05 14:00:00,2025-01-05,14,2024-12-31/2025-01-06,Treadwell Mills,3.0,1.7
2025-01-05 15:00:00,2025-01-05,15,2024-12-31/2025-01-06,Treadwell Mills,3.0,1.8
2025-01-05 16:00:00,2025-01-05,16,2024-12-31/2025-01-06,Treadwell Mills,4.0,2.2
2025-01-05 17:00:00,2025-01-05,17,2024-12-31/2025-01-06,Treadwell Mills,3.4,2.3
2025-01-05 18:00:00,2025-01-05,18,2024-12-31/2025-01-06,Treadwell Mills,3.1,2.4
2025-01-05 19:00:00,2025-01-05,19,2024-12-31/2025-01-06,Treadwell Mills,2.7,2.1
2025-01-05 20:00:00,2025-01-05,20,2024-12-31/2025-01-06,Treadwell Mills,2.0,1.6
2025-01-05 21:00:00,2025-01-05,21,2024-12-31/2025-01-06,Treadwell Mills,1.6,1.3
2025-01-05 22:00:00,2025-01-05,22,2024-12-31/2025-01-06,Treadwell Mills,1.3,1.0
2025-01-05 23:00:00,2025-01-05,23,2024-12-31/2025-01-06,Treadwell Mills,1.3,1.0
2025-01-06 00:00:00,2025-01-06,0,2024-12-31/2025-01-06,Treadwell Mills,2.1,1.4
2025-01-06 01:00:00,2025-01-06,1,2024-12-31/2025-01-06,Treadwell Mills,1.1,0.8
2025-01-06 02:00:00,2025-01-06,2,2024-12-31/2025-01-06,Treadwell Mills,0.9,0.7
2025-01-06 03:00:00,2025-01-06,3,2024-12-31/2025-01-06,Treadwell Mills,0.8,0.7
2025-01-06 04:00:00,2025-01-06,4,2024-12-31/2025-01-06,Treadwell Mills,0.6,0.5
2025-01-06 05:00:00,2025-01-06,5,2024-12-31/2025-01-06,Treadwell Mills,0.6,0.5
2025-01-06 06:00:00,2025-01-06,6,2024-12-31/2025-01-06,Treadwell Mills,1.3,0.5
2025-01-06 07:00:00,2025-01-06,7,2024-12-31/2025-01-06,Treadwell Mills,1.6,0.6
2025-01-06 08:00:00,2025-01-06,8,2024-12-31/2025-01-06,Treadwell Mills,2.6,0.8
2025-01-06 09:00:00,2025-01-06,9,2024-12-31/2025-01-06,Treadwell Mills,4.2,1.0
2025-01-06 10:00:00,2025-01-06,10,2024-12-31/2025-01-06,Treadwell Mills,3.4,1.1
2025-01-06 11:00:00,2025-01-06,11,2024-12-31/2025-01-06,Treadwell Mills,3.0,1.2
2025-01-06 12:00:00,2025-01-06,12,2024-12-31/2025-01-06,Treadwell Mills,2.8,1.2
2025-01-06 13:00:00,2025-01-06,13,2024-12-31/2025-01-06,Treadwell Mills,3.4,1.5
2025-01-06 14:00:00,2025-01-06,14,2024-12-31/2025-01-06,Treadwell Mills,2.1,1.4
2025-01-06 15:00:00,2025-01-06,15,2024-12-31/2025-01-06,Treadwell Mills,3.3,1.8
2025-01-06 16:00:00,2025-01-06,16,2024-12-31/2025-01-06,Treadwell Mills,4.7,1.8
2025-01-06 17:00:00,2025-01-06,17,2024-12-31/2025-01-06,Treadwell Mills,6.1,2.6
2025-01-06 18:00:00,2025-01-06,18,2024-12-31/2025-01-06,Treadwell Mills,6.0,2.6
2025-01-06 19:00:00,2025-01-06,19,2024-12-31/2025-01-06,Treadwell Mills,7.2,3.3
2025-01-06 20:00:00,2025-01-06,20,2024-12-31/2025-01-06,Treadwell Mills,11.0,5.5
2025-01-06 21:00:00,2025-01-06,21,2024-12-31/2025-01-06,Treadwell Mills,8.1,4.4
2025-01-06 22:00:00,2025-01-06,22,2024-12-31/2025-01-06,Treadwell Mills,7.0,2.9
2025-01-06 23:00:00,2025-01-06,23,2024-12-31/2025-01-06,Treadwell Mills,3.9,2.4
2025-01-07 00:00:00,2025-01-07,0,2025-01-07/2025-01-13,Treadwell Mills,7.6,4.1
2025-01-07 01:00:00,2025-01-07,1,2025-01-07/2025-01-13,Treadwell Mills,8.1,4.2
2025-01-07 02:00:00,2025-01-07,2,2025-01-07/2025-01-13,Treadwell Mills,6.8,3.6
2025-01-07 03:00:00,2025-01-07,3,2025-01-07/2025-01-13,Treadwell Mills,3.9,2.5
2025-01-07 04:00:00,2025-01-07,4,2025-01-07/2025-01-13,Treadwell Mills,1.9,1.4
2025-01-07 05:00:00,2025-01-07,5,2025-01-07/2025-01-13,Treadwell Mills,3.4,2.3
2025-01-07 06:00:00,2025-01-07,6,2025-01-07/2025-01-13,Treadwell Mills,6.3,2.9
2025-01-07 07:00:00,2025-01-07,7,2025-01-07/2025-01-13,Treadwell Mills,11.9,4.3
2025-01-07 08:00:00,2025-01-07,8,2025-01-07/2025-01-13,Treadwell Mills,9.0,3.9
2025-01-07 09:00:00,2025-01-07,9,2025-01-07/2025-01-13,Treadwell Mills,11.0,5.5
2025-01-07 10:00:00,2025-01-07,10,2025-01-07/2025-01-13,Treadwell Mills,10.2,5.1
2025-01-07 11:00:00,2025-01-07,11,2025-01-07/2025-01-13,Treadwell Mills,11.6,5.6
2025-01-07 12:00:00,2025-01-07,12,2025-01-07/2025-01-13,Treadwell Mills,8.8,3.5
2025-01-07 13:00:00,2025-01-07,13,2025-01-07/2025-01-13,Treadwell Mills,5.1,2.5
2025-01-07 14:00:00,2025-01-07,14,2025-01-07/2025-01-13,Treadwell Mills,7.3,2.8
2025-01-07 15:00:00,2025-01-07,15,2025-01-07/2025-01-13,Treadwell Mills,8.5,3.4
2025-01-07 16:00:00,2025-01-07,16,2025-01-07/2025-01-13,Treadwell Mills,3.6,1.7
2025-01-07 17:00:00,2025-01-07,17,2025-01-07/2025-01-13,Treadwell Mills,8.7,2.9
2025-01-07 18:00:00,2025-01-07,18,2025-01-07/2025-01-13,Treadwell Mills,6.8,3.1
2025-01-07 19:00:00,2025-01-07,19,2025-01-07/2025-01-13,Treadwell Mills,8.2,4.0
2025-01-07 20:00:00,2025-01-07,20,2025-01-07/2025-01-13,Treadwell Mills,9.2,4.9
2025-01-07 21:00:00,2025-01-07,21,2025-01-07/2025-01-13,Treadwell Mills,7.3,3.5
2025-01-07 22:00:00,2025-01-07,22,2025-01-07/2025-01-13,Treadwell Mills,8.6,4.8
2025-01-07 23:00:00,2025-01-07,23,2025-01-07/2025-01-13,Treadwell Mills,9.6,5.4
2025-01-08 00:00:00,2025-01-08,0,2025-01-07/2025-01-13,Treadwell Mills,8.9,4.4
2025-01-08 01:00:00,2025-01-08,1,2025-01-07/2025-01-13,Treadwell Mills,8.7,4.2
2025-01-08 02:00:00,2025-01-08,2,2025-01-07/2025-01-13,Treadwell Mills,8.0,3.4
2025-01-08 03:00:00,2025-01-08,3,2025-01-07/2025-01-13,Treadwell Mills,7.5,3.1
2025-01-08 04:00:00,2025-01-08,4,2025-01-07/2025-01-13,Treadwell Mills,7.3,3.0
2025-01-08 05:00:00,2025-01-08,5,2025-01-07/2025-01-13,Treadwell Mills,6.6,3.3
2025-01-08 06:00:00,2025-01-08,6,2025-01-07/2025-01-13,Treadwell Mills,8.4,3.8
2025-01-08 07:00:00,2025-01-08,7,2025-01-07/2025-01-13,Treadwell Mills,9.4,4.5
2025-01-08 08:00:00,2025-01-08,8,2025-01-07/2025-01-13,Treadwell Mills,10.5,5.5
2025-01-08 09:00:00,2025-01-08,9,2025-01-07/2025-01-13,Treadwell Mills,13.5,8.6
2025-01-08 10:00:00,2025-01-08,10,2025-01-07/2025-01-13,Treadwell Mills,12.2,6.1
2025-01-08 11:00:00,2025-01-08,11,2025-01-07/2025-01-13,Treadwell Mills,16.5,8.5
2025-01-08 12:00:00,2025-01-08,12,2025-01-07/2025-01-13,Treadwell Mills,16.6,9.3
2025-01-08 13:00:00,2025-01-08,13,2025-01-07/2025-01-13,Treadwell Mills,12.9,8.2
2025-01-08 14:00:00,2025-01-08,14,2025-01-07/2025-01-13,Treadwell Mills,18.4,12.5
2025-01-08 15:00:00,2025-01-08,15,2025-01-07/2025-01-13,Treadwell Mills,21.7,15.8
2025-01-08 16:00:00,2025-01-08,16,2025-01-07/2025-01-13,Treadwell Mills,23.2,17.1
2025-01-08 17:00:00,2025-01-08,17,2025-01-07/2025-01-13,Treadwell Mills,22.9,17.7
2025-01-08 18:00:00,2025-01-08,18,2025-01-07/2025-01-13,Treadwell Mills,22.2,18.0
2025-01-08 19:00:00,2025-01-08,19,2025-01-07/2025-01-13,Treadwell Mills,23.3,18.8
2025-01-08 20:00:00,2025-01-08,20,2025-01-07/2025-01-13,Treadwell Mills,25.1,20.6
2025-01-08 21:00:00,2025-01-08,21,2025-01-07/2025-01-13,Treadwell Mills,26.7,22.0
2025-01-08 22:00:00,2025-01-08,22,2025-01-07/2025-01-13,Treadwell Mills,32.4,25.1
2025-01-08 23:00:00,2025-01-08,23,2025-01-07/2025-01-13,Treadwell Mills,29.5,23.4
2025-01-09 00:00:00,2025-01-09,0,2025-01-07/2025-01-13,Treadwell Mills,29.8,23.9
2025-01-09 01:00:00,2025-01-09,1,2025-01-07/2025-01-13,Treadwell Mills,24.9,20.0
2025-01-09 02:00:00,2025-01-09,2,2025-01-07/2025-01-13,Treadwell Mills,23.2,19.3
2025-01-09 03:00:00,2025-01-09,3,2025-01-07/2025-01-13,Treadwell Mills,21.1,17.5
2025-01-09 04:00:00,2025-01-09,4,2025-01-07/2025-01-13,Treadwell Mills,22.3,17.6
2025-01-09 05:00:00,2025-01-09,5,2025-01-07/2025-01-13,Treadwell Mills,14.6,10.9
2025-01-09 06:00:00,2025-01-09,6,2025-01-07/2025-01-13,Treadwell Mills,15.8,11.6
2025-01-09 07:00:00,2025-01-09,7,2025-01-07/2025-01-13,Treadwell Mills,12.4,8.7
2025-01-09 08:00:00,2025-01-09,8,2025-01-07/2025-01-13,Treadwell Mills,10.1,7.4
2025-01-09 09:00:00,2025-01-09,9,2025-01-07/2025-01-13,Treadwell Mills,15.0,10.4
2025-01-09 10:00:00,2025-01-09,10,2025-01-07/2025-01-13,Treadwell Mills,25.0,16.7
2025-01-09 11:00:00,2025-01-09,11,2025-01-07/2025-01-13,Treadwell Mills,14.1,10.2
2025-01-09 12:00:00,2025-01-09,12,2025-01-07/2025-01-13,Treadwell Mills,12.7,8.8
2025-01-09 13:00:00,2025-01-09,13,2025-01-07/2025-01-13,Treadwell Mills,10.5,7.6
2025-01-09 14:00:00,2025-01-09,14,2025-01-07/2025-01-13,Treadwell Mills,11.2,7.5
2025-01-09 15:00:00,2025-01-09,15,2025-01-07/2025-01-13,Treadwell Mills,9.5,6.3
2025-01-09 16:00:00,2025-01-09,16,2025-01-07/2025-01-13,Treadwell Mills,8.3,5.3
2025-01-09 17:00:00,2025-01-09,17,2025-01-07/2025-01-13,Treadwell Mills,9.7,5.8
2025-01-09 18:00:00,2025-01-09,18,2025-01-07/2025-01-13,Treadwell Mills,8.1,5.4
2025-01-09 19:00:00,2025-01-09,19,2025-01-07/2025-01-13,Treadwell Mills,10.7,6.9
2025-01-09 20:00:00,2025-01-09,20,2025-01-07/2025-01-13,Treadwell Mills,14.4,10.0
2025-01-09 21:00:00,2025-01-09,21,2025-01-07/2025-01-13,Treadwell Mills,21.0,15.9
2025-01-09 22:00:00,2025-01-09,22,2025-01-07/2025-01-13,Treadwell Mills,20.6,15.4
2025-01-09 23:00:00,2025-01-09,23,2025-01-07/2025-01-13,Treadwell Mills,14.3,10.0
2025-01-10 00:00:00,2025-01-10,0,2025-01-07/2025-01-13,Treadwell Mills,13.8,10.8
2025-01-10 01:00:00,2025-01-10,1,2025-01-07/2025-01-13,Treadwell Mills,16.4,12.8
2025-01-10 02:00:00,2025-01-10,2,2025-01-07/2025-01-13,Treadwell Mills,14.7,11.2
2025-01-10 03:00:00,2025-01-10,3,2025-01-07/2025-01-13,Treadwell Mills,16.2,12.5
2025-01-10 04:00:00,2025-01-10,4,2025-01-07/2025-01-13,Treadwell Mills,20.2,16.6
2025-01-10 05:00:00,2025-01-10,5,2025-01-07/2025-01-13,Treadwell Mills,16.8,12.9
2025-01-10 06:00:00,2025-01-10,6,2025-01-07/2025-01-13,Treadwell Mills,19.4,15.1
2025-01-10 07:00:00,2025-01-10,7,2025-01-07/2025-01-13,Treadwell Mills,14.4,10.9
2025-01-10 08:00:00,2025-01-10,8,2025-01-07/2025-01-13,Treadwell Mills,23.0,13.6
2025-01-10 09:00:00,2025-01-10,9,2025-01-07/2025-01-13,Treadwell Mills,17.4,12.3
2025-01-10 10:00:00,2025-01-10,10,2025-01-07/2025-01-13,Treadwell Mills,20.4,13.7
2025-01-10 11:00:00,2025-01-10,11,2025-01-07/2025-01-13,Treadwell Mills,20.0,12.1
2025-01-10 12:00:00,2025-01-10,12,2025-01-07/2025-01-13,Treadwell Mills,18.6,12.0
2025-01-10 13:00:00,2025-01-10,13,2025-01-07/2025-01-13,Treadwell Mills,24.0,16.4
2025-01-10 14:00:00,2025-01-10,14,2025-01-07/2025-01-13,Treadwell Mills,21.2,12.5
2025-01-10 15:00:00,2025-01-10,15,2025-01-07/2025-01-13,Treadwell Mills,16.6,9.1
2025-01-10 16:00:00,2025-01-10,16,2025-01-07/2025-01-13,Treadwell Mills,19.5,10.4
2025-01-10 17:00:00,2025-01-10,17,2025-01-07/2025-01-13,Treadwell Mills,26.9,16.3
2025-01-10 18:00:00,2025-01-10,18,2025-01-07/2025-01-13,Treadwell Mills,36.8,26.3
2025-01-10 19:00:00,2025-01-10,19,2025-01-07/2025-01-13,Treadwell Mills,46.7,33.5
2025-01-10 20:00:00,2025-01-10,20,2025-01-07/2025-01-13,Treadwell Mills,33.4,23.9
2025-01-10 21:00:00,2025-01-10,21,2025-01-07/2025-01-13,Treadwell Mills,32.6,23.4
2025-01-10 22:00:00,2025-01-10,22,2025-01-07/2025-01-13,Treadwell Mills,31.4,23.0
2025-01-10 23:00:00,2025-01-10,23,2025-01-07/2025-01-13,Treadwell Mills,33.6,25.4
2025-01-11 00:00:00,2025-01-11,0,2025-01-07/2025-01-13,Treadwell Mills,35.6,27.9
2025-01-11 01:00:00,2025-01-11,1,2025-01-07/2025-01-13,Treadwell Mills,31.0,25.0
2025-01-11 02:00:00,2025-01-11,2,2025-01-07/2025-01-13,Treadwell Mills,30.2,24.3
2025-01-11 03:00:00,2025-01-11,3,2025-01-07/2025-01-13,Treadwell Mills,26.8,21.3
2025-01-11 04:00:00,2025-01-11,4,2025-01-07/2025-01-13,Treadwell Mills,26.1,21.1
2025-01-11 05:00:00,2025-01-11,5,2025-01-07/2025-01-13,Treadwell Mills,25.3,20.3
2025-01-11 06:00:00,2025-01-11,6,2025-01-07/2025-01-13,Treadwell Mills,21.1,16.6
2025-01-11 07:00:00,2025-01-11,7,2025-01-07/2025-01-13,Treadwell Mills,22.0,16.8
2025-01-11 08:00:00,2025-01-11,8,2025-01-07/2025-01-13,Treadwell Mills,20.4,15.4
2025-01-11 09:00:00,2025-01-11,9,2025-01-07/2025-01-13,Treadwell Mills,21.4,15.9
2025-01-11 10:00:00,2025-01-11,10,2025-01-07/2025-01-13,Treadwell Mills,28.9,21.6
2025-01-11 11:00:00,2025-01-11,11,2025-01-07/2025-01-13,Treadwell Mills,37.9,27.7
2025-01-11 12:00:00,2025-01-11,12,2025-01-07/2025-01-13,Treadwell Mills,32.6,22.8
2025-01-11 13:00:00,2025-01-11,13,2025-01-07/2025-01-13,Treadwell Mills,30.3,22.3
2025-01-11 14:00:00,2025-01-11,14,2025-01-07/2025-01-13,Treadwell Mills,26.5,19.7
2025-01-11 15:00:00,2025-01-11,15,2025-01-07/2025-01-13,Treadwell Mills,27.4,19.8
2025-01-11 16:00:00,2025-01-11,16,2025-01-07/2025-01-13,Treadwell Mills,29.2,21.7
2025-01-11 17:00:00,2025-01-11,17,2025-01-07/2025-01-13,Treadwell Mills,31.5,24.2
2025-01-11 18:00:00,2025-01-11,18,2025-01-07/2025-01-13,Treadwell Mills,39.8,30.8
2025-01-11 19:00:00,2025-01-11,19,2025-01-07/2025-01-13,Treadwell Mills,46.2,35.9
2025-01-11 20:00:00,2025-01-11,20,2025-01-07/2025-01-13,Treadwell Mills,48.0,38.1
2025-01-11 21:00:00,2025-01-11,21,2025-01-07/2025-01-13,Treadwell Mills,58.1,46.5
2025-01-11 22:00:00,2025-01-11,22,2025-01-07/2025-01-13,Treadwell Mills,50.0,39.9
2025-01-11 23:00:00,2025-01-11,23,2025-01-07/2025-01-13,Treadwell Mills,42.2,34.5
2025-01-12 00:00:00,2025-01-12,0,2025-01-07/2025-01-13,Treadwell Mills,51.9,43.2
2025-01-12 01:00:00,2025-01-12,1,2025-01-07/2025-01-13,Treadwell Mills,56.4,47.7
2025-01-12 02:00:00,2025-01-12,2,2025-01-07/2025-01-13,Treadwell Mills,52.8,45.4
2025-01-12 03:00:00,2025-01-12,3,2025-01-07/2025-01-13,Treadwell Mills,38.6,32.5
2025-01-12 04:00:00,2025-01-12,4,2025-01-07/2025-01-13,Treadwell Mills,30.4,26.0
2025-01-12 05:00:00,2025-01-12,5,2025-01-07/2025-01-13,Treadwell Mills,29.9,25.8
2025-01-12 06:00:00,2025-01-12,6,2025-01-07/2025-01-13,Treadwell Mills,30.4,26.4
2025-01-12 07:00:00,2025-01-12,7,2025-01-07/2025-01-13,Treadwell Mills,34.8,30.2
2025-01-12 08:00:00,2025-01-12,8,2025-01-07/2025-01-13,Treadwell Mills,32.2,26.5
2025-01-12 09:00:00,2025-01-12,9,2025-01-07/2025-01-13,Treadwell Mills,31.2,25.2
2025-01-12 10:00:00,2025-01-12,10,2025-01-07/2025-01-13,Treadwell Mills,35.4,28.4
2025-01-12 11:00:00,2025-01-12,11,2025-01-07/2025-01-13,Treadwell Mills,38.0,28.4
2025-01-12 12:00:00,2025-01-12,12,2025-01-07/2025-01-13,Treadwell Mills,43.0,29.4
2025-01-12 13:00:00,2025-01-12,13,2025-01-07/2025-01-13,Treadwell Mills,39.8,32.5
2025-01-12 14:00:00,2025-01-12,14,2025-01-07/2025-01-13,Treadwell Mills,22.4,15.2
2025-01-12 15:00:00,2025-01-12,15,2025-01-07/2025-01-13,Treadwell Mills,33.7,15.8
2025-01-12 16:00:00,2025-01-12,16,2025-01-07/2025-01-13,Treadwell Mills,23.4,15.5
2025-01-12 17:00:00,2025-01-12,17,2025-01-07/2025-01-13,Treadwell Mills,28.5,18.2
2025-01-12 18:00:00,2025-01-12,18,2025-01-07/2025-01-13,Treadwell Mills,29.9,20.4
2025-01-12 19:00:00,2025-01-12,19,2025-01-07/2025-01-13,Treadwell Mills,25.3,19.0
2025-01-12 20:00:00,2025-01-12,20,2025-01-07/2025-01-13,Treadwell Mills,37.1,24.7
2025-01-12 21:00:00,2025-01-12,21,2025-01-07/2025-01-13,Treadwell Mills,34.7,25.3
2025-01-12 22:00:00,2025-01-12,22,2025-01-07/2025-01-13,Treadwell Mills,27.3,19.4
2025-01-12 23:00:00,2025-01-12,23,2025-01-07/2025-01-13,Treadwell Mills,21.0,13.9
2025-01-13 00:00:00,2025-01-13,0,2025-01-07/2025-01-13,Treadwell Mills,14.7,10.3
2025-01-13 01:00:00,2025-01-13,1,2025-01-07/2025-01-13,Treadwell Mills,12.3,8.3
2025-01-13 02:00:00,2025-01-13,2,2025-01-07/2025-01-13,Treadwell Mills,9.1,6.6
2025-01-13 03:00:00,2025-01-13,3,2025-01-07/2025-01-13,Treadwell Mills,9.2,6.4
2025-01-13 04:00:00,2025-01-13,4,2025-01-07/2025-01-13,Treadwell Mills,8.1,5.8
2025-01-13 05:00:00,2025-01-13,5,2025-01-07/2025-01-13,Treadwell Mills,7.9,5.6
2025-01-13 06:00:00,2025-01-13,6,2025-01-07/2025-01-13,Treadwell Mills,12.6,5.6
2025-01-13 07:00:00,2025-01-13,7,2025-01-07/2025-01-13,Treadwell Mills,15.5,6.8
2025-01-13 08:00:00,2025-01-13,8,2025-01-07/2025-01-13,Treadwell Mills,15.2,6.4
2025-01-13 09:00:00,2025-01-13,9,2025-01-07/2025-01-13,Treadwell Mills,9.0,4.5
2025-01-13 10:00:00,2025-01-13,10,2025-01-07/2025-01-13,Treadwell Mills,11.5,5.3
2025-01-13 11:00:00,2025-01-13,11,2025-01-07/2025-01-13,Treadwell Mills,16.5,7.6
2025-01-13 12:00:00,2025-01-13,12,2025-01-07/2025-01-13,Treadwell Mills,23.6,12.2
2025-01-13 13:00:00,2025-01-13,13,2025-01-07/2025-01-13,Treadwell Mills,20.6,8.0
2025-01-13 14:00:00,2025-01-13,14,2025-01-07/2025-01-13,Treadwell Mills,22.4,9.2
2025-01-13 15:00:00,2025-01-13,15,2025-01-07/2025-01-13,Treadwell Mills,18.9,8.6
2025-01-13 16:00:00,2025-01-13,16,2025-01-07/2025-01-13,Treadwell Mills,18.5,8.6
2025-01-13 17:00:00,2025-01-13,17,2025-01-07/2025-01-13,Treadwell Mills,14.0,7.9
2025-01-13 18:00:00,2025-01-13,18,2025-01-07/2025-01-13,Treadwell Mills,9.9,6.8
2025-01-13 19:00:00,2025-01-13,19,2025-01-07/2025-01-13,Treadwell Mills,12.4,7.3
2025-01-13 20:00:00,2025-01-13,20,2025-01-07/2025-01-13,Treadwell Mills,11.5,7.8
2025-01-13 21:00:00,2025-01-13,21,2025-01-07/2025-01-13,Treadwell Mills,15.1,10.7
2025-01-13 22:00:00,2025-01-13,22,2025-01-07/2025-01-13,Treadwell Mills,14.1,9.7
2025-01-13 23:00:00,2025-01-13,23,2025-01-07/2025-01-13,Treadwell Mills,11.8,8.6
2025-01-14 00:00:00,2025-01-14,0,2025-01-14/2025-01-20,Treadwell Mills,12.7,9.2
2025-01-14 01:00:00,2025-01-14,1,2025-01-14/2025-01-20,Treadwell Mills,12.6,9.8
2025-01-14 02:00:00,2025-01-14,2,2025-01-14/2025-01-20,Treadwell Mills,7.6,5.9
2025-01-14 03:00:00,2025-01-14,3,2025-01-14/2025-01-20,Treadwell Mills,6.1,4.8
2025-01-14 04:00:00,2025-01-14,4,2025-01-14/2025-01-20,Treadwell Mills,5.1,4.2
2025-01-14 05:00:00,2025-01-14,5,2025-01-14/2025-01-20,Treadwell Mills,5.3,4.3
2025-01-14 06:00:00,2025-01-14,6,2025-01-14/2025-01-20,Treadwell Mills,5.9,4.2
2025-01-14 07:00:00,2025-01-14,7,2025-01-14/2025-01-20,Treadwell Mills,9.3,5.4
2025-01-14 08:00:00,2025-01-14,8,2025-01-14/2025-01-20,Treadwell Mills,8.0,5.8
2025-01-14 09:00:00,2025-01-14,9,2025-01-14/2025-01-20,Treadwell Mills,9.1,5.5
2025-01-14 10:00:00,2025-01-14,10,2025-01-14/2025-01-20,Treadwell Mills,6.8,4.2
2025-01-14 11:00:00,2025-01-14,11,2025-01-14/2025-01-20,Treadwell Mills,5.3,2.9
2025-01-14 12:00:00,2025-01-14,12,2025-01-14/2025-01-20,Treadwell Mills,7.2,3.6
2025-01-14 13:00:00,2025-01-14,13,2025-01-14/2025-01-20,Treadwell Mills,4.8,2.8
2025-01-14 14:00:00,2025-01-14,14,2025-01-14/2025-01-20,Treadwell Mills,4.4,2.5
2025-01-14 15:00:00,2025-01-14,15,2025-01-14/2025-01-20,Treadwell Mills,4.3,2.7
2025-01-14 16:00:00,2025-01-14,16,2025-01-14/2025-01-20,Treadwell Mills,4.6,3.1
2025-01-14 17:00:00,2025-01-14,17,2025-01-14/2025-01-20,Treadwell Mills,4.8,3.4
2025-01-14 18:00:00,2025-01-14,18,2025-01-14/2025-01-20,Treadwell Mills,5.2,4.2
2025-01-14 19:00:00,2025-01-14,19,2025-01-14/2025-01-20,Treadwell Mills,4.5,3.4
2025-01-14 20:00:00,2025-01-14,20,2025-01-14/2025-01-20,Treadwell Mills,4.6,3.6
2025-01-14 21:00:00,2025-01-14,21,2025-01-14/2025-01-20,Treadwell Mills,5.3,4.5
2025-01-14 22:00:00,2025-01-14,22,2025-01-14/2025-01-20,Treadwell Mills,5.7,4.8
2025-01-14 23:00:00,2025-01-14,23,2025-01-14/2025-01-20,Treadwell Mills,3.6,3.1
2025-01-15 00:00:00,2025-01-15,0,2025-01-14/2025-01-20,Treadwell Mills,2.1,1.6
2025-01-15 01:00:00,2025-01-15,1,2025-01-14/2025-01-20,Treadwell Mills,1.7,1.2
2025-01-15 02:00:00,2025-01-15,2,2025-01-14/2025-01-20,Treadwell Mills,1.3,0.9
2025-01-15 03:00:00,2025-01-15,3,2025-01-14/2025-01-20,Treadwell Mills,1.2,0.9
2025-01-15 04:00:00,2025-01-15,4,2025-01-14/2025-01-20,Treadwell Mills,2.4,2.1
2025-01-15 05:00:00,2025-01-15,5,2025-01-14/2025-01-20,Treadwell Mills,3.8,3.4
2025-01-15 06:00:00,2025-01-15,6,2025-01-14/2025-01-20,Treadwell Mills,1.9,1.5
2025-01-15 07:00:00,2025-01-15,7,2025-01-14/2025-01-20,Treadwell Mills,3.2,2.3
2025-01-15 08:00:00,2025-01-15,8,2025-01-14/2025-01-20,Treadwell Mills,2.9,2.3
2025-01-15 09:00:00,2025-01-15,9,2025-01-14/2025-01-20,Treadwell Mills,5.0,3.9
2025-01-15 10:00:00,2025-01-15,10,2025-01-14/2025-01-20,Treadwell Mills,14.6,7.3
2025-01-15 11:00:00,2025-01-15,11,2025-01-14/2025-01-20,Treadwell Mills,9.2,6.4
2025-01-15 12:00:00,2025-01-15,12,2025-01-14/2025-01-20,Treadwell Mills,11.0,8.3
2025-01-15 13:00:00,2025-01-15,13,2025-01-14/2025-01-20,Treadwell Mills,13.7,10.4
2025-01-15 14:00:00,2025-01-15,14,2025-01-14/2025-01-20,Treadwell Mills,17.0,11.1
2025-01-15 15:00:00,2025-01-15,15,2025-01-14/2025-01-20,Treadwell Mills,15.4,11.4
2025-01-15 16:00:00,2025-01-15,16,2025-01-14/2025-01-20,Treadwell Mills,19.7,15.6
2025-01-15 17:00:00,2025-01-15,17,2025-01-14/2025-01-20,Treadwell Mills,15.8,10.8
2025-01-15 18:00:00,2025-01-15,18,2025-01-14/2025-01-20,Treadwell Mills,14.7,11.7
2025-01-15 19:00:00,2025-01-15,19,2025-01-14/2025-01-20,Treadwell Mills,18.9,16.1
2025-01-15 20:00:00,2025-01-15,20,2025-01-14/2025-01-20,Treadwell Mills,27.7,23.8
2025-01-15 21:00:00,2025-01-15,21,2025-01-14/2025-01-20,Treadwell Mills,30.4,26.9
2025-01-15 22:00:00,2025-01-15,22,2025-01-14/2025-01-20,Treadwell Mills,22.3,20.3
2025-01-15 23:00:00,2025-01-15,23,2025-01-14/2025-01-20,Treadwell Mills,27.8,24.8
2025-01-16 00:00:00,2025-01-16,0,2025-01-14/2025-01-20,Treadwell Mills,30.9,27.5
2025-01-16 01:00:00,2025-01-16,1,2025-01-14/2025-01-20,Treadwell Mills,30.7,27.3
2025-01-16 02:00:00,2025-01-16,2,2025-01-14/2025-01-20,Treadwell Mills,29.8,26.3
2025-01-16 03:00:00,2025-01-16,3,2025-01-14/2025-01-20,Treadwell Mills,27.4,23.7
2025-01-16 04:00:00,2025-01-16,4,2025-01-14/2025-01-20,Treadwell Mills,24.7,22.0
2025-01-16 05:00:00,2025-01-16,5,2025-01-14/2025-01-20,Treadwell Mills,25.8,21.8
2025-01-16 06:00:00,2025-01-16,6,2025-01-14/2025-01-20,Treadwell Mills,26.3,21.5
2025-01-16 07:00:00,2025-01-16,7,2025-01-14/2025-01-20,Treadwell Mills,29.1,24.3
2025-01-16 08:00:00,2025-01-16,8,2025-01-14/2025-01-20,Treadwell Mills,41.2,35.7
2025-01-16 09:00:00,2025-01-16,9,2025-01-14/2025-01-20,Treadwell Mills,37.4,30.4
2025-01-16 10:00:00,2025-01-16,10,2025-01-14/2025-01-20,Treadwell Mills,41.5,29.8
2025-01-16 11:00:00,2025-01-16,11,2025-01-14/2025-01-20,Treadwell Mills,34.0,23.1
2025-01-16 12:00:00,2025-01-16,12,2025-01-14/2025-01-20,Treadwell Mills,42.2,25.5
2025-01-16 13:00:00,2025-01-16,13,2025-01-14/2025-01-20,Treadwell Mills,268.8,52.1
2025-01-16 14:00:00,2025-01-16,14,2025-01-14/2025-01-20,Treadwell Mills,87.7,15.2
2025-01-16 15:00:00,2025-01-16,15,2025-01-14/2025-01-20,Treadwell Mills,62.8,11.7
2025-01-16 16:00:00,2025-01-16,16,2025-01-14/2025-01-20,Treadwell Mills,91.3,18.4
2025-01-16 17:00:00,2025-01-16,17,2025-01-14/2025-01-20,Treadwell Mills,110.7,28.9
2025-01-16 18:00:00,2025-01-16,18,2025-01-14/2025-01-20,Treadwell Mills,245.3,57.6
2025-01-16 19:00:00,2025-01-16,19,2025-01-14/2025-01-20,Treadwell Mills,329.2,65.7
2025-01-16 20:00:00,2025-01-16,20,2025-01-14/2025-01-20,Treadwell Mills,209.0,45.5
2025-01-16 21:00:00,2025-01-16,21,2025-01-14/2025-01-20,Treadwell Mills,148.8,34.3
2025-01-16 22:00:00,2025-01-16,22,2025-01-14/2025-01-20,Treadwell Mills,132.3,32.4
2025-01-16 23:00:00,2025-01-16,23,2025-01-14/2025-01-20,Treadwell Mills,126.0,31.1
2025-01-17 00:00:00,2025-01-17,0,2025-01-14/2025-01-20,Treadwell Mills,62.4,20.6
